5000.000000000000	20.007816912915	5.973047167921	-1.830490376481	0.005401153252	0.007012382038	0.932704130059	-0.973983891238	0.006021207723	0.002872500057	0.183905719609	-0.439101778116	0.003027528011	0.000656824174	0.047836815207	-0.213792122282	0.002313474851	0.000306036623	0.011183016445	-0.128816262409	0.001802812462	-0.000077372141	-0.008301661372	-0.081269775840	0.001372690742	-0.000348951962	-0.014047439190	-0.049501129668	0.000962244200	-0.000405223450	-0.012996491901	-0.030440186910	0.000670366571	-0.000370557055	-0.011045225964	-0.019078370335	0.000495424567	-0.000355801177	-0.009818174382	-0.012897497931	0.000327383158	-0.000309060990	-0.007209045012	-0.007856937268	0.000224288272	-0.000231134183	-0.004541593926	-0.004916844789	0.000143556288	-0.000121069384	-0.001971945389	-0.002539785319
5000.000000000000	19.997717688748	5.783688788123	-1.805279951183	0.005359564462	0.007032374088	0.939973406474	-0.969427051069	0.006006599330	0.002946307483	0.188159645053	-0.438939403755	0.003023414804	0.000684585002	0.050108431390	-0.214115981713	0.002314588746	0.000316373422	0.012797460801	-0.129175333652	0.001815130019	-0.000046352978	-0.007196330602	-0.081875597836	0.001384297148	-0.000326189865	-0.013430875199	-0.050092450228	0.000981047091	-0.000387131873	-0.012670220504	-0.030915335433	0.000689825661	-0.000372542226	-0.010880296248	-0.019468050950	0.000509063080	-0.000353930667	-0.009791767077	-0.013226838627	0.000336422905	-0.000313488469	-0.007278664632	-0.008058194180	0.000228069651	-0.000235105962	-0.004620583264	-0.004995184217	0.000142007955	-0.000122815313	-0.002006590131	-0.002543228591
5000.000000000000	19.998648430370	5.764388628598	-1.795344992168	0.005339001079	0.007067893764	0.945011614338	-0.966379908273	0.006012715780	0.002990816754	0.191115321903	-0.438954656148	0.003027054979	0.000703186285	0.051631437245	-0.214425215444	0.002302201221	0.000333615869	0.013863283022	-0.129473712458	0.001822246952	-0.000036633277	-0.006478982154	-0.082315550612	0.001401253685	-0.000312748736	-0.013038929103	-0.050510534643	0.000988207786	-0.000380363128	-0.012457802811	-0.031251828188	0.000695084038	-0.000365361914	-0.010774461212	-0.019741359490	0.000520076569	-0.000353533190	-0.009784195504	-0.013467110704	0.000345978058	-0.000313697032	-0.007344136690	-0.008209790570	0.000231487183	-0.000239928603	-0.004693596583	-0.005060910951	0.000138000260	-0.000124907667	-0.002044511602	-0.002548079471
5000.000000000000	20.002982127805	5.810821855872	-1.792391745358	0.005302619493	0.007069691355	0.948474794604	-0.964347988825	0.005986849061	0.002997179285	0.193101556577	-0.438978706144	0.003031460003	0.000713916575	0.052606561842	-0.214632568707	0.002330029831	0.000350585695	0.014560068868	-0.129660981992	0.001824755735	-0.000023088571	-0.005998521052	-0.082585479896	0.001404043715	-0.000307248635	-0.012772831817	-0.050777937154	0.000990439707	-0.000373851362	-0.012306550959	-0.031453578045	0.000707228166	-0.000361528712	-0.010676564474	-0.019915237870	0.000516462218	-0.000350865342	-0.009762736407	-0.013621485845	0.000346298429	-0.000311435453	-0.007367026835	-0.008308679868	0.000234033075	-0.000239929336	-0.004727939920	-0.005105968946	0.000139830227	-0.000124307218	-0.002062601671	-0.002554557873
5000.000000000000	19.994529390273	5.877324468218	-1.792982739215	0.005319066913	0.007083980570	0.950304958288	-0.962782033387	0.005995760153	0.003025497992	0.194334809831	-0.438788810836	0.003025819978	0.000723942272	0.053273009701	-0.214653910056	0.002324952422	0.000355966776	0.015012333702	-0.129720290477	0.001825487699	-0.000012164437	-0.005683836156	-0.082686982255	0.001405453548	-0.000300137700	-0.012572578181	-0.050893781434	0.000994610486	-0.000374005112	-0.012186392348	-0.031558854688	0.000702557069	-0.000360947581	-0.010609515037	-0.020012408723	0.000525335662	-0.000350177923	-0.009724684323	-0.013696315772	0.000349122583	-0.000314344866	-0.007357301279	-0.008366072868	0.000236907213	-0.000241302613	-0.004732408808	-0.005134914554	0.000135620471	-0.000127028305	-0.002064333923	-0.002563089154
5000.000000000000	19.994633040553	5.949024797382	-1.794482949662	0.005322819923	0.007089582555	0.952070409272	-0.961692222743	0.005993265618	0.003034103368	0.195378162664	-0.438809852047	0.003031511370	0.000732708261	0.053752109230	-0.214736444513	0.002323763836	0.000381091805	0.015370344364	-0.129804331926	0.001830542021	-0.000008612844	-0.005425112165	-0.082806039055	0.001414042395	-0.000296488780	-0.012428248282	-0.051028172743	0.000998930560	-0.000375261654	-0.012106433746	-0.031650412148	0.000708405006	-0.000356025328	-0.010566077362	-0.020089586029	0.000529242420	-0.000347203727	-0.009705800703	-0.013767799568	0.000352785319	-0.000311255544	-0.007357794027	-0.008417804789	0.000238282741	-0.000239916614	-0.004741195644	-0.005157562754	0.000141152068	-0.000123545032	-0.002067988325	-0.002569502923
5000.000000000000	19.997699381333	6.018267871916	-1.796470689396	0.005292729116	0.007091148812	0.953570643718	-0.960904553289	0.006000009010	0.003037897778	0.196179413923	-0.438902732905	0.003050957129	0.000741467421	0.054125765919	-0.214823574306	0.002322448156	0.000367822022	0.015654935123	-0.129861876611	0.001827084009	-0.000006942891	-0.005218934158	-0.082907311086	0.001416920625	-0.000298140923	-0.012323357098	-0.051134410492	0.001005216335	-0.000373490388	-0.012044363508	-0.031730556515	0.000707865305	-0.000356865830	-0.010513557081	-0.020146984413	0.000532006420	-0.000347471900	-0.009692780272	-0.013830515687	0.000354636017	-0.000312008404	-0.007365029184	-0.008457061947	0.000237991837	-0.000241422686	-0.004750388967	-0.005174393181	0.000141169163	-0.000127313818	-0.002070293833	-0.002572541875
5000.000000000000	20.004905278330	6.086827959492	-1.798778170888	0.005304893303	0.007097319073	0.955058000947	-0.960368363737	0.006006418701	0.003044931937	0.196901526576	-0.439090241206	0.003034280083	0.000738569215	0.054420245846	-0.214926842033	0.002310684815	0.000377554839	0.015894864290	-0.129930139099	0.001828738508	0.000002253600	-0.005044970013	-0.083027055484	0.001415458006	-0.000294296986	-0.012233279385	-0.051246161115	0.001003683968	-0.000369985349	-0.011993773043	-0.031812914103	0.000705802236	-0.000357199555	-0.010505280274	-0.020220666630	0.000534885356	-0.000347364276	-0.009685689161	-0.013887854689	0.000357659439	-0.000315769628	-0.007376610060	-0.008495391369	0.000238831960	-0.000243826533	-0.004765077567	-0.005192357771	0.000138953993	-0.000129528337	-0.002076026574	-0.002576475432
5000.000000000000	19.993431553145	6.143153380521	-1.801380804234	0.005312172700	0.007109837384	0.955245234732	-0.959745247471	0.006000569075	0.003059230148	0.197174047439	-0.438834227316	0.003053198673	0.000743069021	0.054621249345	-0.214829585744	0.002318621923	0.000385659617	0.016020787696	-0.129887533140	0.001831302379	-0.000000046969	-0.004945223289	-0.083004849077	0.001414862010	-0.000293086565	-0.012155489193	-0.051248405890	0.001005767818	-0.000367192217	-0.011949612066	-0.031821578926	0.000713329651	-0.000358316369	-0.010471581496	-0.020217724713	0.000534043976	-0.000343011137	-0.009662710460	-0.013896984588	0.000358229497	-0.000312853591	-0.007360985443	-0.008501013622	0.000241111534	-0.000241583774	-0.004754151841	-0.005194160601	0.000144345098	-0.000133398503	-0.002068655118	-0.002577578878
5000.000000000000	20.002297150439	6.201511216947	-1.803567260818	0.005318907130	0.007114226576	0.956349478264	-0.959419379220	0.006012567066	0.003063715429	0.197682356159	-0.438991592490	0.003050995180	0.000749927988	0.054820635430	-0.214914417730	0.002327404072	0.000386314934	0.016198108707	-0.129934954729	0.001834271271	-0.000001816899	-0.004812593363	-0.083087044661	0.001419631859	-0.000289990430	-0.012090610639	-0.051331838127	0.001005694467	-0.000368704166	-0.011917333817	-0.031889344995	0.000720007057	-0.000352926114	-0.010458080248	-0.020287562292	0.000533802166	-0.000346904359	-0.009660186363	-0.013935455838	0.000358523462	-0.000313283042	-0.007367035608	-0.008527472168	0.000242193836	-0.000242479290	-0.004762825164	-0.005208797318	0.000149561429	-0.000129746808	-0.002073486726	-0.002580869406
5000.000000000000	19.995447192460	6.254465859289	-1.806274947206	0.005327742678	0.007109737805	0.956557423344	-0.959004796762	0.005996709394	0.003069327266	0.197873039219	-0.438850999417	0.003040844652	0.000747692450	0.054955805535	-0.214854022277	0.002339481510	0.000379486743	0.016307759835	-0.129896971891	0.001836217875	0.000001800315	-0.004727765572	-0.083082577848	0.001424659084	-0.000290921077	-0.012033053873	-0.051337505680	0.001007058437	-0.000365783805	-0.011877055873	-0.031890394002	0.000710978493	-0.000355565117	-0.010425138911	-0.020289735580	0.000521421364	-0.000354923672	-0.009645656365	-0.013944510580	0.000358586254	-0.000312971622	-0.007356232794	-0.008532824909	0.000241981935	-0.000241254208	-0.004754664996	-0.005209578016	0.000145562885	-0.000131833003	-0.002068051179	-0.002581205364
5000.000000000000	19.998209636119	6.308526726686	-1.808894376986	0.005327080674	0.007107285197	0.957223035271	-0.958774992122	0.006011086102	0.003091126200	0.198155947736	-0.438927247769	0.003044292752	0.000753890854	0.055081217550	-0.214889881901	0.002319539364	0.000372329146	0.016413059900	-0.129894001994	0.001834357532	-0.000001430557	-0.004635004061	-0.083123801845	0.001423220256	-0.000288954554	-0.011982913821	-0.051377649944	0.001012533093	-0.000364185391	-0.011856172923	-0.031929486476	0.000708551782	-0.000361771501	-0.010425496134	-0.020307846062	0.000536840462	-0.000351225326	-0.009637428039	-0.013973556568	0.000357962691	-0.000315019548	-0.007358398555	-0.008547963923	0.000241916806	-0.000242160195	-0.004757348398	-0.005218373611	0.000144039764	-0.000127222123	-0.002068293905	-0.002585114625
5000.000000000000	19.999221197935	6.352071399388	-1.810954218064	0.005335160260	0.007104789986	0.957661634607	-0.958556596894	0.006017975615	0.003094813703	0.198371042149	-0.438972375767	0.003050546226	0.000755747567	0.055163541531	-0.214897172370	0.002316060186	0.000362265726	0.016500706380	-0.129889581247	0.001839663816	0.000006100620	-0.004562889382	-0.083140344805	0.001423126824	-0.000291883551	-0.011941516928	-0.051410410481	0.001007193028	-0.000371505404	-0.011829828637	-0.031949845289	0.000710755862	-0.000358216276	-0.010406202952	-0.020313681592	0.000535653568	-0.000352112225	-0.009632343616	-0.013987696818	0.000360584584	-0.000312965874	-0.007357866727	-0.008558989198	0.000241996949	-0.000242268695	-0.004757029752	-0.005222903079	0.000142472001	-0.000126921422	-0.002067292461	-0.002585517348
5000.000000000000	19.997220270296	6.390156105381	-1.812901418442	0.005330658152	0.007124963674	0.958038072804	-0.958357218175	0.006025047278	0.003096631717	0.198564828060	-0.438974352108	0.003049305943	0.000750097583	0.055252529974	-0.214871179838	0.002336401936	0.000381792057	0.016584853658	-0.129874921799	0.001833744645	0.000009988094	-0.004486908204	-0.083151264953	0.001427228951	-0.000283934671	-0.011895068633	-0.051437381214	0.001011772257	-0.000367594241	-0.011802832069	-0.031973814723	0.000718991719	-0.000350291053	-0.010400056757	-0.020333091256	0.000530611835	-0.000345794273	-0.009620201805	-0.013999479128	0.000358911290	-0.000312159062	-0.007352421204	-0.008569649500	0.000243871609	-0.000241120196	-0.004754240055	-0.005230963311	0.000145981733	-0.000124515925	-0.002066152862	-0.002587655425
5000.000000000000	19.999622926057	6.433297018052	-1.815087917553	0.005336253707	0.007130599423	0.958450702859	-0.958214433762	0.006008441589	0.003097027738	0.198733083591	-0.439026400846	0.003048710648	0.000761581701	0.055317530947	-0.214886423082	0.002325037993	0.000375966236	0.016653869634	-0.129875208990	0.001841814106	0.000011328978	-0.004424519606	-0.083166199531	0.001429941493	-0.000285377051	-0.011861897683	-0.051465972318	0.001016820318	-0.000360919471	-0.011790797645	-0.031992804454	0.000711842366	-0.000360682405	-0.010376230151	-0.020361692657	0.000535311413	-0.000347532389	-0.009615857818	-0.014019484790	0.000362799607	-0.000314086215	-0.007354489242	-0.008579575753	0.000242872569	-0.000242427562	-0.004755748761	-0.005232302889	0.000144431947	-0.000134806912	-0.002065389378	-0.002588891660
5000.000000000000	19.999546929241	6.469794993539	-1.817033286720	0.005326071419	0.007121608300	0.958670061285	-0.958068072751	0.006007604878	0.003094663968	0.198835592330	-0.439027624485	0.003057252841	0.000748471069	0.055353864141	-0.214860087100	0.002328946161	0.000395904844	0.016711724835	-0.129836199428	0.001837116191	0.000012061332	-0.004374517231	-0.083166486505	0.001424459837	-0.000282078950	-0.011825486314	-0.051474886940	0.001011329226	-0.000367356418	-0.011767977327	-0.032013240861	0.000710886914	-0.000352595924	-0.010381675474	-0.020374179967	0.000538865181	-0.000342082908	-0.009611479083	-0.014024537567	0.000359851889	-0.000313323050	-0.007349426706	-0.008585158525	0.000243789323	-0.000242399532	-0.004754933460	-0.005237748281	0.000148380918	-0.000126465615	-0.002066801591	-0.002589361546
5000.000000000000	19.999758522863	6.498408817959	-1.818432213950	0.005327843690	0.007140895657	0.958903742111	-0.957951637661	0.006008333054	0.003096022492	0.198930746679	-0.439034931573	0.003052911256	0.000749569150	0.055384437708	-0.214838595402	0.002329235901	0.000383699621	0.016756138226	-0.129820103084	0.001839873723	0.000018231615	-0.004330869799	-0.083173724431	0.001423905609	-0.000286253169	-0.011789166570	-0.051491513181	0.001009458606	-0.000370052202	-0.011748994151	-0.032021606013	0.000711921600	-0.000354328859	-0.010346301086	-0.020367606421	0.000532684788	-0.000352317313	-0.009605661406	-0.014031839402	0.000363412458	-0.000312354548	-0.007348901311	-0.008591058357	0.000244764754	-0.000240859133	-0.004753596001	-0.005242719165	0.000142269829	-0.000127739430	-0.002066420768	-0.002590657520
5000.000000000000	20.000324448461	6.526458975135	-1.819921067892	0.005357468057	0.007140547685	0.959100713011	-0.957874778061	0.006026459945	0.003109182263	0.199015544932	-0.439056717453	0.003057109474	0.000757282080	0.055423251855	-0.214827440419	0.002346143667	0.000387622302	0.016797560946	-0.129797415826	0.001839370840	0.000014270417	-0.004288111786	-0.083173397336	0.001427024060	-0.000285037466	-0.011770388844	-0.051499692082	0.001015962597	-0.000368770160	-0.011743135565	-0.032034605288	0.000714742551	-0.000358627148	-0.010362104396	-0.020385268908	0.000536171056	-0.000350063181	-0.009600657627	-0.014040329209	0.000362185119	-0.000310842458	-0.007350070219	-0.008596868189	0.000244398247	-0.000240942892	-0.004755352568	-0.005240885866	0.000145727356	-0.000128562667	-0.002064670024	-0.002590901116
5000.000000000000	20.000003792945	6.549793343651	-1.820862293147	0.005351753059	0.007141866836	0.959315801688	-0.957693976393	0.006018673787	0.003096069499	0.199136422665	-0.439032873846	0.003055944821	0.000754369340	0.055472962107	-0.214798037643	0.002332896624	0.000392350010	0.016871398910	-0.129766774040	0.001842637570	0.000016360479	-0.004220309449	-0.083167819164	0.001433710155	-0.000282648524	-0.011723013429	-0.051517320873	0.001015498145	-0.000363002489	-0.011712656345	-0.032050433378	0.000720060167	-0.000350966446	-0.010350814289	-0.020406909006	0.000538820783	-0.000347649022	-0.009588874353	-0.014053529574	0.000363692264	-0.000311018430	-0.007340261249	-0.008607678736	0.000243905837	-0.000241895382	-0.004753508858	-0.005247257195	0.000142386955	-0.000132965334	-0.002062320069	-0.002592012987
5000.000000000000	19.998029382465	6.568685989213	-1.821901986223	0.005341753923	0.007150737732	0.959467692188	-0.957669413620	0.006031374148	0.003107112864	0.199177251881	-0.439050328682	0.003056924128	0.000759411696	0.055488726862	-0.214774017437	0.002325069562	0.000379906476	0.016907132225	-0.129743496639	0.001831849208	0.000015889748	-0.004182305943	-0.083162245491	0.001428608063	-0.000284517154	-0.011700814433	-0.051523893886	0.001023194372	-0.000361977045	-0.011699882545	-0.032059572144	0.000720029569	-0.000356325940	-0.010326946967	-0.020420654838	0.000537138754	-0.000350638843	-0.009589511392	-0.014056786379	0.000364496629	-0.000311623029	-0.007340170548	-0.008611049610	0.000245185636	-0.000242345373	-0.004751099136	-0.005249206253	0.000146607089	-0.000131058501	-0.002061641631	-0.002592312347
5000.000000000000	19.999628179383	6.587262455097	-1.822817238599	0.005354875885	0.007149071366	0.959680142476	-0.957631194380	0.006027279096	0.003113089249	0.199212634284	-0.439109414332	0.003060308808	0.000753582124	0.055500984575	-0.214775306600	0.002312843629	0.000395716549	0.016934039265	-0.129729621428	0.001839471535	0.000014194808	-0.004148537513	-0.083176535300	0.001431716408	-0.000283834934	-0.011686962159	-0.051542440196	0.001017388810	-0.000366666573	-0.011696242434	-0.032074818439	0.000714424838	-0.000351775443	-0.010336919642	-0.020423649922	0.000533793211	-0.000341744072	-0.009592835267	-0.014068711194	0.000365681498	-0.000313232645	-0.007347448785	-0.008610765752	0.000244070028	-0.000241545894	-0.004754030847	-0.005247483439	0.000144759927	-0.000128976024	-0.002062648680	-0.002591809012
5000.000000000000	19.996953743080	6.611461351489	-1.824077654322	0.005338903550	0.007145526270	0.959841904523	-0.957500408321	0.006016548481	0.003107596316	0.199297367706	-0.439063651988	0.003046199333	0.000750807376	0.055544456959	-0.214739326943	0.002327904280	0.000379266957	0.016978999736	-0.129693304803	0.001837752384	0.000012559442	-0.004091233262	-0.083167783900	0.001430937859	-0.000282234005	-0.011643516555	-0.051549936293	0.001018927759	-0.000365708007	-0.011678249462	-0.032083933784	0.000723971739	-0.000350738507	-0.010323056111	-0.020422520828	0.000540714730	-0.000347620900	-0.009581685838	-0.014075064642	0.000362540957	-0.000312477096	-0.007340106124	-0.008617840081	0.000246675566	-0.000241143259	-0.004750564795	-0.005253116792	0.000141076186	-0.000126831238	-0.002061398801	-0.002592298997
5000.000000000000	19.999880755079	6.631304621415	-1.825181403648	0.005355909104	0.007136546933	0.960078689422	-0.957563820840	0.006040759731	0.003116991773	0.199346918849	-0.439170788674	0.003059782757	0.000753796044	0.055533849197	-0.214749164459	0.002340794787	0.000378718404	0.017010387721	-0.129681676812	0.001836719661	0.000016772141	-0.004062028833	-0.083179380763	0.001431771657	-0.000281316663	-0.011633536022	-0.051572899954	0.001016250818	-0.000363149939	-0.011678049567	-0.032100639042	0.000720408976	-0.000364773076	-0.010322503343	-0.020444751480	0.000539444250	-0.000348051448	-0.009585372801	-0.014084388118	0.000364071893	-0.000310244261	-0.007347000714	-0.008622974579	0.000244279064	-0.000242878754	-0.004756670088	-0.005254217067	0.000147128289	-0.000133387004	-0.002064554211	-0.002591510337
5000.000000000000	19.998295009514	6.649164493309	-1.826090476047	0.005352468376	0.007138775583	0.960184780870	-0.957455841973	0.006028655209	0.003116547037	0.199382312420	-0.439139837519	0.003056848799	0.000749088321	0.055569438284	-0.214720191652	0.002313861835	0.000395756298	0.017045923852	-0.129644071691	0.001843461365	0.000015775164	-0.004023550154	-0.083170255978	0.001431648468	-0.000272965461	-0.011606125157	-0.051579073971	0.001023100448	-0.000370367477	-0.011653383700	-0.032109688516	0.000718784733	-0.000353071009	-0.010322162862	-0.020453566001	0.000545479131	-0.000349639992	-0.009587515165	-0.014093328118	0.000364905452	-0.000313111588	-0.007346503267	-0.008624924692	0.000243975947	-0.000241070600	-0.004753520316	-0.005252878282	0.000137423717	-0.000129148765	-0.002061780660	-0.002591543294
5000.000000000000	20.000122067948	6.664790388930	-1.826863233738	0.005396708537	0.007131915565	0.960346358593	-0.957449719945	0.006022265499	0.003120486813	0.199426639444	-0.439192557115	0.003061594981	0.000754814882	0.055573986361	-0.214709975051	0.002322254161	0.000383979197	0.017074816908	-0.129619292883	0.001836089114	0.000019230794	-0.003987405650	-0.083177542215	0.001435399800	-0.000274778540	-0.011587189220	-0.051588643542	0.001020067393	-0.000365317533	-0.011648787989	-0.032123790689	0.000717972153	-0.000354507347	-0.010296698657	-0.020463847781	0.000550417424	-0.000347475396	-0.009582719426	-0.014095739734	0.000366580170	-0.000310546496	-0.007348957717	-0.008629922932	0.000243787552	-0.000242012195	-0.004756210074	-0.005254642994	0.000140014993	-0.000129125367	-0.002062439241	-0.002591294932
5000.000000000000	19.999657372237	6.680824509134	-1.827600224654	0.005360916335	0.007131072970	0.960466283481	-0.957391236860	0.006036821664	0.003107038143	0.199465730701	-0.439181801808	0.003048773743	0.000763089181	0.055584855145	-0.214689936046	0.002318938444	0.000368533622	0.017103552990	-0.129607832562	0.001839187557	0.000020309212	-0.003952951689	-0.083172075191	0.001431782803	-0.000274621390	-0.011559200299	-0.051601100767	0.001023724845	-0.000359168814	-0.011633616387	-0.032136594329	0.000717086645	-0.000352161581	-0.010314287943	-0.020481488712	0.000546214294	-0.000345717219	-0.009580198820	-0.014106475088	0.000363327586	-0.000312659135	-0.007347849288	-0.008632306296	0.000245115589	-0.000242799062	-0.004755999630	-0.005257372896	0.000144282165	-0.000128832746	-0.002062667262	-0.002590952733
5000.000000000000	19.998555985358	6.696867928107	-1.828550074104	0.005353392633	0.007137482959	0.960519050800	-0.957367336125	0.006036449422	0.003117033893	0.199480106886	-0.439170119477	0.003055318843	0.000763413183	0.055579645203	-0.214653582324	0.002316351850	0.000381174853	0.017140592340	-0.129567125904	0.001834225952	0.000020048493	-0.003915273740	-0.083161959318	0.001433095312	-0.000280662723	-0.011537533340	-0.051604824522	0.001015821104	-0.000363764047	-0.011624535568	-0.032140221495	0.000708114155	-0.000354943629	-0.010309874672	-0.020470027224	0.000547346242	-0.000352155158	-0.009580280838	-0.014111215321	0.000364273906	-0.000312269768	-0.007348399184	-0.008634117695	0.000244359575	-0.000242144773	-0.004755459002	-0.005255820551	0.000147406471	-0.000128988574	-0.002060522043	-0.002590078860
5000.000000000000	19.998516681414	6.707599508673	-1.829039109890	0.005349239333	0.007160383150	0.960661693327	-0.957331601873	0.006033873748	0.003109748616	0.199495942311	-0.439205070042	0.003052092795	0.000754578063	0.055584208503	-0.214650310883	0.002307176446	0.000373655403	0.017163186939	-0.129541179878	0.001834208942	0.000024709039	-0.003879548963	-0.083163376580	0.001429207041	-0.000275501159	-0.011520300680	-0.051618957900	0.001018992299	-0.000365508414	-0.011616476555	-0.032152323183	0.000713854357	-0.000350147518	-0.010287864808	-0.020478964206	0.000539469643	-0.000345696090	-0.009580373876	-0.014117602107	0.000365185066	-0.000315034640	-0.007351682594	-0.008635744268	0.000245171071	-0.000243213700	-0.004756259866	-0.005255512376	0.000137557922	-0.000131698901	-0.002061935912	-0.002588773919
5000.000000000000	19.998506310923	6.716191077714	-1.829273534664	0.005360414632	0.007154409630	0.960850771511	-0.957267123617	0.006018202811	0.003119157801	0.199562081275	-0.439222809641	0.003065421350	0.000755918837	0.055623038864	-0.214629079113	0.002317633800	0.000380140452	0.017203672768	-0.129514902881	0.001831346818	0.000020624213	-0.003841644921	-0.083165687187	0.001430869948	-0.000273575831	-0.011489653631	-0.051635964085	0.001016846307	-0.000366179919	-0.011602602928	-0.032172666987	0.000716599395	-0.000350899201	-0.010284231022	-0.020495993261	0.000541113420	-0.000345749069	-0.009573962760	-0.014124406456	0.000366355847	-0.000314180556	-0.007350785736	-0.008641931144	0.000244868878	-0.000243777888	-0.004756529629	-0.005257571938	0.000137474982	-0.000126689743	-0.002061161497	-0.002588601969
5000.000000000000	19.999483591301	6.730705303380	-1.830071263055	0.005365681128	0.007165863382	0.961006670708	-0.957297910242	0.006044589325	0.003116072092	0.199569663296	-0.439261706151	0.003054568535	0.000756353179	0.055607249156	-0.214629650254	0.002321447285	0.000388007505	0.017215298125	-0.129488629216	0.001836564203	0.000024583604	-0.003806601143	-0.083165604819	0.001434183232	-0.000273031517	-0.011471200784	-0.051641888155	0.001015950110	-0.000359877047	-0.011600372939	-0.032188231511	0.000720236747	-0.000347246222	-0.010291620302	-0.020488937749	0.000542601111	-0.000343840549	-0.009582085683	-0.014127827858	0.000366446572	-0.000311983845	-0.007354438054	-0.008643771134	0.000246938753	-0.000242378908	-0.004760567671	-0.005259825502	0.000141570692	-0.000127768712	-0.002064384666	-0.002588089264
5000.000000000000	19.998611419314	6.744805373609	-1.830758447265	0.005350044475	0.007144911087	0.961149970653	-0.957247822932	0.006033575319	0.003108949458	0.199633195942	-0.439275216048	0.003060154108	0.000762123289	0.055621070959	-0.214616534356	0.002313004779	0.000387237467	0.017263857019	-0.129470622402	0.001833818037	0.000028646806	-0.003771959517	-0.083166556000	0.001433304524	-0.000280148230	-0.011449361792	-0.051660991929	0.001016899536	-0.000362646317	-0.011588935987	-0.032200144576	0.000716158592	-0.000351298373	-0.010285050817	-0.020510138475	0.000539852074	-0.000349061411	-0.009577613842	-0.014138409590	0.000366341318	-0.000313439005	-0.007355283114	-0.008647062691	0.000245048380	-0.000242470862	-0.004760586562	-0.005258555399	0.000145418279	-0.000130164365	-0.002062415159	-0.002587270512
5000.000000000000	19.998739271186	6.755623354792	-1.831355340347	0.005349001240	0.007145620302	0.961211191736	-0.957247824172	0.006047267024	0.003118683529	0.199636035237	-0.439330565887	0.003053517835	0.000763073911	0.055618197101	-0.214585130667	0.002316368345	0.000372184409	0.017270559160	-0.129456996183	0.001835631818	0.000027767575	-0.003748970762	-0.083161539874	0.001432084472	-0.000275213196	-0.011440633838	-0.051664781825	0.001021774080	-0.000365063371	-0.011585158504	-0.032204613224	0.000719948848	-0.000347642155	-0.010278124552	-0.020517086449	0.000544666594	-0.000345515673	-0.009584424368	-0.014138548324	0.000363621807	-0.000312071250	-0.007357380395	-0.008648513126	0.000245299471	-0.000242256338	-0.004764168601	-0.005258879439	0.000142177195	-0.000132187904	-0.002064888898	-0.002587452692
5000.000000000000	19.999370605387	6.765702101447	-1.831709442260	0.005356119413	0.007152312255	0.961348620601	-0.957203196721	0.006035473252	0.003107681364	0.199661311790	-0.439325329507	0.003060450197	0.000748223684	0.055611216527	-0.214564240020	0.002323067781	0.000382318157	0.017298918779	-0.129441126681	0.001832672121	0.000025821460	-0.003713599457	-0.083157196304	0.001434130722	-0.000273886209	-0.011410591522	-0.051676992796	0.001020681902	-0.000364805019	-0.011570809043	-0.032225435702	0.000722778545	-0.000344722365	-0.010289789630	-0.020536197408	0.000537642190	-0.000345096941	-0.009587913934	-0.014141262313	0.000364979140	-0.000310476835	-0.007358924770	-0.008650382293	0.000243013229	-0.000243190193	-0.004764891380	-0.005259310521	0.000141253724	-0.000126522322	-0.002064161385	-0.002587177167
5000.000000000000	19.998100496577	6.777234263617	-1.832439209386	0.005364016055	0.007157981479	0.961450656394	-0.957234596327	0.006031447643	0.003116609438	0.199670719348	-0.439369516907	0.003057690928	0.000755754652	0.055604600328	-0.214566108240	0.002314706567	0.000379360054	0.017316235288	-0.129420472790	0.001834764287	0.000027239055	-0.003691594655	-0.083155737182	0.001433355742	-0.000268047742	-0.011405747844	-0.051693209515	0.001023147055	-0.000356303604	-0.011567195073	-0.032232909197	0.000712528226	-0.000350953045	-0.010283604486	-0.020524307978	0.000543783134	-0.000344328125	-0.009587070701	-0.014149028176	0.000365236509	-0.000312732929	-0.007363193015	-0.008651144203	0.000245511888	-0.000242345932	-0.004768867172	-0.005258094465	0.000142560658	-0.000130589158	-0.002065339502	-0.002585661876
5000.000000000000	20.000504966899	6.785651843291	-1.832706861401	0.005362550600	0.007154681557	0.961598219980	-0.957222421609	0.006037940932	0.003134203867	0.199713693925	-0.439406225688	0.003062448161	0.000749647566	0.055605633530	-0.214556871536	0.002321439564	0.000392770382	0.017344170585	-0.129396040990	0.001832354432	0.000024452658	-0.003662795925	-0.083161532355	0.001434480676	-0.000275512362	-0.011381269408	-0.051708539362	0.001022832892	-0.000359321906	-0.011566306713	-0.032233854608	0.000718884106	-0.000352038976	-0.010271382473	-0.020538434513	0.000543046419	-0.000346446387	-0.009591228623	-0.014156796954	0.000366354335	-0.000313034947	-0.007370812293	-0.008654706980	0.000245585390	-0.000243620175	-0.004772263937	-0.005256107529	0.000145267636	-0.000129610607	-0.002065749413	-0.002583825490
5000.000000000000	20.000458131453	6.793962358102	-1.832968534458	0.005348469131	0.007153584641	0.961739760874	-0.957151438709	0.006035076906	0.003114324807	0.199759447964	-0.439398902103	0.003066530957	0.000758655118	0.055630848437	-0.214541538507	0.002324967201	0.000388150009	0.017374170680	-0.129375650657	0.001835590515	0.000030469815	-0.003617617821	-0.083156914965	0.001435510835	-0.000276923910	-0.011359966856	-0.051713237136	0.001021723624	-0.000353924378	-0.011550278186	-0.032252752353	0.000714840950	-0.000346962439	-0.010264165994	-0.020556465785	0.000544993351	-0.000351987465	-0.009593883308	-0.014162281812	0.000366582405	-0.000311649482	-0.007367629660	-0.008656588604	0.000244685846	-0.000242837749	-0.004769498230	-0.005259378368	0.000143207667	-0.000135420573	-0.002065948459	-0.002584837753
5000.000000000000	19.998794069682	6.815708079159	-1.834524952658	0.005380234964	0.007169964618	0.961737322557	-0.957179353173	0.006054960763	0.003123405597	0.199731176658	-0.439411273515	0.003058848927	0.000753619348	0.055615983527	-0.214503807072	0.002323046206	0.000386027543	0.017381895313	-0.129349131941	0.001835560227	0.000032594753	-0.003602239216	-0.083146130796	0.001436306492	-0.000277940740	-0.011342987050	-0.051718395801	0.001021484358	-0.000364381695	-0.011544690337	-0.032264319509	0.000727123481	-0.000352098053	-0.010293850740	-0.020551406144	0.000539817688	-0.000342052260	-0.009594895477	-0.014162047604	0.000365369593	-0.000312624976	-0.007369400320	-0.008656209283	0.000245671989	-0.000243776654	-0.004772363245	-0.005255343873	0.000150516830	-0.000130492492	-0.002066544132	-0.002583072747
5000.000000000000	19.999411252577	6.815029103689	-1.834085706774	0.005372262335	0.007161138134	0.961902101916	-0.957099106719	0.006029895189	0.003133685767	0.199798513211	-0.439435121601	0.003058085321	0.000765203920	0.055626044424	-0.214490442107	0.002319603750	0.000374908881	0.017424840538	-0.129323042229	0.001835601604	0.000029699692	-0.003559114996	-0.083151026060	0.001436432757	-0.000271059544	-0.011322163716	-0.051740284698	0.001023692683	-0.000361448323	-0.011537829226	-0.032274231847	0.000717685646	-0.000350017513	-0.010278445656	-0.020561019185	0.000544568224	-0.000339953300	-0.009594903972	-0.014171180067	0.000366061497	-0.000314593632	-0.007373779551	-0.008660274484	0.000244656498	-0.000243946767	-0.004773890882	-0.005254789748	0.000137735464	-0.000129610019	-0.002065790502	-0.002581400300
5000.000000000000	19.998138246926	6.816097908206	-1.834016117519	0.005360370833	0.007157505597	0.962032671660	-0.957107561539	0.006035127349	0.003120428150	0.199817391024	-0.439469480807	0.003055541477	0.000763289235	0.055627998779	-0.214486212503	0.002315651508	0.000385522524	0.017438563549	-0.129305756264	0.001834874564	0.000033399448	-0.003535326722	-0.083149211968	0.001433211888	-0.000266798068	-0.011303106219	-0.051743080994	0.001018921522	-0.000357744148	-0.011535998771	-0.032290099567	0.000732856036	-0.000357098500	-0.010273141963	-0.020583732051	0.000540602478	-0.000350862171	-0.009594651633	-0.014179110007	0.000367430297	-0.000310981087	-0.007374334998	-0.008663380612	0.000246411477	-0.000242892068	-0.004777038030	-0.005255888634	0.000144200459	-0.000133185577	-0.002067565235	-0.002579758047
5000.000000000000	19.998453733442	6.819193330051	-1.833921261908	0.005368159924	0.007165108451	0.962237376467	-0.957082040126	0.006040836339	0.003127503799	0.199874599384	-0.439502921240	0.003061876369	0.000754271074	0.055646662777	-0.214490207925	0.002316586220	0.000387529702	0.017470259816	-0.129295071210	0.001834084142	0.000030140074	-0.003495081400	-0.083160289361	0.001436486624	-0.000271972899	-0.011281201572	-0.051766981668	0.001020951870	-0.000358829753	-0.011520829454	-0.032306847301	0.000719033002	-0.000353181519	-0.010275133755	-0.020581773600	0.000542358248	-0.000342013539	-0.009597352906	-0.014186593405	0.000367289410	-0.000313151464	-0.007379296723	-0.008667252279	0.000244921240	-0.000243851523	-0.004781278382	-0.005257401438	0.000142753513	-0.000127982481	-0.002069353978	-0.002580153960
5000.000000000000	19.999666327066	6.825450763358	-1.834086577381	0.005367210627	0.007162677987	0.962353408914	-0.957078636186	0.006049264153	0.003139426259	0.199895779341	-0.439531713043	0.003050650851	0.000753231466	0.055638996361	-0.214482613144	0.002319637885	0.000399039534	0.017497694975	-0.129267335009	0.001833461690	0.000028860203	-0.003464643617	-0.083161029751	0.001436584944	-0.000270252413	-0.011268043884	-0.051781936793	0.001024127807	-0.000358364378	-0.011522283965	-0.032321002360	0.000714113875	-0.000354994295	-0.010273949956	-0.020574115442	0.000541508175	-0.000346613719	-0.009598116289	-0.014194356517	0.000366212204	-0.000311092065	-0.007386228204	-0.008669279082	0.000245915441	-0.000244212363	-0.004784053461	-0.005255087753	0.000147032557	-0.000129114176	-0.002069219977	-0.002577652795
5000.000000000000	19.998784076656	6.830729889829	-1.834297523699	0.005356303269	0.007171080501	0.962406778813	-0.957040528751	0.006049702187	0.003124246266	0.199905120797	-0.439529964685	0.003064553168	0.000753500023	0.055639843335	-0.214457458196	0.002311928494	0.000396852855	0.017519272939	-0.129243603972	0.001832462494	0.000032168906	-0.003438045348	-0.083153863446	0.001434516433	-0.000267077894	-0.011252848198	-0.051786752932	0.001024644267	-0.000360387040	-0.011509467054	-0.032333266516	0.000729400652	-0.000354418599	-0.010270555639	-0.020605271290	0.000548241514	-0.000352418811	-0.009607171392	-0.014201698262	0.000367279438	-0.000313196315	-0.007386662807	-0.008667320126	0.000246440833	-0.000243964779	-0.004783940915	-0.005254300699	0.000138430723	-0.000128991784	-0.002068604171	-0.002576520507
5000.000000000000	20.000803100602	6.832998058437	-1.834157684100	0.005379014151	0.007178447426	0.962590926871	-0.957046919526	0.006040735558	0.003127784218	0.199949115156	-0.439592164484	0.003055118846	0.000757422176	0.055650738917	-0.214466550590	0.002317677857	0.000380603180	0.017543002833	-0.129228670946	0.001833791844	0.000032337135	-0.003402907218	-0.083158461005	0.001436796980	-0.000267462452	-0.011232633037	-0.051803143758	0.001024809853	-0.000360503830	-0.011510604240	-0.032347500124	0.000723510008	-0.000346778599	-0.010273486840	-0.020616062251	0.000538845799	-0.000341731832	-0.009606682356	-0.014206357981	0.000365844682	-0.000313922075	-0.007393838161	-0.008672688458	0.000246325819	-0.000244741612	-0.004789259383	-0.005252540478	0.000143095743	-0.000133957412	-0.002069909919	-0.002574064803
5000.000000000000	19.997067792625	6.839481542754	-1.834548142091	0.005360793164	0.007152370222	0.962634478861	-0.956991641922	0.006034614339	0.003143083348	0.199948410056	-0.439570508159	0.003063571018	0.000765180599	0.055653839756	-0.214409510688	0.002314893015	0.000385426748	0.017564885966	-0.129197619170	0.001832380855	0.000034512010	-0.003379965413	-0.083147934134	0.001438785348	-0.000274716011	-0.011214747033	-0.051810128565	0.001020508860	-0.000358179479	-0.011497647783	-0.032355146732	0.000720875568	-0.000337813157	-0.010263780360	-0.020607783887	0.000546145366	-0.000340906871	-0.009607630789	-0.014207093807	0.000367104714	-0.000313697736	-0.007393995481	-0.008671261731	0.000245524396	-0.000243222224	-0.004788973953	-0.005251356693	0.000142082039	-0.000129448330	-0.002069746036	-0.002574518085
5000.000000000000	20.000863285480	6.844982057698	-1.834501507693	0.005362867495	0.007188109926	0.962887812521	-0.956985883616	0.006049779607	0.003124035243	0.200031583611	-0.439637151725	0.003060893500	0.000751331211	0.055680405853	-0.214437492799	0.002303428875	0.000382153417	0.017609666586	-0.129196216024	0.001832244844	0.000031997756	-0.003341775039	-0.083173064928	0.001439951908	-0.000266799103	-0.011185063998	-0.051829744486	0.001027222534	-0.000361207361	-0.011493321314	-0.032375366490	0.000726662137	-0.000353189803	-0.010273006268	-0.020642712869	0.000546504232	-0.000346005062	-0.009613635813	-0.014216159940	0.000368306464	-0.000315649941	-0.007398674900	-0.008676844872	0.000245354883	-0.000244010632	-0.004791937800	-0.005254122886	0.000144817318	-0.000127686371	-0.002072307846	-0.002572934523
5000.000000000000	19.998580966840	6.850506319190	-1.834767169461	0.005366409378	0.007162570236	0.962886890491	-0.956974331898	0.006033289906	0.003136761403	0.200018244165	-0.439629491651	0.003062258557	0.000761597186	0.055661950371	-0.214413937176	0.002305394032	0.000392564474	0.017614362299	-0.129168807110	0.001837854936	0.000031058850	-0.003322374681	-0.083160179377	0.001439572136	-0.000264466166	-0.011176193531	-0.051835980068	0.001027437948	-0.000364248375	-0.011486283866	-0.032382759069	0.000728857990	-0.000353928811	-0.010283902013	-0.020626479559	0.000540468728	-0.000340567289	-0.009617093984	-0.014217193053	0.000367455842	-0.000313174919	-0.007402148479	-0.008674667284	0.000246581311	-0.000243631746	-0.004795989862	-0.005250155828	0.000145581139	-0.000134220447	-0.002072237745	-0.002571023696
5000.000000000000	19.996820896266	6.855822214177	-1.834948816722	0.005350840728	0.007175197185	0.963040677279	-0.956927660183	0.006048770813	0.003139019355	0.200055005499	-0.439650312548	0.003066618302	0.000759064569	0.055673662955	-0.214407348009	0.002301197715	0.000386060434	0.017651483257	-0.129156438899	0.001837359133	0.000030745416	-0.003289774871	-0.083161851587	0.001439599565	-0.000267866662	-0.011161302160	-0.051851562203	0.001032713922	-0.000356408813	-0.011482594152	-0.032397807093	0.000717331518	-0.000349074459	-0.010287310859	-0.020651002429	0.000545376680	-0.000343662933	-0.009617027331	-0.014228884124	0.000368441090	-0.000313717775	-0.007408367486	-0.008677319970	0.000244854717	-0.000244960603	-0.004797320750	-0.005250598118	0.000140244111	-0.000131515697	-0.002072782001	-0.002569525040
5000.000000000000	20.002691789219	6.857336578965	-1.834589992358	0.005360222431	0.007168244119	0.963297716099	-0.956947555591	0.006049160185	0.003137016129	0.200118397532	-0.439741751861	0.003067143775	0.000766671936	0.055686973525	-0.214417961329	0.002308422057	0.000382847117	0.017679336032	-0.129144451894	0.001835875118	0.000034962774	-0.003250778926	-0.083174981497	0.001440160921	-0.000265807278	-0.011142456338	-0.051872135754	0.001027849298	-0.000360542829	-0.011480679868	-0.032419573700	0.000731128631	-0.000352598841	-0.010288731512	-0.020656132618	0.000541301099	-0.000340675090	-0.009621787148	-0.014236692825	0.000368006834	-0.000314566389	-0.007413511577	-0.008683729320	0.000246079791	-0.000244378603	-0.004804042871	-0.005251478416	0.000144424344	-0.000131576018	-0.002077396393	-0.002567272505
5000.000000000000	19.998803142179	6.861598680586	-1.834771969087	0.005355830044	0.007188645525	0.963287506307	-0.956894850239	0.006044810126	0.003139353403	0.200123991989	-0.439710182813	0.003069758183	0.000758941672	0.055694549807	-0.214388567956	0.002316327529	0.000387449978	0.017693224628	-0.129111572064	0.001835877917	0.000032923333	-0.003223412885	-0.083166983720	0.001434703348	-0.000265683772	-0.011112450127	-0.051878045978	0.001029762765	-0.000353162909	-0.011471911590	-0.032425348321	0.000723654738	-0.000352695351	-0.010271568075	-0.020649441446	0.000546369614	-0.000352007102	-0.009626831403	-0.014235000253	0.000366349295	-0.000312911226	-0.007413423861	-0.008682676740	0.000246524406	-0.000244822389	-0.004805609035	-0.005250395617	0.000138116695	-0.000129473422	-0.002076991038	-0.002565734814
5000.000000000000	19.999227243735	6.868994222137	-1.835052325954	0.005357365600	0.007166446909	0.963419562978	-0.956849874009	0.006048380051	0.003136773979	0.200158025882	-0.439714144836	0.003058860715	0.000754849465	0.055695217321	-0.214376098390	0.002311178530	0.000374261992	0.017719050339	-0.129091087355	0.001831979165	0.000038105393	-0.003195682000	-0.083164618947	0.001438193580	-0.000263603522	-0.011098063579	-0.051888297022	0.001027538588	-0.000362359187	-0.011464266287	-0.032433736434	0.000720238253	-0.000359557775	-0.010278584565	-0.020660469000	0.000555416461	-0.000347253069	-0.009625027516	-0.014245572904	0.000368711925	-0.000315129148	-0.007418663033	-0.008684138226	0.000246224093	-0.000246087039	-0.004806948652	-0.005249353016	0.000141981598	-0.000138079533	-0.002077795482	-0.002564035092
5000.000000000000	19.999103934673	6.869967118516	-1.834859355825	0.005355065496	0.007165395010	0.963578217350	-0.956828663886	0.006053054879	0.003145073463	0.200196223161	-0.439736770940	0.003057220227	0.000756210090	0.055710072464	-0.214371813484	0.002311384456	0.000379036745	0.017747543544	-0.129070531452	0.001831276183	0.000036806121	-0.003164755707	-0.083172822900	0.001440925307	-0.000266176557	-0.011078209428	-0.051901018876	0.001032819903	-0.000361810182	-0.011452061326	-0.032458423416	0.000728820830	-0.000350430221	-0.010272822269	-0.020682062330	0.000544004851	-0.000339755558	-0.009630412157	-0.014245043304	0.000366725670	-0.000314995412	-0.007420953039	-0.008687000254	0.000247184735	-0.000245965686	-0.004810483120	-0.005248662270	0.000146902966	-0.000128325521	-0.002078550319	-0.002561487160
5000.000000000000	20.000393328662	6.874345640827	-1.834783720761	0.005356095526	0.007163605924	0.963677463486	-0.956786825190	0.006051071370	0.003133390033	0.200254317149	-0.439756327414	0.003057229352	0.000765940701	0.055723116948	-0.214350976909	0.002322665844	0.000375693774	0.017775952374	-0.129052662778	0.001835520953	0.000035718902	-0.003125131396	-0.083173289778	0.001440922144	-0.000263970432	-0.011060455923	-0.051913744708	0.001029630851	-0.000356090684	-0.011440014075	-0.032467014610	0.000727589042	-0.000348964629	-0.010288619118	-0.020696258828	0.000546834972	-0.000342465087	-0.009630969220	-0.014255861429	0.000371093342	-0.000316168007	-0.007424241997	-0.008687163896	0.000245667157	-0.000245759745	-0.004811541961	-0.005245573607	0.000144799929	-0.000132016978	-0.002077786815	-0.002561396015
5000.000000000000	19.999321138739	6.874214494512	-1.834674391656	0.005375228450	0.007180925068	0.963766850836	-0.956793862848	0.006031779554	0.003138552361	0.200244152056	-0.439777286632	0.003062957836	0.000769678818	0.055721741667	-0.214331365753	0.002302287669	0.000391949915	0.017793686814	-0.129036822253	0.001835345155	0.000037564884	-0.003103850231	-0.083162284796	0.001440214915	-0.000259555996	-0.011047339218	-0.051928398205	0.001028608582	-0.000354720478	-0.011445943198	-0.032477045027	0.000727063529	-0.000351625946	-0.010288425249	-0.020711292129	0.000551590625	-0.000350585748	-0.009635652580	-0.014258103796	0.000370199510	-0.000315408510	-0.007430190464	-0.008690586783	0.000245913326	-0.000246059281	-0.004817157726	-0.005244787135	0.000142607108	-0.000129549814	-0.002078661278	-0.002559192958
5000.000000000000	19.997939195140	6.877044328106	-1.834750125007	0.005360067031	0.007189635679	0.963885463753	-0.956793444537	0.006044340024	0.003145361314	0.200267298321	-0.439822938168	0.003053932498	0.000764520615	0.055702959838	-0.214333956075	0.002304309422	0.000386374115	0.017811759097	-0.129021651921	0.001831766666	0.000040850906	-0.003079311294	-0.083164917772	0.001442378636	-0.000264590405	-0.011030948985	-0.051943693905	0.001028404481	-0.000354211320	-0.011442004656	-0.032496637304	0.000719414843	-0.000360501336	-0.010279685666	-0.020707598739	0.000544679461	-0.000343455829	-0.009646848899	-0.014265735538	0.000369606736	-0.000313484850	-0.007437703458	-0.008689288334	0.000245709931	-0.000247397639	-0.004819189924	-0.005241788171	0.000143119749	-0.000128042836	-0.002079463025	-0.002557068473
5000.000000000000	20.002505221383	6.882020026474	-1.834591431020	0.005356923014	0.007176411700	0.964129145624	-0.956733765855	0.006041534526	0.003136294713	0.200354320393	-0.439874920297	0.003069389248	0.000765427408	0.055734037426	-0.214330564854	0.002302798880	0.000374310350	0.017841269081	-0.129016337961	0.001833428174	0.000037862190	-0.003040855643	-0.083178516833	0.001433510826	-0.000261719532	-0.011007703733	-0.051964043361	0.001028965134	-0.000350583024	-0.011434942531	-0.032509341661	0.000723847594	-0.000351291981	-0.010279095702	-0.020728058587	0.000554473281	-0.000341401781	-0.009646863684	-0.014278433346	0.000369863603	-0.000315302565	-0.007440954627	-0.008695968552	0.000245255278	-0.000245526702	-0.004824644253	-0.005244844545	0.000141783027	-0.000134197201	-0.002082434875	-0.002555623792
5000.000000000000	19.998176419688	6.882114605671	-1.834508224848	0.005356718847	0.007182835695	0.964115747398	-0.956673919884	0.006038468181	0.003148438457	0.200348900482	-0.439828894084	0.003061360697	0.000757034199	0.055746091040	-0.214298532096	0.002309726350	0.000390150282	0.017870301894	-0.128977112278	0.001833889294	0.000039228547	-0.003020008658	-0.083166668142	0.001441511424	-0.000260992125	-0.010986964552	-0.051968072807	0.001027603211	-0.000354962604	-0.011427803988	-0.032519743458	0.000734766620	-0.000347827377	-0.010281513799	-0.020741763761	0.000543589357	-0.000348808075	-0.009649940139	-0.014276826767	0.000367639529	-0.000314467087	-0.007440314795	-0.008693347190	0.000245117548	-0.000246506078	-0.004822341719	-0.005242195690	0.000140166081	-0.000130748642	-0.002081395502	-0.002554064654
5000.000000000000	19.999436632977	6.886655863640	-1.834520102367	0.005355225029	0.007183867601	0.964295412380	-0.956680638695	0.006048522790	0.003138976804	0.200398039623	-0.439880102501	0.003057314146	0.000759747597	0.055740383503	-0.214307899889	0.002302581900	0.000386566864	0.017894567112	-0.128972013855	0.001828350943	0.000041931292	-0.002981446029	-0.083170063060	0.001442535974	-0.000260141111	-0.010973790395	-0.051987061076	0.001031193390	-0.000360387472	-0.011425501989	-0.032531841872	0.000724754840	-0.000357687146	-0.010291882610	-0.020738946450	0.000544067327	-0.000345910565	-0.009654166650	-0.014279068399	0.000367487232	-0.000316313651	-0.007448086289	-0.008695086648	0.000246326067	-0.000244592496	-0.004828274207	-0.005241927537	0.000146682922	-0.000129611891	-0.002083493607	-0.002551541189
5000.000000000000	19.997549066155	6.889141009893	-1.834464299821	0.005359610859	0.007177611886	0.964478973011	-0.956623988167	0.006046126507	0.003160398961	0.200449806919	-0.439893498098	0.003063751094	0.000762730347	0.055766867638	-0.214299794709	0.002313817561	0.000385627730	0.017933381941	-0.128951489416	0.001834702791	0.000041417704	-0.002943025010	-0.083170103191	0.001434048710	-0.000255584895	-0.010946763937	-0.052001314666	0.001027448404	-0.000354737218	-0.011413384206	-0.032550557706	0.000730899215	-0.000346847691	-0.010283317147	-0.020752732613	0.000538056443	-0.000346442513	-0.009651626048	-0.014290110599	0.000366606345	-0.000313604713	-0.007449397629	-0.008699529595	0.000246279749	-0.000246612357	-0.004830658287	-0.005242376840	0.000140353957	-0.000137778218	-0.002084076697	-0.002552165859
5000.000000000000	20.003202554360	6.893220166708	-1.834354459217	0.005356067216	0.007171831381	0.964696357145	-0.956664613251	0.006037322911	0.003154295070	0.200517832591	-0.439992376269	0.003055214357	0.000756603863	0.055766089649	-0.214320200758	0.002314546757	0.000390733100	0.017949618068	-0.128957262572	0.001833765774	0.000045824204	-0.002920572621	-0.083192040928	0.001441118208	-0.000257967638	-0.010935599951	-0.052022990336	0.001034081414	-0.000353863605	-0.011414496440	-0.032566388218	0.000730210415	-0.000349033178	-0.010287700973	-0.020765396795	0.000545923699	-0.000352257478	-0.009663191757	-0.014298525964	0.000369347566	-0.000316723264	-0.007460619747	-0.008701667780	0.000244775239	-0.000245932180	-0.004836772658	-0.005239165883	0.000143007590	-0.000137848042	-0.002087753282	-0.002549427177
5000.000000000000	19.995999546264	6.896884746948	-1.834662418365	0.005353588063	0.007175645414	0.964616916598	-0.956592232239	0.006056142566	0.003154204826	0.200491511297	-0.439943364653	0.003055527369	0.000763165432	0.055767394707	-0.214264438527	0.002316071036	0.000396256166	0.017961959974	-0.128914526171	0.001828191805	0.000041682418	-0.002891132862	-0.083173870221	0.001440514813	-0.000258792507	-0.010918385100	-0.052023800897	0.001032778911	-0.000354007795	-0.011398861454	-0.032576942817	0.000728244147	-0.000348434775	-0.010290375251	-0.020764134969	0.000554478467	-0.000346768261	-0.009661846310	-0.014296872203	0.000368480009	-0.000316294811	-0.007458107747	-0.008698605698	0.000245932924	-0.000247128000	-0.004835489654	-0.005236777532	0.000137991983	-0.000132102442	-0.002085677908	-0.002548771680
5000.000000000000	20.002100854783	6.897586191672	-1.834119618885	0.005362291840	0.007178797776	0.964997769173	-0.956569036231	0.006043696020	0.003132672821	0.200612728255	-0.440027903771	0.003058264542	0.000764118862	0.055792632554	-0.214307586452	0.002304633213	0.000392326000	0.018008084754	-0.128910075610	0.001838771792	0.000044360883	-0.002845017083	-0.083195940951	0.001443221522	-0.000259772920	-0.010891536627	-0.052054138812	0.001032572127	-0.000355863951	-0.011399029195	-0.032604072264	0.000730256346	-0.000350740357	-0.010285201200	-0.020785098387	0.000549379101	-0.000351819294	-0.009669092125	-0.014312265036	0.000367779916	-0.000316656207	-0.007466983599	-0.008707695240	0.000245728269	-0.000247398682	-0.004844897020	-0.005240415050	0.000141433598	-0.000130861311	-0.002089802424	-0.002545713794
5000.000000000000	20.000090973167	6.900265219979	-1.834132198421	0.005366364538	0.007196055093	0.965036428781	-0.956530043685	0.006056605761	0.003156565052	0.200624301752	-0.440016489299	0.003063851668	0.000756190139	0.055785801237	-0.214271464944	0.002309050657	0.000376718393	0.018025132027	-0.128898518547	0.001831078334	0.000038017351	-0.002823841667	-0.083190513234	0.001438906477	-0.000259061025	-0.010877481513	-0.052059576076	0.001034568716	-0.000354539637	-0.011383128927	-0.032609560100	0.000730108911	-0.000355801301	-0.010286123730	-0.020778714850	0.000549937833	-0.000346250920	-0.009674106740	-0.014313913825	0.000370726165	-0.000317651316	-0.007470310659	-0.008704425239	0.000245350134	-0.000246867185	-0.004845519651	-0.005235939450	0.000145993295	-0.000131673484	-0.002089193656	-0.002544843050
5000.000000000000	19.997932420535	6.902770042341	-1.834145234967	0.005367985836	0.007178241669	0.965012347451	-0.956494685662	0.006062906655	0.003155287241	0.200594198877	-0.439989242300	0.003053508808	0.000749016053	0.055782317242	-0.214238474795	0.002313190184	0.000398789870	0.018045803252	-0.128859664177	0.001830319348	0.000047380842	-0.002800282918	-0.083175611732	0.001443897456	-0.000256302587	-0.010855643416	-0.052064406045	0.001035738565	-0.000356512687	-0.011383198771	-0.032609259555	0.000733510360	-0.000350744468	-0.010274912806	-0.020791550429	0.000543875521	-0.000353983709	-0.009676088746	-0.014315821648	0.000368150797	-0.000318761770	-0.007473327037	-0.008701591250	0.000247067323	-0.000247114605	-0.004844665406	-0.005232319896	0.000144149493	-0.000126414259	-0.002089320267	-0.002542505895
5000.000000000000	19.996635219791	6.904254261573	-1.834070620867	0.005368433669	0.007173655392	0.965146283918	-0.956431781552	0.006045401086	0.003145820547	0.200653520722	-0.440020024322	0.003061246928	0.000762059601	0.055797460633	-0.214250999254	0.002314123416	0.000396397599	0.018061362158	-0.128839716021	0.001829925469	0.000048243663	-0.002770582849	-0.083176418049	0.001443914044	-0.000260363985	-0.010843651008	-0.052069087980	0.001032471274	-0.000350460111	-0.011375947028	-0.032628857825	0.000731706240	-0.000348526427	-0.010294847205	-0.020803400145	0.000546768935	-0.000353079049	-0.009680124444	-0.014321878166	0.000370980337	-0.000317301973	-0.007478890161	-0.008703533449	0.000245589388	-0.000248263196	-0.004848970936	-0.005230577932	0.000143955165	-0.000134736583	-0.002089570290	-0.002540206143
5000.000000000000	19.997296706274	6.907086225541	-1.833955674051	0.005354689562	0.007191471826	0.965328449258	-0.956427293329	0.006052376251	0.003148955563	0.200676078337	-0.440046362043	0.003070052127	0.000755011163	0.055812785933	-0.214246393855	0.002304040070	0.000382016737	0.018092188985	-0.128822673472	0.001831588688	0.000046598504	-0.002731735764	-0.083182131187	0.001447692973	-0.000256289550	-0.010822584879	-0.052088492673	0.001037261145	-0.000350457617	-0.011369757191	-0.032647605654	0.000728630568	-0.000358818185	-0.010299890286	-0.020807741494	0.000555650483	-0.000350046087	-0.009684013243	-0.014332385654	0.000367116942	-0.000318381807	-0.007485288519	-0.008707441724	0.000244389651	-0.000246951397	-0.004852335605	-0.005228720327	0.000143806775	-0.000135012432	-0.002091088915	-0.002538634955
5000.000000000000	19.997961604979	6.911463396141	-1.833935592819	0.005358960039	0.007189296134	0.965587511291	-0.956428770907	0.006044814245	0.003155100671	0.200758394107	-0.440121655553	0.003057050947	0.000760809597	0.055843676827	-0.214255308064	0.002298552396	0.000386591140	0.018132735094	-0.128810702185	0.001834831741	0.000046006992	-0.002699523675	-0.083204356493	0.001443592158	-0.000256694645	-0.010799692231	-0.052118719240	0.001035278192	-0.000358223908	-0.011364381291	-0.032667169746	0.000727165154	-0.000345956445	-0.010284193536	-0.020829745747	0.000547994881	-0.000353568745	-0.009689983088	-0.014344433869	0.000368875456	-0.000316775615	-0.007493099617	-0.008709490938	0.000245042674	-0.000248082307	-0.004857522010	-0.005229702483	0.000136618834	-0.000129259681	-0.002092375689	-0.002536395213
5000.000000000000	20.003288675981	6.916898544876	-1.833794613754	0.005357269248	0.007200057894	0.965899431199	-0.956398575637	0.006044529804	0.003149885789	0.200843877035	-0.440204668633	0.003064099521	0.000769559174	0.055853445295	-0.214303518107	0.002302626577	0.000395125944	0.018157966977	-0.128803963050	0.001833521646	0.000049176558	-0.002654661600	-0.083219418277	0.001441068803	-0.000247843706	-0.010778557616	-0.052141402970	0.001042053731	-0.000352676949	-0.011356578959	-0.032692085562	0.000735116637	-0.000352608923	-0.010280939819	-0.020837617002	0.000556567990	-0.000349978458	-0.009693340516	-0.014352623905	0.000372125373	-0.000318079876	-0.007500229205	-0.008717696745	0.000246930917	-0.000247574771	-0.004864987958	-0.005232468434	0.000136307600	-0.000135732942	-0.002098135147	-0.002534297289
5000.000000000000	20.003193846935	6.909131152057	-1.832990898340	0.005353901237	0.007198960227	0.966099640128	-0.956373608590	0.006046069662	0.003152864978	0.200928293912	-0.440267607837	0.003054757021	0.000764395627	0.055857860930	-0.214295759318	0.002311358047	0.000389310710	0.018185375511	-0.128812594630	0.001830319343	0.000046008051	-0.002630196922	-0.083222239057	0.001446961629	-0.000248947935	-0.010764734974	-0.052166712875	0.001039005966	-0.000352480215	-0.011358769085	-0.032713359299	0.000731429749	-0.000354903414	-0.010289724358	-0.020858426299	0.000546112401	-0.000347660655	-0.009705428348	-0.014358250721	0.000370628513	-0.000316917928	-0.007508389123	-0.008719653500	0.000245875023	-0.000249638092	-0.004871568522	-0.005228680047	0.000140908780	-0.000128798675	-0.002098230449	-0.002531919658
5000.000000000000	20.001268808152	6.914471476090	-1.833174845482	0.005352455396	0.007176247862	0.966080920370	-0.956319147100	0.006044720031	0.003167012126	0.200934469426	-0.440226150178	0.003056725354	0.000755311015	0.055856967859	-0.214257068660	0.002302471656	0.000401710811	0.018202464136	-0.128781961481	0.001831809238	0.000044417346	-0.002603411394	-0.083211849541	0.001439118341	-0.000253583173	-0.010744585029	-0.052168311910	0.001038588316	-0.000348664934	-0.011352322463	-0.032718778485	0.000728997749	-0.000349053805	-0.010301814427	-0.020869360252	0.000552186370	-0.000343833036	-0.009702737715	-0.014359970604	0.000369886207	-0.000315143937	-0.007507966487	-0.008719197801	0.000247479780	-0.000248194829	-0.004872383197	-0.005226471231	0.000138898548	-0.000133314340	-0.002098506791	-0.002530084297
5000.000000000000	20.000576769625	6.912369375214	-1.832756984519	0.005353414037	0.007191479766	0.966253752284	-0.956266207108	0.006052754805	0.003152883299	0.200996286199	-0.440248147475	0.003055155113	0.000761054025	0.055879134437	-0.214248948033	0.002306750698	0.000392598605	0.018242861220	-0.128776498124	0.001829871905	0.000043185813	-0.002567883448	-0.083218642949	0.001446435122	-0.000243143319	-0.010722987314	-0.052187595586	0.001037821409	-0.000350326040	-0.011351978570	-0.032730872183	0.000738226026	-0.000349241961	-0.010297156941	-0.020869483375	0.000553547833	-0.000345592998	-0.009704664993	-0.014365732276	0.000370845392	-0.000316005472	-0.007512174498	-0.008722410787	0.000245522441	-0.000249735997	-0.004875184457	-0.005225906769	0.000146902977	-0.000133472735	-0.002101418723	-0.002527914745
5000.000000000000	20.001395729467	6.916728341036	-1.832856921358	0.005349611701	0.007193094195	0.966309586042	-0.956267712059	0.006057723515	0.003156436646	0.201001206383	-0.440283121929	0.003068273969	0.000760073719	0.055864340534	-0.214256593604	0.002313749097	0.000393582780	0.018250234083	-0.128752868264	0.001832219386	0.000050015856	-0.002545841640	-0.083209769485	0.001440561544	-0.000255302788	-0.010718865442	-0.052195175156	0.001036975543	-0.000353541143	-0.011343451281	-0.032746306273	0.000731318094	-0.000347352797	-0.010299724999	-0.020873860439	0.000553085821	-0.000342177653	-0.009719291129	-0.014368322673	0.000369032996	-0.000317876585	-0.007520891779	-0.008718235967	0.000245568289	-0.000249571585	-0.004880304795	-0.005219485254	0.000144456419	-0.000137053890	-0.002100859146	-0.002524729800
5000.000000000000	19.998014418857	6.920598113361	-1.832858733900	0.005355876152	0.007199627785	0.966410659570	-0.956172600753	0.006044114081	0.003174303372	0.201049527216	-0.440254299799	0.003069132525	0.000764646338	0.055896574556	-0.214198717643	0.002307060869	0.000402223870	0.018277291037	-0.128729833419	0.001831271555	0.000052107300	-0.002512740577	-0.083200839153	0.001443585845	-0.000245001454	-0.010687292716	-0.052206097525	0.001040311392	-0.000349228274	-0.011330733943	-0.032749329507	0.000734128007	-0.000350401736	-0.010305631770	-0.020888566293	0.000550515750	-0.000350201921	-0.009719588383	-0.014372712581	0.000368446147	-0.000319726687	-0.007521307862	-0.008719759366	0.000246667775	-0.000249361206	-0.004879972233	-0.005217511090	0.000143436357	-0.000134296920	-0.002098592401	-0.002523517253
5000.000000000000	19.999079075890	6.921238804493	-1.832562578349	0.005351117491	0.007186336294	0.966645403702	-0.956137615564	0.006055116275	0.003161296694	0.201141131529	-0.440310580745	0.003067261601	0.000753576953	0.055909288564	-0.214235470513	0.002315352047	0.000400361332	0.018316097245	-0.128722432918	0.001830465568	0.000046867720	-0.002474559394	-0.083221378097	0.001442502650	-0.000251899872	-0.010668921222	-0.052228572255	0.001039961499	-0.000351813496	-0.011325666025	-0.032773931087	0.000738251187	-0.000346138675	-0.010291245260	-0.020896059710	0.000551283478	-0.000347058696	-0.009721700830	-0.014380419147	0.000372004654	-0.000320422496	-0.007527588334	-0.008724600675	0.000247051864	-0.000249460511	-0.004887090060	-0.005218299292	0.000144833290	-0.000133306257	-0.002103578357	-0.002520623604
5000.000000000000	20.002241282712	6.924860117069	-1.832444707892	0.005347318820	0.007184842515	0.966903096027	-0.956123908059	0.006050553138	0.003163319546	0.201198527814	-0.440392732555	0.003070382153	0.000762929193	0.055928915076	-0.214251295565	0.002319829157	0.000393933074	0.018333268792	-0.128720024129	0.001831844944	0.000046416940	-0.002448549185	-0.083235159173	0.001446455796	-0.000250279610	-0.010648477112	-0.052251056173	0.001044268621	-0.000352959374	-0.011330649020	-0.032798435596	0.000733932111	-0.000352132043	-0.010302429088	-0.020920215200	0.000550175117	-0.000349065868	-0.009732875517	-0.014389753035	0.000371193375	-0.000319613196	-0.007538107739	-0.008726067847	0.000247268747	-0.000249956740	-0.004894038919	-0.005217692257	0.000135049711	-0.000134701067	-0.002106007818	-0.002517628475
5000.000000000000	19.999859891298	6.925998749934	-1.832288104458	0.005343232908	0.007200917854	0.967022048664	-0.956066531287	0.006044990861	0.003163442056	0.201245302434	-0.440399497130	0.003067784750	0.000761601879	0.055939156137	-0.214239495244	0.002315273843	0.000392990075	0.018362615384	-0.128705293197	0.001826944145	0.000045285711	-0.002420241800	-0.083231538744	0.001446358329	-0.000250117510	-0.010636986644	-0.052269091784	0.001044509142	-0.000352665423	-0.011324396721	-0.032809728137	0.000736694988	-0.000347598138	-0.010305206404	-0.020921934362	0.000553881863	-0.000349601902	-0.009734842269	-0.014394700291	0.000372696706	-0.000317356585	-0.007543338392	-0.008727249666	0.000244694760	-0.000250584087	-0.004899649995	-0.005214243473	0.000140266291	-0.000140101181	-0.002107880777	-0.002515634534
5000.000000000000	20.000115993775	6.925987785107	-1.831942728383	0.005345791296	0.007194303458	0.967221839811	-0.956025883756	0.006051558516	0.003156431924	0.201316371584	-0.440432961343	0.003063848229	0.000772503276	0.055956973704	-0.214245355830	0.002314143302	0.000394048096	0.018395580420	-0.128699011632	0.001829409548	0.000050077800	-0.002375160083	-0.083241469217	0.001452071771	-0.000249109077	-0.010609046514	-0.052287582721	0.001045427159	-0.000350563669	-0.011311426180	-0.032827822375	0.000733304136	-0.000353008840	-0.010307896974	-0.020943783163	0.000556819985	-0.000350873348	-0.009745930869	-0.014402870776	0.000370269559	-0.000320416131	-0.007548145830	-0.008730208132	0.000246586458	-0.000249358383	-0.004899769024	-0.005214555136	0.000140471495	-0.000133179093	-0.002106356015	-0.002514786805
5000.000000000000	20.000455233579	6.925303911610	-1.831572652786	0.005343649410	0.007192332842	0.967380029971	-0.955973660984	0.006039749684	0.003161612557	0.201377278993	-0.440462113423	0.003056224451	0.000759160552	0.055972450986	-0.214239789413	0.002292558882	0.000393360049	0.018417133114	-0.128696089525	0.001830710962	0.000056020143	-0.002353382866	-0.083245603137	0.001449359954	-0.000250457599	-0.010597022029	-0.052305815107	0.001036372555	-0.000349297316	-0.011310613166	-0.032841086721	0.000741700238	-0.000349867750	-0.010302907567	-0.020967656633	0.000556017789	-0.000355016603	-0.009748809445	-0.014410276067	0.000370881010	-0.000320986716	-0.007557874134	-0.008729169982	0.000245615523	-0.000250650306	-0.004905536504	-0.005210756113	0.000137090133	-0.000131703108	-0.002108209795	-0.002511932812
5000.000000000000	19.998751881075	6.928089678608	-1.831571680094	0.005347138844	0.007196131407	0.967466675490	-0.955952579634	0.006055573520	0.003167625954	0.201427780447	-0.440491668620	0.003064834844	0.000757527951	0.055977106775	-0.214236134798	0.002301189812	0.000398089983	0.018435823484	-0.128680592416	0.001829725736	0.000053679539	-0.002337029541	-0.083242708936	0.001447780668	-0.000251528549	-0.010581421869	-0.052316628043	0.001039463376	-0.000351411754	-0.011307284130	-0.032860852620	0.000742742406	-0.000349409742	-0.010311048595	-0.020958307009	0.000550237260	-0.000358376180	-0.009758647222	-0.014410310577	0.000372061292	-0.000321139984	-0.007562260848	-0.008728002847	0.000244469517	-0.000251329180	-0.004910207222	-0.005206874699	0.000138051422	-0.000138699778	-0.002110919300	-0.002508239063
5000.000000000000	19.999173288452	6.930945561082	-1.831484015766	0.005339350654	0.007191452639	0.967673086740	-0.955905038201	0.006047434948	0.003171721966	0.201490023228	-0.440522504528	0.003063735136	0.000767614644	0.055999863891	-0.214248393664	0.002311433846	0.000383352022	0.018463462023	-0.128666377326	0.001828971124	0.000056564430	-0.002297840809	-0.083255333181	0.001450271401	-0.000246455222	-0.010567538561	-0.052337205345	0.001043231057	-0.000347825421	-0.011305574085	-0.032883850047	0.000736829178	-0.000356182534	-0.010315350080	-0.020964450406	0.000552785154	-0.000353411237	-0.009765073232	-0.014416150358	0.000373095519	-0.000321283703	-0.007566582624	-0.008729202001	0.000245876366	-0.000250858973	-0.004916269021	-0.005206241573	0.000140957271	-0.000140400752	-0.002113879945	-0.002505525315
5000.000000000000	20.002799096291	6.930296045367	-1.830934054139	0.005357896701	0.007187064954	0.967958909323	-0.955874978780	0.006045170727	0.003173386266	0.201592740296	-0.440599938816	0.003062771870	0.000767300670	0.056014258631	-0.214278939765	0.002315704552	0.000393288364	0.018483352129	-0.128668699050	0.001827724341	0.000053564129	-0.002266797555	-0.083274905888	0.001446577223	-0.000249284927	-0.010552097270	-0.052362922138	0.001033136305	-0.000351147709	-0.011303864259	-0.032895136056	0.000735993317	-0.000354990996	-0.010314634914	-0.020983009880	0.000559619907	-0.000352414713	-0.009776159810	-0.014427700357	0.000371861831	-0.000321718949	-0.007579159579	-0.008731650417	0.000245660849	-0.000252156207	-0.004922636005	-0.005204714290	0.000137245809	-0.000134118751	-0.002116531958	-0.002503194814
5000.000000000000	19.997552353146	6.932614543502	-1.830977411297	0.005357336388	0.007190622105	0.967947182188	-0.955778718945	0.006060269963	0.003168578276	0.201595835914	-0.440545993433	0.003065131266	0.000769076708	0.056033839393	-0.214237882501	0.002301690503	0.000389731419	0.018514022562	-0.128649772493	0.001830506742	0.000052174495	-0.002242281386	-0.083264349478	0.001445271556	-0.000246625658	-0.010529005211	-0.052359694736	0.001042335195	-0.000349390905	-0.011292373305	-0.032903484280	0.000742865207	-0.000349881305	-0.010335031556	-0.020987216674	0.000545915551	-0.000346800350	-0.009776671348	-0.014424002641	0.000371706898	-0.000320532035	-0.007580367333	-0.008727244423	0.000244299234	-0.000251921504	-0.004921929964	-0.005200439308	0.000142551809	-0.000135700987	-0.002115151930	-0.002501018632
5000.000000000000	19.999220971923	6.934908010820	-1.830781402419	0.005354717617	0.007192434670	0.968197989439	-0.955761881616	0.006042126910	0.003171715724	0.201693163537	-0.440619631166	0.003064822532	0.000768134118	0.056054562239	-0.214273324131	0.002300466783	0.000391796637	0.018551576926	-0.128645564327	0.001829985986	0.000054303951	-0.002208814986	-0.083283783923	0.001447879351	-0.000250384133	-0.010515486514	-0.052385702648	0.001044930907	-0.000349814334	-0.011299531792	-0.032927521900	0.000731875595	-0.000352195090	-0.010327428152	-0.021009156275	0.000549455555	-0.000350211739	-0.009786097067	-0.014436356054	0.000372816325	-0.000322900070	-0.007589972859	-0.008731730732	0.000243760773	-0.000252410958	-0.004929091953	-0.005194980442	0.000143656825	-0.000131412347	-0.002116995616	-0.002496720335
5000.000000000000	19.996253434048	6.937366679237	-1.830715764924	0.005339939218	0.007192797754	0.968264021677	-0.955678407755	0.006055402279	0.003171327555	0.201718868745	-0.440608866234	0.003071222928	0.000770869720	0.056083205978	-0.214247527906	0.002303580696	0.000396226018	0.018573364357	-0.128626121721	0.001836845661	0.000051951946	-0.002185538894	-0.083281284587	0.001445676834	-0.000249325400	-0.010497553839	-0.052392045927	0.001044549353	-0.000354665361	-0.011290966746	-0.032937547841	0.000737220939	-0.000345159346	-0.010340877641	-0.021001015818	0.000555143361	-0.000353680565	-0.009789125810	-0.014441606023	0.000371691061	-0.000320674511	-0.007593970637	-0.008728600333	0.000246168795	-0.000251390286	-0.004932121295	-0.005191805021	0.000143006192	-0.000135867706	-0.002116731876	-0.002493574465
5000.000000000000	19.998615180718	6.941002296790	-1.830677749019	0.005335672864	0.007203955453	0.968494229085	-0.955713310853	0.006041484419	0.003179325455	0.201767962071	-0.440694821489	0.003066354335	0.000774564887	0.056076432880	-0.214289654118	0.002310985887	0.000399220640	0.018564145775	-0.128633148230	0.001828459945	0.000046345058	-0.002170339930	-0.083298760282	0.001447750108	-0.000249711879	-0.010503221471	-0.052422553591	0.001047264099	-0.000348548034	-0.011299128290	-0.032957552734	0.000739268255	-0.000351332430	-0.010341051888	-0.021009909200	0.000552217121	-0.000349560951	-0.009803500171	-0.014442290357	0.000371656382	-0.000319744447	-0.007606747632	-0.008726597266	0.000243730390	-0.000252875146	-0.004940937472	-0.005189218412	0.000139089314	-0.000133530447	-0.002122492733	-0.002489121145
5000.000000000000	19.998824435397	6.938934791148	-1.830015853352	0.005350681316	0.007191122877	0.968779516476	-0.955611320974	0.006050059628	0.003174317489	0.201901855235	-0.440710661347	0.003068782529	0.000772827583	0.056126167831	-0.214315038588	0.002304681308	0.000394524940	0.018627906169	-0.128635408977	0.001826468282	0.000056249021	-0.002119658857	-0.083315437762	0.001448641103	-0.000246540647	-0.010471826933	-0.052449347012	0.001046368323	-0.000344298983	-0.011289918935	-0.032979538761	0.000743349530	-0.000353067648	-0.010347808895	-0.021035908165	0.000550566084	-0.000345260301	-0.009808343258	-0.014452590338	0.000371952443	-0.000322209133	-0.007616842870	-0.008732910738	0.000245310510	-0.000252619537	-0.004947485373	-0.005187919431	0.000139937477	-0.000139278434	-0.002123977833	-0.002485918909
5000.000000000000	19.995671902396	6.948830944189	-1.830554683235	0.005348836425	0.007195119249	0.968865096979	-0.955519739256	0.006063595848	0.003168138391	0.201947928202	-0.440716569298	0.003061011778	0.000767683862	0.056152212621	-0.214297542700	0.002314444280	0.000399433679	0.018639497417	-0.128617441537	0.001830885257	0.000062845457	-0.002094465386	-0.083320881219	0.001451388258	-0.000244922202	-0.010456256702	-0.052459548692	0.001044144000	-0.000350019514	-0.011293969559	-0.033003879509	0.000738551558	-0.000356993141	-0.010345429846	-0.021048945405	0.000557010446	-0.000353980538	-0.009816323371	-0.014455299886	0.000373636592	-0.000324260552	-0.007620435378	-0.008727247023	0.000246293163	-0.000254364719	-0.004949236700	-0.005184510680	0.000144286479	-0.000132974575	-0.002125504910	-0.002481830254
5000.000000000000	20.003267266425	6.946988036235	-1.829691957651	0.005331186562	0.007203329400	0.969319986704	-0.955491254435	0.006071204514	0.003170649228	0.202149070430	-0.440855096124	0.003070441265	0.000772685860	0.056180477914	-0.214344994095	0.002311567458	0.000394200883	0.018693595988	-0.128660163557	0.001829428591	0.000057633543	-0.002051700814	-0.083352801988	0.001446115029	-0.000241495080	-0.010437372418	-0.052514723879	0.001047661295	-0.000348176324	-0.011283675611	-0.033032796002	0.000741827222	-0.000345378191	-0.010365943238	-0.021073278332	0.000547768088	-0.000347709746	-0.009831109870	-0.014469083648	0.000375148338	-0.000322595294	-0.007635202600	-0.008739746616	0.000245867081	-0.000253364522	-0.004963082876	-0.005183092803	0.000144943881	-0.000134331242	-0.002129223367	-0.002480558674
5000.000000000000	19.998136365425	6.950859333981	-1.829997335325	0.005334849733	0.007208302559	0.969378463270	-0.955443881126	0.006058614037	0.003181743146	0.202130776479	-0.440829815959	0.003072200940	0.000771517706	0.056205591575	-0.214372903410	0.002306623500	0.000399204830	0.018695646819	-0.128630906281	0.001828985601	0.000058340795	-0.002038931125	-0.083367266069	0.001450216875	-0.000243898802	-0.010429170376	-0.052518122041	0.001043593562	-0.000352612308	-0.011286045221	-0.033046360158	0.000744578601	-0.000347839789	-0.010380398749	-0.021061888461	0.000553789703	-0.000349540244	-0.009841466380	-0.014472086750	0.000373001303	-0.000323079206	-0.007643911015	-0.008732018236	0.000245206194	-0.000253411467	-0.004967378920	-0.005178336421	0.000136790610	-0.000133519830	-0.002131942438	-0.002474873430
5000.000000000000	20.000652465680	6.953073570329	-1.829570112408	0.005317680981	0.007209581657	0.969636426669	-0.955353328757	0.006053649067	0.003188952599	0.202273544390	-0.440878251458	0.003074159182	0.000764811646	0.056252332459	-0.214358356560	0.002304841045	0.000391340576	0.018759060078	-0.128642339623	0.001833210203	0.000059606049	-0.001989033280	-0.083372514015	0.001451945263	-0.000239385172	-0.010407378738	-0.052552766092	0.001049822249	-0.000346453519	-0.011290209827	-0.033069866292	0.000736109627	-0.000354147270	-0.010366595529	-0.021080529015	0.000558498174	-0.000351690151	-0.009846485386	-0.014481747249	0.000371534927	-0.000322050456	-0.007652296103	-0.008736368101	0.000245685474	-0.000254147364	-0.004972296420	-0.005174756012	0.000140805123	-0.000136071090	-0.002132850568	-0.002472656361
5000.000000000000	19.999793549000	6.955639897712	-1.829340703523	0.005330668602	0.007212998457	0.969848835947	-0.955266369254	0.006044762353	0.003179751066	0.202329769283	-0.440907892987	0.003068727269	0.000755789533	0.056278480329	-0.214379087794	0.002304182747	0.000399446901	0.018792075546	-0.128626790983	0.001827216260	0.000064472334	-0.001958112499	-0.083395042465	0.001454561769	-0.000246908161	-0.010387432228	-0.052570831660	0.001051318038	-0.000349877529	-0.011283322618	-0.033092898660	0.000740369386	-0.000345850383	-0.010366272668	-0.021103658372	0.000556231325	-0.000350993481	-0.009856834327	-0.014491963317	0.000372678634	-0.000322030924	-0.007663383291	-0.008732987675	0.000243625092	-0.000254372171	-0.004978418640	-0.005171783746	0.000141205901	-0.000134569882	-0.002135531271	-0.002468244639
5000.000000000000	19.999683129972	6.955030586226	-1.829072635232	0.005341503386	0.007202090187	0.970095760924	-0.955240696735	0.006051738624	0.003199795399	0.202416992905	-0.440964798013	0.003066673663	0.000761810166	0.056316374449	-0.214409532848	0.002291768498	0.000400632732	0.018813999807	-0.128629676796	0.001835247911	0.000058943873	-0.001933161929	-0.083418419979	0.001452392411	-0.000242031657	-0.010378811057	-0.052602223185	0.001044766085	-0.000349076145	-0.011290289637	-0.033125390425	0.000746161240	-0.000352573331	-0.010391727620	-0.021114300580	0.000562953784	-0.000349939578	-0.009872982025	-0.014500828180	0.000371430173	-0.000323265332	-0.007675583173	-0.008734125330	0.000244848598	-0.000253552079	-0.004985835043	-0.005167092670	0.000139204544	-0.000137335391	-0.002139157772	-0.002464252313
5000.000000000000	20.001023988624	6.955263372217	-1.828655952905	0.005344664778	0.007206690245	0.970298836731	-0.955171951528	0.006059665610	0.003203313367	0.202526174139	-0.440996783070	0.003070488988	0.000766169297	0.056338244276	-0.214408983531	0.002309334016	0.000394275364	0.018854708304	-0.128634655510	0.001832489216	0.000064658285	-0.001894507237	-0.083434851036	0.001456692930	-0.000241224382	-0.010358040560	-0.052630535449	0.001049288356	-0.000351411269	-0.011285751257	-0.033139103529	0.000742767855	-0.000349527351	-0.010389205073	-0.021115334074	0.000556044272	-0.000354388217	-0.009880400378	-0.014506984907	0.000374745617	-0.000325471203	-0.007684560238	-0.008737961849	0.000244047506	-0.000255756550	-0.004993320291	-0.005165403526	0.000137383311	-0.000137992043	-0.002140441205	-0.002458892642
5000.000000000000	19.998905347568	6.958253892191	-1.828576998071	0.005328786725	0.007197460229	0.970453936877	-0.955102093325	0.006059429180	0.003193458738	0.202578198968	-0.440994346656	0.003065497665	0.000771776398	0.056368631125	-0.214418806537	0.002312850462	0.000398424029	0.018896183189	-0.128628504368	0.001833575997	0.000062227454	-0.001860677814	-0.083443995016	0.001454926815	-0.000239134031	-0.010341346341	-0.052651967337	0.001055526860	-0.000342087565	-0.011280781515	-0.033168530581	0.000746397636	-0.000361855590	-0.010402264129	-0.021142744047	0.000565553128	-0.000349433595	-0.009890156802	-0.014511725080	0.000371158488	-0.000325314421	-0.007691558804	-0.008737079613	0.000245602578	-0.000255653639	-0.004999918611	-0.005161864810	0.000136495490	-0.000130421589	-0.002142967085	-0.002456110332
5000.000000000000	20.000573293950	6.961017345931	-1.828475690363	0.005329744722	0.007202638281	0.970620429108	-0.955081123100	0.006040200457	0.003189997901	0.202656503347	-0.441052082991	0.003072734034	0.000765255504	0.056380395621	-0.214438520738	0.002295551265	0.000393618682	0.018911909930	-0.128625028731	0.001824620548	0.000070265535	-0.001833861097	-0.083458248421	0.001450346318	-0.000239739939	-0.010327477128	-0.052669712905	0.001051611624	-0.000347884008	-0.011291503169	-0.033180647888	0.000750397028	-0.000360390961	-0.010415808790	-0.021168108530	0.000556908052	-0.000356288668	-0.009901549132	-0.014517419718	0.000374266665	-0.000323128696	-0.007702186727	-0.008735774271	0.000244537088	-0.000256733752	-0.005008526899	-0.005158666723	0.000138745013	-0.000129836422	-0.002147461658	-0.002451455350
5000.000000000000	19.999520815810	6.960398437325	-1.828033504062	0.005337177911	0.007206008093	0.970867516862	-0.954978667654	0.006060962653	0.003193069457	0.202743111040	-0.441088629624	0.003075938561	0.000770937775	0.056425018071	-0.214437415650	0.002282333525	0.000404331277	0.018955657673	-0.128623879829	0.001833180577	0.000060368140	-0.001797874955	-0.083479323274	0.001455825213	-0.000237931445	-0.010309271918	-0.052700199657	0.001052839171	-0.000350233678	-0.011280570442	-0.033211462590	0.000746322195	-0.000360727398	-0.010424318130	-0.021168469034	0.000561306558	-0.000352906333	-0.009912953654	-0.014528622061	0.000374302551	-0.000326922725	-0.007712525132	-0.008737800916	0.000243424320	-0.000255550693	-0.005016009585	-0.005154162381	0.000135983705	-0.000131747848	-0.002150208164	-0.002447158659
5000.000000000000	20.001035213041	6.966175351282	-1.828039231712	0.005333856384	0.007223719479	0.971010487722	-0.954902804917	0.006044776304	0.003181020867	0.202820778961	-0.441090929017	0.003077168811	0.000759884836	0.056448712694	-0.214421833251	0.002295618942	0.000411136609	0.018995271699	-0.128624626745	0.001827704617	0.000066223565	-0.001758116843	-0.083487017368	0.001459052175	-0.000235861572	-0.010285030439	-0.052717750037	0.001055597124	-0.000343154352	-0.011282613576	-0.033231908114	0.000749524814	-0.000349003465	-0.010413995984	-0.021190868315	0.000557646712	-0.000362590185	-0.009920369312	-0.014531905893	0.000371742579	-0.000327942985	-0.007719375090	-0.008739333106	0.000246046213	-0.000256602650	-0.005020479201	-0.005150555612	0.000138362328	-0.000136364801	-0.002150883235	-0.002443719544
5000.000000000000	20.000250022635	6.968215000966	-1.827936236270	0.005341732729	0.007210005444	0.971085771942	-0.954823872526	0.006061243802	0.003183175516	0.202870714325	-0.441071988637	0.003070813723	0.000774283734	0.056478931863	-0.214424582908	0.002302740481	0.000403796201	0.019016822369	-0.128617803852	0.001834319284	0.000074742081	-0.001735761862	-0.083497387518	0.001453588242	-0.000240796820	-0.010276248863	-0.052739769092	0.001055675905	-0.000348943807	-0.011279779769	-0.033245671342	0.000748212406	-0.000353406234	-0.010433042710	-0.021195703812	0.000569623213	-0.000350683228	-0.009931488570	-0.014533995575	0.000373969763	-0.000326328967	-0.007729316988	-0.008734591401	0.000245003372	-0.000257268087	-0.005026431504	-0.005146325524	0.000136278380	-0.000140863681	-0.002153469500	-0.002438832640
5000.000000000000	19.996203202868	6.967425993156	-1.827722438605	0.005335441376	0.007213866977	0.971110844794	-0.954749035097	0.006059673299	0.003176592889	0.202892641341	-0.441055991733	0.003079522353	0.000775509129	0.056495780621	-0.214395572736	0.002315565115	0.000394502913	0.019048392051	-0.128597537696	0.001827351666	0.000066968357	-0.001710593983	-0.083491939537	0.001459061575	-0.000238964998	-0.010256313482	-0.052751292070	0.001057306205	-0.000345044856	-0.011271910640	-0.033253731807	0.000746112989	-0.000355380628	-0.010438813356	-0.021194496454	0.000558542335	-0.000348546923	-0.009940427096	-0.014532441416	0.000374052094	-0.000324762805	-0.007734526402	-0.008731370506	0.000244834839	-0.000256453322	-0.005029753804	-0.005139251659	0.000134358831	-0.000133984381	-0.002153032104	-0.002435082633
5000.000000000000	19.999983561152	6.968382083978	-1.827232580263	0.005339195169	0.007236263840	0.971494250347	-0.954721180170	0.006056526606	0.003194984135	0.203086881263	-0.441170149635	0.003079592778	0.000769963430	0.056522138426	-0.214407916318	0.002307524955	0.000403046932	0.019099222283	-0.128636825916	0.001828044171	0.000066444434	-0.001656404144	-0.083503666671	0.001459044712	-0.000235823952	-0.010233664248	-0.052804675493	0.001054571973	-0.000341171541	-0.011270954833	-0.033285368812	0.000748585469	-0.000349530400	-0.010429205428	-0.021234372514	0.000564498919	-0.000355744926	-0.009954884344	-0.014546212948	0.000372994602	-0.000326695650	-0.007747166205	-0.008741524647	0.000244408451	-0.000258448075	-0.005041868325	-0.005135639023	0.000136255411	-0.000136053638	-0.002155678224	-0.002434722051
5000.000000000000	19.999433305608	6.980653576043	-1.827767922258	0.005332562983	0.007214755604	0.971598494390	-0.954677717870	0.006044299651	0.003208078759	0.203133666908	-0.441176042409	0.003079844837	0.000771997015	0.056534388991	-0.214405164095	0.002290970188	0.000412281578	0.019129816841	-0.128622678925	0.001826629319	0.000069733856	-0.001628443122	-0.083515112624	0.001459743386	-0.000237275606	-0.010225386187	-0.052822996547	0.001055718943	-0.000356247526	-0.011278558603	-0.033299047391	0.000751086079	-0.000351331525	-0.010466026277	-0.021247510174	0.000563774126	-0.000354516616	-0.009966333344	-0.014551058020	0.000375063892	-0.000328744267	-0.007759958267	-0.008739832954	0.000242788470	-0.000258374543	-0.005050481201	-0.005128837685	0.000133687157	-0.000135814873	-0.002157027101	-0.002429730431
5000.000000000000	19.998419367873	6.979181325200	-1.827202530507	0.005331204372	0.007198755469	0.971823256491	-0.954524838425	0.006061462045	0.003211520076	0.203259611415	-0.441188965190	0.003067700115	0.000773811211	0.056592303629	-0.214393856066	0.002296278813	0.000399511134	0.019184948456	-0.128614416997	0.001832505508	0.000062541433	-0.001568909279	-0.083522456173	0.001460825646	-0.000236320343	-0.010187782822	-0.052854120314	0.001059501629	-0.000344538107	-0.011266235146	-0.033329549280	0.000747564802	-0.000355146002	-0.010440493784	-0.021263680082	0.000568092367	-0.000359998185	-0.009967924041	-0.014561392564	0.000374857270	-0.000328325205	-0.007762421778	-0.008744497843	0.000244194432	-0.000258300834	-0.005054676412	-0.005129750455	0.000130737785	-0.000137854604	-0.002159577276	-0.002427196700
5000.000000000000	19.999891569788	6.978239470366	-1.826834905264	0.005322510635	0.007208924411	0.972081382030	-0.954444546580	0.006068514476	0.003194543263	0.203375700829	-0.441244726511	0.003066587325	0.000785470010	0.056635623046	-0.214425562863	0.002301702672	0.000402208696	0.019217750377	-0.128636202550	0.001833029337	0.000068705090	-0.001548525332	-0.083559762840	0.001456111106	-0.000234624630	-0.010182501304	-0.052889800035	0.001054828863	-0.000341684069	-0.011270467311	-0.033354807988	0.000746583736	-0.000349033710	-0.010463437372	-0.021285049106	0.000564551935	-0.000361637852	-0.009980219691	-0.014573018044	0.000373478025	-0.000330168666	-0.007780138258	-0.008746968599	0.000243189059	-0.000259177628	-0.005064844127	-0.005123303259	0.000137112009	-0.000137361239	-0.002162631229	-0.002423791009
5000.000000000000	20.001644730635	6.980378552113	-1.826643995737	0.005329502485	0.007224520550	0.972253650408	-0.954471848021	0.006065199177	0.003197001785	0.203415677629	-0.441302428562	0.003082590311	0.000769212841	0.056627761740	-0.214433615248	0.002288547997	0.000412890445	0.019240384214	-0.128636907615	0.001828347748	0.000073105783	-0.001515625796	-0.083569494877	0.001455104152	-0.000235576890	-0.010170059821	-0.052919714027	0.001056253887	-0.000345121692	-0.011276074855	-0.033376608385	0.000744133461	-0.000354276375	-0.010461326957	-0.021286113568	0.000563083515	-0.000357877622	-0.010000422024	-0.014573820774	0.000373301975	-0.000329640290	-0.007792955042	-0.008743369219	0.000243538546	-0.000258647467	-0.005072319586	-0.005118555064	0.000129853473	-0.000137615256	-0.002166440276	-0.002417734566
5000.000000000000	20.000418389914	6.983682693729	-1.826380438419	0.005321452677	0.007210397950	0.972453989575	-0.954338169303	0.006065227717	0.003216776770	0.203520230312	-0.441276212439	0.003070866702	0.000775222927	0.056687750033	-0.214423970921	0.002306685749	0.000399578738	0.019291417378	-0.128620728365	0.001834579702	0.000073487713	-0.001465927324	-0.083582791553	0.001458819748	-0.000238047477	-0.010138123432	-0.052934967732	0.001058828964	-0.000346252137	-0.011265430750	-0.033400621284	0.000752108091	-0.000355978625	-0.010492864743	-0.021308422181	0.000567612258	-0.000354217337	-0.010006634792	-0.014584318280	0.000372966827	-0.000331639203	-0.007797162125	-0.008747334092	0.000243902049	-0.000260165593	-0.005079373155	-0.005117335739	0.000141602538	-0.000142818174	-0.002169004733	-0.002415148647
5000.000000000000	20.000747641949	6.987857237629	-1.826440150602	0.005326509766	0.007214171027	0.972635345007	-0.954260838747	0.006053593011	0.003187803184	0.203607779309	-0.441306260591	0.003079144585	0.000775123296	0.056727764775	-0.214451277735	0.002297274817	0.000398804988	0.019322562887	-0.128631682283	0.001832465583	0.000073897490	-0.001442780276	-0.083608084691	0.001462313371	-0.000231143815	-0.010127276644	-0.052963962730	0.001055585131	-0.000342513363	-0.011264376304	-0.033430048294	0.000761864160	-0.000356478547	-0.010479721328	-0.021334890216	0.000560346776	-0.000356584763	-0.010019863220	-0.014588973825	0.000372375057	-0.000330887310	-0.007811242087	-0.008743728954	0.000244402429	-0.000261980714	-0.005087377243	-0.005114432337	0.000133675016	-0.000135839743	-0.002170993095	-0.002410207318
5000.000000000000	20.000936974341	6.986307788340	-1.825902176130	0.005320468399	0.007215065387	0.972818726187	-0.954192601061	0.006051429506	0.003199120964	0.203681240623	-0.441322747041	0.003068047710	0.000778446097	0.056750918490	-0.214440007262	0.002304412977	0.000402210933	0.019364352036	-0.128610102622	0.001832607981	0.000075207322	-0.001399531770	-0.083611556745	0.001461710431	-0.000235382443	-0.010101719095	-0.052988469771	0.001059017648	-0.000347794258	-0.011269612138	-0.033442801335	0.000756813876	-0.000347906605	-0.010498612401	-0.021346441957	0.000568617067	-0.000351076346	-0.010029776422	-0.014599422744	0.000375939119	-0.000328768226	-0.007822720238	-0.008748521086	0.000243166530	-0.000259417657	-0.005094960664	-0.005107979722	0.000136152177	-0.000146080958	-0.002173797997	-0.002404967794
5000.000000000000	19.999699880275	6.985450737041	-1.825660115460	0.005336641197	0.007213396409	0.972885436807	-0.954139328801	0.006049939866	0.003201176331	0.203678958361	-0.441331519491	0.003082191377	0.000779580147	0.056760891932	-0.214440845484	0.002294799582	0.000402392923	0.019386565456	-0.128594357355	0.001835483666	0.000072824866	-0.001370228412	-0.083629004036	0.001461989118	-0.000236620060	-0.010093620301	-0.053003618904	0.001056846571	-0.000344951629	-0.011266010484	-0.033468029193	0.000750132732	-0.000354664623	-0.010507507930	-0.021345768812	0.000565404084	-0.000351052055	-0.010042202659	-0.014605115550	0.000375910595	-0.000331592474	-0.007832581260	-0.008739195803	0.000243314864	-0.000260299295	-0.005099971814	-0.005101478358	0.000141276141	-0.000139131920	-0.002174714959	-0.002399184716
5000.000000000000	19.999467500254	6.994579881873	-1.825819227889	0.005325420664	0.007223091862	0.973079559185	-0.954074167824	0.006056126345	0.003200221546	0.203778152862	-0.441322760505	0.003077570537	0.000783926993	0.056813594616	-0.214423635127	0.002304183788	0.000404024053	0.019438518370	-0.128592759226	0.001833738438	0.000070344055	-0.001329471087	-0.083634640675	0.001467645725	-0.000231634762	-0.010065053676	-0.053031232725	0.001065011411	-0.000348146819	-0.011265729576	-0.033485353835	0.000749843399	-0.000353076504	-0.010519022457	-0.021356607237	0.000566447693	-0.000358864114	-0.010051916850	-0.014611561349	0.000374867732	-0.000332148473	-0.007842516808	-0.008743309971	0.000241746071	-0.000261178539	-0.005106651898	-0.005097009056	0.000136678961	-0.000140222826	-0.002177348809	-0.002396579053
5000.000000000000	19.998339864729	6.998112903689	-1.825846398906	0.005308586724	0.007220629301	0.973147119851	-0.953959001288	0.006054966947	0.003193324195	0.203846838857	-0.441320700162	0.003072751077	0.000778922860	0.056845750683	-0.214420127060	0.002288983400	0.000400035398	0.019461125290	-0.128598914517	0.001830084827	0.000075944949	-0.001309263585	-0.083646771073	0.001467601327	-0.000226914733	-0.010060278014	-0.053051570434	0.001065571579	-0.000348965006	-0.011266849600	-0.033511900196	0.000756857905	-0.000352036279	-0.010514705382	-0.021369060192	0.000568586856	-0.000355358582	-0.010069278847	-0.014612858953	0.000374372261	-0.000331387064	-0.007852166548	-0.008738696385	0.000242945232	-0.000261906569	-0.005113091201	-0.005091170651	0.000130438890	-0.000137044969	-0.002180828883	-0.002391378357
5000.000000000000	19.997177713213	7.001322460734	-1.825601600095	0.005312445347	0.007204809900	0.973286343310	-0.953784869353	0.006063605550	0.003206312149	0.203961979581	-0.441275981358	0.003075060620	0.000783325040	0.056897721852	-0.214396799668	0.002293805658	0.000402240685	0.019515877564	-0.128593403759	0.001836282005	0.000068768416	-0.001262857416	-0.083655995058	0.001463511060	-0.000226352308	-0.010031758067	-0.053078893341	0.001063274784	-0.000343777331	-0.011253175861	-0.033529103878	0.000755815691	-0.000357906513	-0.010534831523	-0.021377585182	0.000564523373	-0.000357605100	-0.010073529044	-0.014622523928	0.000373028513	-0.000333285380	-0.007860121957	-0.008740498733	0.000243504608	-0.000261766385	-0.005118299157	-0.005086449145	0.000133220616	-0.000141353303	-0.002180133337	-0.002386000861
5000.000000000000	19.998193974626	6.999697900074	-1.825088305958	0.005308811413	0.007217330644	0.973506203594	-0.953713800999	0.006068828598	0.003219473709	0.204067647677	-0.441325367471	0.003080480636	0.000774534896	0.056926453571	-0.214411688565	0.002290816336	0.000409594683	0.019548592653	-0.128608014125	0.001836812349	0.000076501066	-0.001229746399	-0.083673908982	0.001464583632	-0.000233582135	-0.010015772155	-0.053108487907	0.001065768721	-0.000342930480	-0.011256923192	-0.033557690537	0.000751950149	-0.000358046772	-0.010534272911	-0.021398459185	0.000564574379	-0.000364216394	-0.010089697923	-0.014622739051	0.000373492041	-0.000334327066	-0.007873347690	-0.008742444249	0.000243257671	-0.000263266428	-0.005129425600	-0.005082944573	0.000136342082	-0.000137698745	-0.002185897505	-0.002382981480
5000.000000000000	19.997310130272	6.997356426795	-1.824482236533	0.005317422591	0.007219125497	0.973679867433	-0.953532221573	0.006055081015	0.003217518686	0.204198857443	-0.441306719076	0.003078595715	0.000780830233	0.056993785242	-0.214415118405	0.002301047576	0.000421715059	0.019600109982	-0.128624595487	0.001833241677	0.000075014818	-0.001188491146	-0.083693408510	0.001463590568	-0.000227404407	-0.009989861762	-0.053143199722	0.001065305754	-0.000344921147	-0.011257191974	-0.033580028610	0.000756352290	-0.000354953530	-0.010531769988	-0.021419500949	0.000568420685	-0.000360447776	-0.010100913099	-0.014637252661	0.000374525182	-0.000335327807	-0.007884354110	-0.008742857484	0.000241496139	-0.000263716992	-0.005136646722	-0.005076031788	0.000132141474	-0.000144567404	-0.002186527665	-0.002378291324
5000.000000000000	20.001904783178	6.999810468196	-1.824070074375	0.005310294863	0.007222776790	0.974140797167	-0.953491130082	0.006060059445	0.003209230642	0.204383992067	-0.441443736493	0.003072032586	0.000784883059	0.057034898806	-0.214473533926	0.002304773022	0.000418091230	0.019651974352	-0.128665247885	0.001833193613	0.000079636577	-0.001144615035	-0.083735473155	0.001466409222	-0.000226229110	-0.009977319053	-0.053199966532	0.001063342616	-0.000346114518	-0.011265636651	-0.033626220795	0.000759297395	-0.000355974588	-0.010547550106	-0.021439098859	0.000558360374	-0.000361991029	-0.010120715970	-0.014650523476	0.000377504841	-0.000332082508	-0.007904034827	-0.008751154574	0.000242421204	-0.000263728686	-0.005154147284	-0.005077084910	0.000133664207	-0.000138337460	-0.002193554891	-0.002373392242
5000.000000000000	20.001456102380	7.004611915555	-1.824033175028	0.005307507955	0.007231523106	0.974266084475	-0.953417324886	0.006059531304	0.003230904704	0.204440843505	-0.441430510314	0.003080164014	0.000787760078	0.057071134718	-0.214468202391	0.002303588192	0.000413333926	0.019699163021	-0.128639368744	0.001836063046	0.000080534813	-0.001104472998	-0.083748841959	0.001464969129	-0.000226651655	-0.009960267686	-0.053216276294	0.001067485241	-0.000342446294	-0.011259978104	-0.033644457057	0.000757379299	-0.000354004093	-0.010555367656	-0.021462521676	0.000571194551	-0.000359072229	-0.010131923447	-0.014658858573	0.000376978652	-0.000332911995	-0.007914126908	-0.008750106798	0.000242253324	-0.000264189910	-0.005161612663	-0.005070707876	0.000134825358	-0.000145900462	-0.002196677701	-0.002368545768
5000.000000000000	20.000624502228	7.004235359075	-1.823834513151	0.005301091861	0.007217134824	0.974378570607	-0.953337476516	0.006055738098	0.003209839848	0.204490316818	-0.441432276974	0.003081222796	0.000779419624	0.057091584601	-0.214467713882	0.002303597710	0.000395587649	0.019713909202	-0.128646476562	0.001836763484	0.000081800397	-0.001088276228	-0.083768673510	0.001465670263	-0.000221492994	-0.009947033207	-0.053241542752	0.001067048805	-0.000344367760	-0.011265930667	-0.033669310731	0.000753745308	-0.000358159391	-0.010579379621	-0.021468145108	0.000570070549	-0.000358216913	-0.010147810283	-0.014658109827	0.000375185569	-0.000335823993	-0.007928056692	-0.008744285794	0.000241352669	-0.000264047957	-0.005171181102	-0.005064418821	0.000138481369	-0.000140641509	-0.002200696519	-0.002362189480
5000.000000000000	20.002348400553	7.004099940484	-1.823079888673	0.005327790374	0.007222097240	0.974591710258	-0.953111657773	0.006062427432	0.003233099168	0.204662174938	-0.441420872236	0.003073583594	0.000793030247	0.057186269671	-0.214487282753	0.002308607408	0.000412625683	0.019772304847	-0.128662126447	0.001836357357	0.000079586567	-0.001039345456	-0.083801328062	0.001466124422	-0.000226533844	-0.009931675319	-0.053279009347	0.001069516596	-0.000345973030	-0.011264833201	-0.033697005549	0.000753213392	-0.000346443068	-0.010582769333	-0.021478741220	0.000576520256	-0.000356704046	-0.010157136388	-0.014671206558	0.000377284769	-0.000335694567	-0.007939395778	-0.008747510736	0.000240451117	-0.000265956508	-0.005180320477	-0.005060195392	0.000135469203	-0.000141671260	-0.002203666684	-0.002356552587
5000.000000000000	19.996098699591	7.003351785443	-1.822954820277	0.005309927003	0.007229084302	0.974562728811	-0.953044293052	0.006065701831	0.003215749508	0.204652066140	-0.441351368955	0.003084949104	0.000779003197	0.057209654399	-0.214433521061	0.002297686579	0.000420522612	0.019809747465	-0.128607463069	0.001830074948	0.000080269796	-0.001001038589	-0.083784086708	0.001471193445	-0.000230201464	-0.009898188016	-0.053285125677	0.001066887664	-0.000344044667	-0.011257383718	-0.033705166831	0.000758741083	-0.000361304833	-0.010583594253	-0.021489855140	0.000570470882	-0.000363717510	-0.010163786878	-0.014673228240	0.000376597139	-0.000337224689	-0.007943607994	-0.008742202092	0.000242545882	-0.000265667382	-0.005179269370	-0.005054601779	0.000128092767	-0.000138149224	-0.002203285050	-0.002353224694
5000.000000000000	19.999043008579	7.003568204641	-1.822603611663	0.005313742911	0.007240627787	0.974884072294	-0.953032088767	0.006055282565	0.003212982736	0.204755109515	-0.441449922294	0.003078580610	0.000780477546	0.057215555205	-0.214454338093	0.002307136313	0.000419525513	0.019849606073	-0.128625365854	0.001837155550	0.000079788183	-0.000962847454	-0.083810061697	0.001470578497	-0.000224708352	-0.009890052984	-0.053327725627	0.001076140645	-0.000339859123	-0.011255648857	-0.033736263643	0.000763971336	-0.000350639857	-0.010591902386	-0.021525980345	0.000562937163	-0.000361808856	-0.010180597813	-0.014686243917	0.000378030391	-0.000337772449	-0.007960081457	-0.008746630529	0.000243137418	-0.000265786951	-0.005192882369	-0.005049837925	0.000128927105	-0.000139835430	-0.002207307119	-0.002348951952
5000.000000000000	19.999580277331	7.007789327399	-1.822608310068	0.005310976903	0.007226926293	0.975043768877	-0.952998532548	0.006068728700	0.003206418907	0.204816955711	-0.441482638211	0.003075198425	0.000781597976	0.057227130510	-0.214458403833	0.002292382400	0.000425366411	0.019880948936	-0.128619068510	0.001833606082	0.000082484556	-0.000923970160	-0.083817848402	0.001467821180	-0.000224718029	-0.009869069824	-0.053350085701	0.001070667352	-0.000343029046	-0.011261964684	-0.033761121397	0.000763090523	-0.000359407248	-0.010614508342	-0.021537768196	0.000572473830	-0.000361426698	-0.010192936113	-0.014690792783	0.000375970068	-0.000334903973	-0.007970353985	-0.008747027075	0.000240586554	-0.000265625498	-0.005201339661	-0.005046356044	0.000134949484	-0.000144309889	-0.002211278334	-0.002346113248
5000.000000000000	20.000019215540	7.006699252790	-1.822255625426	0.005304800286	0.007235135201	0.975167865415	-0.952893268758	0.006045490506	0.003226816405	0.204877857737	-0.441501396059	0.003080368873	0.000772439521	0.057260381292	-0.214474998232	0.002299100250	0.000419588022	0.019896853622	-0.128615155109	0.001840264959	0.000090648436	-0.000901866121	-0.083834304994	0.001468973975	-0.000221241577	-0.009860249804	-0.053378007999	0.001073197914	-0.000339096227	-0.011258139865	-0.033778588248	0.000755928447	-0.000359275297	-0.010634223954	-0.021546216476	0.000565644203	-0.000360797425	-0.010208561528	-0.014695713168	0.000375692074	-0.000337385121	-0.007983841059	-0.008744874122	0.000240181868	-0.000266944732	-0.005209515006	-0.005039184173	0.000131822534	-0.000138735465	-0.002213112665	-0.002341079122
5000.000000000000	20.003704013388	7.007322227979	-1.821768445128	0.005297041775	0.007234578258	0.975436472919	-0.952865573730	0.006060450471	0.003237654138	0.204979148967	-0.441555610145	0.003073038005	0.000783124075	0.057286434335	-0.214472158863	0.002298291324	0.000414962106	0.019938372783	-0.128609805421	0.001839617463	0.000082431110	-0.000854981725	-0.083851383384	0.001469886004	-0.000226634296	-0.009828258489	-0.053406462562	0.001069897543	-0.000340344883	-0.011247216315	-0.033805533072	0.000759372999	-0.000354900565	-0.010617357060	-0.021567064844	0.000563170947	-0.000364176263	-0.010216615895	-0.014705509680	0.000376923922	-0.000335982932	-0.007993336357	-0.008749781512	0.000242192704	-0.000267372094	-0.005218687937	-0.005039679340	0.000126185645	-0.000143782792	-0.002216531645	-0.002336916366
5000.000000000000	20.000352592068	7.012538301499	-1.822074500726	0.005319976606	0.007231441749	0.975355496233	-0.952761592999	0.006054105238	0.003251409673	0.204955662184	-0.441488600225	0.003079041683	0.000781634667	0.057292057903	-0.214454905788	0.002283894397	0.000404438836	0.019962921711	-0.128584877773	0.001836099851	0.000082236220	-0.000850278560	-0.083843602706	0.001471167184	-0.000221456563	-0.009824118490	-0.053409598167	0.001067260817	-0.000345176407	-0.011254696449	-0.033820391618	0.000761736041	-0.000363163995	-0.010630641513	-0.021548785213	0.000575021705	-0.000364601091	-0.010226094189	-0.014702592781	0.000377265722	-0.000335555839	-0.007999496856	-0.008741080300	0.000242712564	-0.000267614291	-0.005218303097	-0.005032683193	0.000128740863	-0.000141996472	-0.002218105349	-0.002331462432
5000.000000000000	19.998073074661	7.012040906286	-1.821731885199	0.005300582751	0.007246954739	0.975505614744	-0.952668924887	0.006063918429	0.003237923810	0.205018787715	-0.441476641851	0.003081350817	0.000785849718	0.057324137767	-0.214421144875	0.002293780405	0.000410177599	0.020003151065	-0.128558843943	0.001831606411	0.000082063796	-0.000782297870	-0.083842886002	0.001471257570	-0.000216976521	-0.009791670365	-0.053424750675	0.001079449502	-0.000338360550	-0.011242271113	-0.033844382384	0.000769392756	-0.000359307739	-0.010628958889	-0.021585134708	0.000561118506	-0.000361650770	-0.010227476155	-0.014714089522	0.000374987232	-0.000337607510	-0.008001572020	-0.008743824547	0.000241706692	-0.000266009033	-0.005221020037	-0.005031746510	0.000134888954	-0.000145925754	-0.002218034434	-0.002328959757
5000.000000000000	20.001515899777	7.014107907648	-1.821511365503	0.005299351120	0.007223199609	0.975807336466	-0.952634556299	0.006054471508	0.003236403510	0.205126737923	-0.441584022520	0.003087004513	0.000781428466	0.057349924582	-0.214457245947	0.002303017427	0.000417698458	0.020036543297	-0.128580817212	0.001839385378	0.000084116464	-0.000760018116	-0.083868635348	0.001472411982	-0.000218334811	-0.009775496504	-0.053464656256	0.001082163404	-0.000340457251	-0.011244286951	-0.033868862261	0.000760508697	-0.000357104572	-0.010631634966	-0.021593190672	0.000572667290	-0.000365445211	-0.010242631813	-0.014724252862	0.000377503698	-0.000337509011	-0.008018533515	-0.008750834279	0.000240603385	-0.000268622613	-0.005234985698	-0.005028983518	0.000129031147	-0.000141419249	-0.002223446456	-0.002325327361
5000.000000000000	20.000371818344	7.021833947966	-1.821708033694	0.005302159211	0.007231730650	0.975862634934	-0.952490620658	0.006053200803	0.003229132502	0.205190391208	-0.441531613571	0.003075598194	0.000784642441	0.057381791791	-0.214430836380	0.002293312413	0.000406787631	0.020074787164	-0.128549076255	0.001828499493	0.000088566425	-0.000717894477	-0.083873796511	0.001469988598	-0.000223711407	-0.009757105005	-0.053474935948	0.001071663895	-0.000345308863	-0.011232720693	-0.033879114990	0.000763993298	-0.000358667350	-0.010619160143	-0.021605480614	0.000569223671	-0.000370213473	-0.010246881059	-0.014732587053	0.000379202567	-0.000338905986	-0.008024641752	-0.008747799564	0.000240327053	-0.000267582668	-0.005236691629	-0.005023638080	0.000134543033	-0.000143846755	-0.002222246384	-0.002322743301
5000.000000000000	19.999042520310	7.016256598411	-1.821181001476	0.005307953262	0.007227484155	0.975961325414	-0.952449480853	0.006050324323	0.003224037001	0.205216980740	-0.441535909656	0.003079577746	0.000790185206	0.057382044140	-0.214420578208	0.002294952745	0.000410629245	0.020089818864	-0.128537597401	0.001832970605	0.000086184685	-0.000696883446	-0.083879103416	0.001476860124	-0.000219222344	-0.009741815306	-0.053491310142	0.001073406608	-0.000339128925	-0.011236158069	-0.033904022700	0.000766346435	-0.000355536874	-0.010645126664	-0.021611792018	0.000574358488	-0.000369453367	-0.010255229788	-0.014734854341	0.000374385070	-0.000339253501	-0.008031926862	-0.008746269203	0.000240295482	-0.000268430815	-0.005242082699	-0.005020793911	0.000124504982	-0.000143420940	-0.002225980581	-0.002318441146
5000.000000000000	19.999452655687	7.019290478267	-1.821139984885	0.005296140036	0.007234397409	0.976043657880	-0.952398871020	0.006068336331	0.003216225684	0.205257089107	-0.441551859709	0.003085104047	0.000775222257	0.057401553918	-0.214421891538	0.002314357453	0.000418801098	0.020123422308	-0.128517533639	0.001830318347	0.000088471164	-0.000660019326	-0.083878171198	0.001469787218	-0.000219831523	-0.009722749474	-0.053509066115	0.001070501705	-0.000337883206	-0.011233433516	-0.033912839788	0.000762641887	-0.000357869284	-0.010651755127	-0.021628241412	0.000571201623	-0.000368667112	-0.010266106607	-0.014736944890	0.000377430159	-0.000339004316	-0.008040920149	-0.008747185662	0.000241023652	-0.000268200833	-0.005247196523	-0.005015064895	0.000129677245	-0.000136613268	-0.002226529527	-0.002314564235
5000.000000000000	19.999836948504	7.019567382868	-1.820854397379	0.005307847963	0.007235915904	0.976195054512	-0.952354209337	0.006058474588	0.003231131955	0.205311833713	-0.441579360066	0.003075818560	0.000787692205	0.057416119565	-0.214406805357	0.002289519163	0.000426662133	0.020152065088	-0.128515625155	0.001832784864	0.000088620516	-0.000637140636	-0.083889322530	0.001476341761	-0.000216772192	-0.009709788750	-0.053530801265	0.001074792052	-0.000339035085	-0.011233694115	-0.033937097725	0.000762446220	-0.000350662120	-0.010657341297	-0.021648672074	0.000569839966	-0.000360350162	-0.010275603100	-0.014742367628	0.000373552366	-0.000338317778	-0.008049096543	-0.008746996591	0.000240771104	-0.000268587144	-0.005251534069	-0.005011074784	0.000133389209	-0.000145596265	-0.002228086452	-0.002311108695
5000.000000000000	19.994796202608	7.021833484589	-1.821014214121	0.005293847212	0.007235873360	0.976080078340	-0.952314262963	0.006062694692	0.003226326704	0.205262075571	-0.441489904029	0.003084330877	0.000783529087	0.057398466921	-0.214334577554	0.002288996744	0.000415996469	0.020162972400	-0.128460171685	0.001838920705	0.000087040605	-0.000603858366	-0.083859995143	0.001476361282	-0.000216028636	-0.009679928146	-0.053527986672	0.001072827318	-0.000343080268	-0.011223165663	-0.033938258542	0.000760536081	-0.000349578804	-0.010661400163	-0.021634046200	0.000578061830	-0.000354886529	-0.010278602009	-0.014736478187	0.000377654561	-0.000338945513	-0.008047825204	-0.008738343054	0.000241529679	-0.000268722065	-0.005250614534	-0.005006589590	0.000132063688	-0.000142172601	-0.002226884615	-0.002308406956
5000.000000000000	20.000602739651	7.021207666516	-1.820448222134	0.005300046203	0.007236154144	0.976451142556	-0.952264098057	0.006052566733	0.003223662229	0.205402693187	-0.441618269722	0.003081532119	0.000784542238	0.057415875014	-0.214378596191	0.002300636213	0.000420107144	0.020201393090	-0.128482503220	0.001834521981	0.000095400404	-0.000566987176	-0.083890300305	0.001470823791	-0.000220674883	-0.009667061166	-0.053574297512	0.001074313144	-0.000337459814	-0.011225290800	-0.033970851684	0.000752828537	-0.000353523222	-0.010664934483	-0.021662694507	0.000572843250	-0.000369262319	-0.010290686424	-0.014753838667	0.000376394528	-0.000338885417	-0.008064492961	-0.008746662980	0.000240416592	-0.000268760360	-0.005265051830	-0.005005239750	0.000131438815	-0.000140479377	-0.002232225431	-0.002305518489
5000.000000000000	20.000403857962	7.026002869426	-1.820557073467	0.005295094295	0.007238314240	0.976569599780	-0.952189357402	0.006050265199	0.003222538633	0.205444799509	-0.441622849961	0.003078019329	0.000783398085	0.057448079302	-0.214370294287	0.002303791158	0.000411507839	0.020230602299	-0.128463227868	0.001832043321	0.000083546180	-0.000535181786	-0.083886746585	0.001472644950	-0.000211550552	-0.009647977088	-0.053587588652	0.001077792669	-0.000342172380	-0.011219257944	-0.033984609683	0.000765063614	-0.000360174896	-0.010663556316	-0.021677531231	0.000568421756	-0.000360276427	-0.010298119987	-0.014758047360	0.000374779981	-0.000339760215	-0.008070053514	-0.008746640057	0.000240852025	-0.000269143724	-0.005267855654	-0.005002308102	0.000131733936	-0.000142943731	-0.002232519978	-0.002303770588
5000.000000000000	19.998397995510	7.028533842371	-1.820586408119	0.005312951129	0.007226010187	0.976573201972	-0.952148333017	0.006054602367	0.003235134639	0.205443567125	-0.441609762962	0.003088829963	0.000788019338	0.057445303670	-0.214356886166	0.002301926799	0.000407899433	0.020236095208	-0.128448351424	0.001827654849	0.000094062791	-0.000513083199	-0.083880629466	0.001478902271	-0.000219850816	-0.009628494832	-0.053596192245	0.001076207865	-0.000341598655	-0.011218780749	-0.033991060451	0.000768338526	-0.000359108356	-0.010680877925	-0.021693028449	0.000572508535	-0.000360307236	-0.010308497829	-0.014762481893	0.000374315123	-0.000342468188	-0.008075665253	-0.008742708992	0.000241461007	-0.000269339635	-0.005271284899	-0.004998244531	0.000133936281	-0.000142100240	-0.002234480026	-0.002298943472
5000.000000000000	19.997104944344	7.030058977574	-1.820607476702	0.005290342232	0.007244683489	0.976628178320	-0.952120678887	0.006053780129	0.003229530178	0.205449766349	-0.441621344291	0.003083647296	0.000779477438	0.057434510341	-0.214345274711	0.002294149310	0.000418500422	0.020257259394	-0.128421651720	0.001833986958	0.000088833094	-0.000492736841	-0.083881895909	0.001473957778	-0.000218739239	-0.009620756453	-0.053603777386	0.001077204849	-0.000337518734	-0.011222538914	-0.034009357915	0.000768998870	-0.000359423519	-0.010675642838	-0.021675446634	0.000564347551	-0.000370222949	-0.010315052837	-0.014759761671	0.000377697384	-0.000339887044	-0.008083047959	-0.008738258928	0.000241515828	-0.000270179810	-0.005276710975	-0.004993109252	0.000127631968	-0.000142821143	-0.002237041475	-0.002294785251
5000.000000000000	19.999545808598	7.030290638661	-1.820156491549	0.005302209197	0.007226428334	0.976907852622	-0.952026342629	0.006060666566	0.003240284244	0.205563184221	-0.441650582788	0.003086015551	0.000772647638	0.057480498025	-0.214356768516	0.002301768004	0.000405806516	0.020302704448	-0.128417960750	0.001834773443	0.000087527970	-0.000436765894	-0.083897989371	0.001477120406	-0.000213488208	-0.009590521344	-0.053631844760	0.001079296743	-0.000336812969	-0.011211536597	-0.034038817798	0.000761828835	-0.000359233191	-0.010673764415	-0.021701363797	0.000567731446	-0.000368025057	-0.010322281491	-0.014771057024	0.000375524515	-0.000341407408	-0.008088835224	-0.008745282562	0.000239887450	-0.000269411820	-0.005281720537	-0.004992871758	0.000127844485	-0.000145592490	-0.002237550390	-0.002291864356
5000.000000000000	19.999042755051	7.031862872054	-1.820063502103	0.005310034126	0.007234841664	0.977008780446	-0.952008632504	0.006052957335	0.003236496324	0.205589656922	-0.441688764026	0.003077785473	0.000790236474	0.057471145871	-0.214338071922	0.002301771254	0.000418383102	0.020323350236	-0.128412009697	0.001832810035	0.000093327723	-0.000416361644	-0.083896332951	0.001474647744	-0.000213131238	-0.009578740090	-0.053653581011	0.001076444345	-0.000336569424	-0.011205191634	-0.034056595115	0.000773006461	-0.000356068343	-0.010684617927	-0.021720246360	0.000579057719	-0.000369443175	-0.010330126457	-0.014771120658	0.000378534326	-0.000341064600	-0.008096359079	-0.008744669892	0.000240450375	-0.000270712510	-0.005288096627	-0.004988907772	0.000129953690	-0.000143881553	-0.002239466655	-0.002288627089
5000.000000000000	20.000358025205	7.033416876346	-1.819753150793	0.005301613904	0.007238489177	0.977196933711	-0.951927241498	0.006055228201	0.003250554439	0.205655502551	-0.441719736119	0.003082671286	0.000785679839	0.057495298351	-0.214332326328	0.002294839442	0.000429169084	0.020362833488	-0.128389191499	0.001831258714	0.000098218142	-0.000367619947	-0.083899873704	0.001475440678	-0.000213660358	-0.009555517256	-0.053671374458	0.001079138881	-0.000338423494	-0.011204078035	-0.034068473035	0.000763694148	-0.000366024190	-0.010699403397	-0.021743573185	0.000574281514	-0.000366023835	-0.010338057556	-0.014786598753	0.000375811286	-0.000339958426	-0.008105721565	-0.008749244454	0.000239679083	-0.000270897621	-0.005293134187	-0.004986089944	0.000128462524	-0.000140379358	-0.002239649799	-0.002285945823
5000.000000000000	19.996643741449	7.037504870342	-1.820098024952	0.005302738139	0.007240181959	0.977197758130	-0.951902989801	0.006060687631	0.003245255163	0.205651139588	-0.441712987752	0.003077473009	0.000794028815	0.057484810809	-0.214305112196	0.002284136865	0.000429890295	0.020375956181	-0.128360996763	0.001834688334	0.000093988881	-0.000345920172	-0.083904315981	0.001476122076	-0.000216107855	-0.009542198760	-0.053690894755	0.001084802138	-0.000344032507	-0.011201130884	-0.034079173378	0.000767837402	-0.000348961453	-0.010697952373	-0.021737130116	0.000575151021	-0.000364203972	-0.010344632595	-0.014785199792	0.000377574974	-0.000343018466	-0.008112912514	-0.008742392494	0.000239492738	-0.000270786037	-0.005296647004	-0.004979208035	0.000127538703	-0.000148670974	-0.002240652441	-0.002282148860
5000.000000000000	20.000149528917	7.043905725632	-1.820187302045	0.005282446514	0.007241885956	0.977382729919	-0.951901529081	0.006052389010	0.003245508424	0.205716998472	-0.441768214372	0.003081247754	0.000787195781	0.057483851076	-0.214321489428	0.002290871187	0.000409184611	0.020389439614	-0.128355720180	0.001833444313	0.000098334466	-0.000321388636	-0.083906948687	0.001476245799	-0.000207299318	-0.009527203263	-0.053710956920	0.001081069644	-0.000333274959	-0.011199223788	-0.034102317320	0.000771980917	-0.000357677813	-0.010699980381	-0.021749085193	0.000580423754	-0.000360553124	-0.010352272241	-0.014792098827	0.000376734667	-0.000344936015	-0.008121551441	-0.008745756309	0.000239310221	-0.000271329218	-0.005303341994	-0.004977831325	0.000128353277	-0.000148550574	-0.002243020767	-0.002278469291
5000.000000000000	20.000141378589	7.043008357729	-1.819971897637	0.005301684477	0.007237349899	0.977448039995	-0.951890824543	0.006061275203	0.003239445587	0.205712719901	-0.441797080499	0.003079614457	0.000785570557	0.057466276367	-0.214305976830	0.002290899874	0.000411748321	0.020408290872	-0.128339442540	0.001832729969	0.000100658378	-0.000291366929	-0.083908228770	0.001476428665	-0.000208323336	-0.009514604634	-0.053723078978	0.001079833633	-0.000340851933	-0.011201435120	-0.034118269569	0.000764259486	-0.000359201913	-0.010715408337	-0.021757279104	0.000580758563	-0.000369879229	-0.010359785801	-0.014795133852	0.000378673537	-0.000341320886	-0.008130731349	-0.008742526573	0.000239544083	-0.000272750261	-0.005310054827	-0.004970538454	0.000127245546	-0.000146177064	-0.002244083727	-0.002275597572
5000.000000000000	19.999493101550	7.042062730918	-1.819622904092	0.005302866604	0.007234102485	0.977478074075	-0.951757201030	0.006060324814	0.003234091837	0.205750599343	-0.441737415437	0.003076155454	0.000789975703	0.057508247252	-0.214257859360	0.002289546120	0.000435731789	0.020454470630	-0.128312995244	0.001833126757	0.000100961288	-0.000257051158	-0.083897734923	0.001476888558	-0.000214687574	-0.009489612025	-0.053731570718	0.001084273223	-0.000334198615	-0.011188754939	-0.034133448746	0.000765239187	-0.000358434629	-0.010708711005	-0.021758537734	0.000574463352	-0.000360468957	-0.010364267858	-0.014797895818	0.000379995748	-0.000341587146	-0.008131726896	-0.008740511599	0.000238570126	-0.000270654724	-0.005307541706	-0.004968527940	0.000130597191	-0.000146026843	-0.002242713275	-0.002272742020
5000.000000000000	19.999479170417	7.042368231528	-1.819480167603	0.005295740186	0.007251836562	0.977651730810	-0.951766695736	0.006063591095	0.003241199144	0.205793527451	-0.441806457829	0.003080499888	0.000785654268	0.057497009238	-0.214282471673	0.002290981649	0.000413819022	0.020455812971	-0.128304899896	0.001831839217	0.000099352915	-0.000227472505	-0.083907597396	0.001479153871	-0.000213150467	-0.009475181925	-0.053757857940	0.001083775153	-0.000337173679	-0.011194449319	-0.034148984705	0.000774877238	-0.000360358821	-0.010715084408	-0.021773976156	0.000570910103	-0.000362417954	-0.010376018317	-0.014803364362	0.000377975031	-0.000341962388	-0.008140773151	-0.008740573905	0.000238526371	-0.000272667560	-0.005316124792	-0.004965076621	0.000124665262	-0.000138959905	-0.002245111872	-0.002269169992
5000.000000000000	19.998157880200	7.047318406599	-1.819717372244	0.005285978911	0.007227344549	0.977649109870	-0.951729533793	0.006063294585	0.003232147513	0.205783037376	-0.441788113843	0.003095957714	0.000785980530	0.057493511824	-0.214245050922	0.002300622176	0.000427413848	0.020476720822	-0.128276870100	0.001828913097	0.000093777197	-0.000216193051	-0.083902454682	0.001482724617	-0.000208051632	-0.009463733745	-0.053761451215	0.001082660019	-0.000336976735	-0.011194630498	-0.034157829635	0.000767090956	-0.000356831325	-0.010725681735	-0.021788401907	0.000578165840	-0.000365211995	-0.010388366561	-0.014796628053	0.000376443478	-0.000341988644	-0.008145159646	-0.008735414165	0.000239395685	-0.000272536699	-0.005318645187	-0.004960161014	0.000127052967	-0.000137967397	-0.002247222319	-0.002265507442
5000.000000000000	19.997973053974	7.051188958664	-1.819747888125	0.005305737928	0.007239050940	0.977771429492	-0.951688125253	0.006070888597	0.003247635809	0.205822587040	-0.441794869662	0.003078682652	0.000783071355	0.057501026004	-0.214245037602	0.002297718161	0.000424143570	0.020502460528	-0.128264075512	0.001825709178	0.000097092169	-0.000174789754	-0.083905052393	0.001478897833	-0.000211149993	-0.009437640342	-0.053774361445	0.001085208929	-0.000340377515	-0.011191692566	-0.034176717672	0.000773466828	-0.000359280033	-0.010720206635	-0.021788949779	0.000578932404	-0.000371074523	-0.010392674674	-0.014807277856	0.000377496455	-0.000344264027	-0.008154437744	-0.008736992875	0.000239607989	-0.000272836881	-0.005322787259	-0.004955558711	0.000132846802	-0.000147182928	-0.002246378311	-0.002262076705
5000.000000000000	20.000093777296	7.052527037538	-1.819486650427	0.005304223298	0.007238126230	0.978036893746	-0.951648674535	0.006071874609	0.003251898424	0.205910996425	-0.441879292303	0.003078235170	0.000785072793	0.057517439270	-0.214248233077	0.002290211666	0.000419138266	0.020533515053	-0.128247690772	0.001830233846	0.000103117593	-0.000141505451	-0.083919713374	0.001483314348	-0.000207119188	-0.009422505902	-0.053805664529	0.001083024470	-0.000336104247	-0.011182577832	-0.034201674857	0.000770654863	-0.000358266894	-0.010730988371	-0.021815770761	0.000575636481	-0.000367718770	-0.010401858237	-0.014821096742	0.000374933350	-0.000342684579	-0.008162706758	-0.008736408255	0.000238235534	-0.000272928104	-0.005328781394	-0.004954797711	0.000131574668	-0.000145281841	-0.002250110954	-0.002259870084
5000.000000000000	19.999292223390	7.057621340333	-1.819737043806	0.005295695809	0.007245234172	0.978104156014	-0.951665740831	0.006046972875	0.003241395015	0.205896431148	-0.441919517384	0.003085777141	0.000782295022	0.057493564357	-0.214267997625	0.002301861630	0.000416215097	0.020538006921	-0.128234400936	0.001832533886	0.000096912658	-0.000126565287	-0.083923705614	0.001480617404	-0.000209515543	-0.009418517391	-0.053823177629	0.001084501760	-0.000337041171	-0.011190318651	-0.034217584067	0.000771228927	-0.000358436248	-0.010740219924	-0.021826198532	0.000572583765	-0.000367803757	-0.010417569595	-0.014821820716	0.000378758471	-0.000346844168	-0.008177629040	-0.008737394192	0.000240169623	-0.000271939566	-0.005335301252	-0.004947296122	0.000130525239	-0.000139932109	-0.002254508306	-0.002255622833
5000.000000000000	20.002221535467	7.057424390066	-1.819503479353	0.005301093800	0.007239331534	0.978280315488	-0.951682219434	0.006056537530	0.003242439243	0.205949452892	-0.441971070614	0.003081126312	0.000788887828	0.057492894337	-0.214270133056	0.002309410104	0.000418725903	0.020557222777	-0.128223138541	0.001830975769	0.000097214691	-0.000090647526	-0.083936391636	0.001482927496	-0.000208540025	-0.009400951824	-0.053842851230	0.001084437253	-0.000332979561	-0.011191677287	-0.034239196583	0.000769219216	-0.000363099841	-0.010760486352	-0.021833371329	0.000568119675	-0.000374222767	-0.010425203140	-0.014828846701	0.000376797093	-0.000343641024	-0.008185610250	-0.008736274243	0.000237417646	-0.000274139104	-0.005343065446	-0.004945176001	0.000122689775	-0.000145959904	-0.002254639655	-0.002251505625
5000.000000000000	20.000323263570	7.061324939513	-1.819648658354	0.005289067218	0.007226893396	0.978248874957	-0.951623514214	0.006053018837	0.003251367595	0.205933053936	-0.441933005112	0.003082072844	0.000786923673	0.057484197777	-0.214232459809	0.002289934451	0.000427653799	0.020584526703	-0.128192371277	0.001828554682	0.000098756751	-0.000064998192	-0.083918870434	0.001482661440	-0.000209149540	-0.009384498696	-0.053849719545	0.001087886732	-0.000338321725	-0.011182141415	-0.034246439272	0.000782044552	-0.000363350049	-0.010750982143	-0.021832132354	0.000559813840	-0.000367605646	-0.010430858307	-0.014827766952	0.000379208130	-0.000345041953	-0.008190016724	-0.008730048605	0.000239625139	-0.000273518607	-0.005343996809	-0.004939727066	0.000128563018	-0.000139411003	-0.002254495242	-0.002248937406
5000.000000000000	19.998795696349	7.061887097691	-1.819437533191	0.005288976226	0.007228464887	0.978302693569	-0.951569886270	0.006058535966	0.003256942091	0.205944427150	-0.441924509635	0.003083403215	0.000793185517	0.057500623951	-0.214200577325	0.002295876102	0.000409758159	0.020600091640	-0.128166532656	0.001833612798	0.000101825000	-0.000035062011	-0.083915225196	0.001479194988	-0.000206554271	-0.009361885615	-0.053866158836	0.001085147795	-0.000339080922	-0.011181444626	-0.034258208939	0.000777528137	-0.000364098477	-0.010764307872	-0.021833872573	0.000575254445	-0.000376383817	-0.010438560922	-0.014827881424	0.000380762697	-0.000346542507	-0.008195476073	-0.008729490945	0.000238773058	-0.000273368952	-0.005346939698	-0.004935969116	0.000128682689	-0.000141391149	-0.002253720855	-0.002244134476
5000.000000000000	19.996289106299	7.071525402352	-1.819923936822	0.005292288866	0.007232594744	0.978409514866	-0.951484511218	0.006070377087	0.003250703723	0.205993106786	-0.441923633432	0.003083544564	0.000795080143	0.057516851487	-0.214180423156	0.002300915651	0.000416748634	0.020637150081	-0.128143727783	0.001830364375	0.000099131748	0.000006544580	-0.083917380464	0.001479806844	-0.000205568931	-0.009338046923	-0.053876281843	0.001092017811	-0.000335163186	-0.011168702185	-0.034273066322	0.000772117325	-0.000360779782	-0.010758106966	-0.021848745708	0.000582513790	-0.000372795951	-0.010442556882	-0.014833385786	0.000378515281	-0.000346305011	-0.008198076251	-0.008728529421	0.000238256268	-0.000273631512	-0.005347950632	-0.004932279310	0.000123945627	-0.000143194448	-0.002255194301	-0.002243385535
5000.000000000000	20.002661684439	7.075716338141	-1.819786972846	0.005287898919	0.007234401388	0.978609236148	-0.951486836480	0.006057591006	0.003239614964	0.206051113079	-0.441998487057	0.003084885642	0.000780643581	0.057521240843	-0.214201554940	0.002298658029	0.000421858496	0.020660825592	-0.128133087790	0.001826288868	0.000103119923	0.000037361568	-0.083924796906	0.001480560612	-0.000204441129	-0.009322606618	-0.053896188819	0.001082121399	-0.000333175263	-0.011171872677	-0.034302545825	0.000776673628	-0.000361862374	-0.010767338490	-0.021879664734	0.000583424286	-0.000372242555	-0.010449736738	-0.014838973810	0.000379337666	-0.000348102634	-0.008207167747	-0.008730321094	0.000237126370	-0.000273557722	-0.005357671666	-0.004931282941	0.000125993421	-0.000151808896	-0.002259460442	-0.002238861207
5000.000000000000	19.997970716958	7.077466860946	-1.820114705492	0.005298845773	0.007235306600	0.978583438946	-0.951514030856	0.006063036274	0.003242373925	0.206005467407	-0.441992514049	0.003079398089	0.000791120325	0.057492611640	-0.214168079841	0.002285564075	0.000420496631	0.020658322139	-0.128120128479	0.001827891966	0.000100726068	0.000039593481	-0.083915537299	0.001480158912	-0.000206202801	-0.009318765682	-0.053900797992	0.001081205317	-0.000336940938	-0.011177065214	-0.034305585024	0.000778048215	-0.000370288263	-0.010776821311	-0.021879143541	0.000568934798	-0.000373276206	-0.010466196243	-0.014840293167	0.000378083171	-0.000346279919	-0.008216067657	-0.008723754006	0.000240203887	-0.000274463280	-0.005358792637	-0.004924041220	0.000123931298	-0.000141631150	-0.002259334495	-0.002234181889
5000.000000000000	20.002548772600	7.085821230452	-1.820232795634	0.005298278742	0.007240694676	0.978938879920	-0.951489907827	0.006063686183	0.003258071410	0.206127158396	-0.442084160589	0.003085821086	0.000793664421	0.057513051632	-0.214205631061	0.002282270988	0.000428971444	0.020698492790	-0.128119590234	0.001828349020	0.000100437392	0.000093583223	-0.083939369931	0.001483402055	-0.000203993908	-0.009294119144	-0.053942084410	0.001087653538	-0.000338040546	-0.011171276546	-0.034331186093	0.000771903579	-0.000358823701	-0.010789305270	-0.021893427880	0.000580364423	-0.000367727274	-0.010468736358	-0.014854512372	0.000377647014	-0.000349820410	-0.008228224285	-0.008732496490	0.000237580210	-0.000274923029	-0.005369776980	-0.004922003150	0.000123163914	-0.000146474218	-0.002261885606	-0.002232096209
5000.000000000000	20.005077565978	7.094574488757	-1.820619714974	0.005295905297	0.007247681504	0.979031829648	-0.951477964766	0.006072954125	0.003249468083	0.206146202333	-0.442130762857	0.003082534384	0.000780939283	0.057503639487	-0.214212224858	0.002286899074	0.000433162908	0.020709657696	-0.128102671666	0.001828187473	0.000100266160	0.000115395935	-0.083941689072	0.001485496778	-0.000206404087	-0.009279922651	-0.053959252877	0.001090533172	-0.000335982787	-0.011176026472	-0.034360456440	0.000775438888	-0.000362012815	-0.010794865604	-0.021896366756	0.000579328411	-0.000372207512	-0.010482881076	-0.014858640309	0.000378855250	-0.000347752308	-0.008237355705	-0.008729513490	0.000237277474	-0.000276291711	-0.005375748170	-0.004917082723	0.000125079397	-0.000146168441	-0.002265440178	-0.002227072200
5000.000000000000	20.001235742353	7.096921560630	-1.820702130261	0.005287407253	0.007247212988	0.978997674278	-0.951411608820	0.006069103802	0.003245210845	0.206138712274	-0.442082321636	0.003080609702	0.000782611909	0.057507013129	-0.214142872322	0.002300909503	0.000421231550	0.020738154054	-0.128062659951	0.001833134910	0.000102784162	0.000153813461	-0.083925321348	0.001483613057	-0.000207844395	-0.009260359261	-0.053959681629	0.001090860343	-0.000338456446	-0.011167132098	-0.034359334849	0.000776604751	-0.000365139536	-0.010781755376	-0.021903713689	0.000580155438	-0.000374583178	-0.010486860954	-0.014856127035	0.000376865526	-0.000347508243	-0.008238774833	-0.008725035902	0.000237790466	-0.000274467416	-0.005375110874	-0.004909039294	0.000126812438	-0.000150846250	-0.002260304620	-0.002224676780
5000.000000000000	20.000857261988	7.099694809509	-1.820915658128	0.005304804507	0.007231158683	0.979090356117	-0.951495610895	0.006056377906	0.003258194702	0.206102741015	-0.442143662804	0.003083946178	0.000786521189	0.057465498670	-0.214143350865	0.002274759397	0.000406715927	0.020734136421	-0.128041128812	0.001833306499	0.000102155986	0.000168314588	-0.083926141961	0.001483697915	-0.000200026434	-0.009249567357	-0.053984268661	0.001087750308	-0.000334533258	-0.011169412485	-0.034377928254	0.000778734762	-0.000365054113	-0.010795568284	-0.021920799668	0.000574931895	-0.000374314170	-0.010494492539	-0.014861450000	0.000378028831	-0.000346351452	-0.008248200517	-0.008722811341	0.000236552378	-0.000277409223	-0.005382405081	-0.004905390621	0.000122290300	-0.000144599972	-0.002264263779	-0.002219561193
5000.000000000000	19.999426341430	7.101754695917	-1.820893334831	0.005298724893	0.007253090620	0.979177686970	-0.951409113252	0.006049404884	0.003262115276	0.206148162513	-0.442134071573	0.003069653518	0.000785885442	0.057491567169	-0.214128480610	0.002280690124	0.000427672656	0.020767357726	-0.128019608531	0.001826415289	0.000099281470	0.000198362797	-0.083924686470	0.001482858114	-0.000203240419	-0.009228476754	-0.053990335656	0.001089723936	-0.000332757862	-0.011165268685	-0.034392278832	0.000776086232	-0.000358524896	-0.010801860070	-0.021924063360	0.000576469174	-0.000378640840	-0.010506463229	-0.014859686461	0.000377093277	-0.000350061209	-0.008254594930	-0.008719218805	0.000236846421	-0.000276049871	-0.005384779043	-0.004900877783	0.000128200930	-0.000152512523	-0.002263760636	-0.002217370801
5000.000000000000	19.996662166820	7.105355311456	-1.821100226519	0.005289309266	0.007251608160	0.979057060786	-0.951344149757	0.006066132458	0.003250809294	0.206103217565	-0.442081890420	0.003082508781	0.000785962417	0.057477125097	-0.214077737531	0.002291171734	0.000429222377	0.020772513974	-0.127995566899	0.001830680981	0.000098949541	0.000213058680	-0.083908168097	0.001479498627	-0.000200545943	-0.009223396820	-0.053987787773	0.001090486575	-0.000332851963	-0.011161741719	-0.034398923614	0.000773756272	-0.000364698738	-0.010797381136	-0.021916108791	0.000576787347	-0.000373105130	-0.010513512335	-0.014853062639	0.000377232542	-0.000347821851	-0.008257643591	-0.008710168393	0.000237704896	-0.000275192010	-0.005383275804	-0.004893706215	0.000122463335	-0.000151261796	-0.002264508748	-0.002212955255
5000.000000000000	20.001279514291	7.111709661512	-1.821182480690	0.005289361914	0.007254995606	0.979432121839	-0.951359765651	0.006076717186	0.003261760443	0.206224990396	-0.442190623246	0.003087075424	0.000791476870	0.057511196825	-0.214131350231	0.002293736448	0.000415060214	0.020813111526	-0.127992008222	0.001826174525	0.000109297528	0.000256263316	-0.083934180120	0.001481638070	-0.000203942553	-0.009194822214	-0.054022327208	0.001088554385	-0.000337713231	-0.011158985742	-0.034420444014	0.000777017621	-0.000361899420	-0.010815354471	-0.021946168328	0.000581770707	-0.000369118635	-0.010523441758	-0.014867017460	0.000376166847	-0.000349500297	-0.008268044089	-0.008715152588	0.000237004009	-0.000277510973	-0.005393778014	-0.004895003717	0.000127627665	-0.000151149096	-0.002267261468	-0.002210111506
5000.000000000000	19.995854425924	7.117274425157	-1.821667825418	0.005308097339	0.007257247902	0.979260430060	-0.951302484918	0.006064711824	0.003254427380	0.206179770391	-0.442120408314	0.003086651313	0.000780896655	0.057490418506	-0.214061305705	0.002282255462	0.000426673780	0.020817977896	-0.127960371848	0.001828537327	0.000105618782	0.000262599261	-0.083914274943	0.001482410486	-0.000201492929	-0.009190052097	-0.054022389889	0.001093423196	-0.000331351376	-0.011165382395	-0.034426120147	0.000774547002	-0.000364977091	-0.010822222967	-0.021933289309	0.000580062458	-0.000375077864	-0.010529834470	-0.014861583427	0.000377461004	-0.000347810073	-0.008272123391	-0.008706812151	0.000234767010	-0.000277730850	-0.005393478595	-0.004883079722	0.000127162476	-0.000142856438	-0.002264302428	-0.002204540165
5000.000000000000	19.996975993449	7.123034614122	-1.821690536382	0.005297109801	0.007251300276	0.979437740128	-0.951227966481	0.006061364743	0.003256562731	0.206230279489	-0.442136238769	0.003079258939	0.000785314149	0.057508154716	-0.214067957697	0.002276491903	0.000423295624	0.020848648894	-0.127943993292	0.001828914285	0.000105888060	0.000308577840	-0.083923677081	0.001482913980	-0.000203525942	-0.009166480847	-0.054042678699	0.001094256443	-0.000335907478	-0.011161518757	-0.034451415674	0.000776491922	-0.000360912426	-0.010820125669	-0.021955506420	0.000573286142	-0.000374457130	-0.010536860244	-0.014867579284	0.000377699942	-0.000350321077	-0.008279166319	-0.008705639192	0.000236536670	-0.000277115036	-0.005398205586	-0.004880907659	0.000130441630	-0.000148793675	-0.002266609662	-0.002201799530
5000.000000000000	20.001941462569	7.128035960768	-1.821731554239	0.005293737817	0.007246880947	0.979845745817	-0.951280888820	0.006065882461	0.003246211732	0.206346317382	-0.442301485721	0.003086410595	0.000784410535	0.057514646315	-0.214125443837	0.002290934901	0.000411642251	0.020871648168	-0.127962766790	0.001821122136	0.000105077000	0.000341359603	-0.083956902382	0.001485524203	-0.000198492643	-0.009151581569	-0.054085265978	0.001094213761	-0.000334479487	-0.011164901368	-0.034487444835	0.000774943683	-0.000359505217	-0.010836150633	-0.021982063461	0.000578498105	-0.000377604278	-0.010553183764	-0.014878544172	0.000377173286	-0.000351996793	-0.008296281261	-0.008712534868	0.000237291299	-0.000277573837	-0.005411855546	-0.004881070138	0.000129291688	-0.000151225122	-0.002274172931	-0.002197542109
5000.000000000000	19.996952466164	7.131250852880	-1.821977777690	0.005298426329	0.007233149138	0.979744415875	-0.951214282086	0.006078230685	0.003264172877	0.206325593566	-0.442224895111	0.003084577146	0.000782755415	0.057520171548	-0.214067322236	0.002286437885	0.000428114011	0.020893502306	-0.127923137706	0.001831292782	0.000106510433	0.000359313065	-0.083935440134	0.001484815823	-0.000198330824	-0.009135322196	-0.054087376120	0.001096181046	-0.000327017453	-0.011158798089	-0.034488174898	0.000779280652	-0.000357499244	-0.010848250231	-0.021979520437	0.000573358380	-0.000379954072	-0.010561184779	-0.014875113895	0.000376758074	-0.000351246390	-0.008298170072	-0.008703371634	0.000236017928	-0.000276808217	-0.005410600678	-0.004873214379	0.000122375698	-0.000144841914	-0.002271701329	-0.002191489449
5000.000000000000	19.996353137340	7.136973477729	-1.822225592012	0.005303728044	0.007264590725	0.979824220174	-0.951177501280	0.006071020465	0.003260539489	0.206324433024	-0.442240310019	0.003079841549	0.000785255236	0.057518610566	-0.214058840465	0.002288332244	0.000415323741	0.020905885561	-0.127906233611	0.001824030034	0.000110225969	0.000386913595	-0.083938413646	0.001485865708	-0.000198962457	-0.009126281129	-0.054107645662	0.001093375083	-0.000332453331	-0.011163919400	-0.034509360484	0.000779545459	-0.000364356174	-0.010854563855	-0.021985045887	0.000572413239	-0.000370342444	-0.010571170168	-0.014878264734	0.000374943963	-0.000350796458	-0.008308498074	-0.008699552811	0.000236137943	-0.000278124578	-0.005415929111	-0.004866120846	0.000126102575	-0.000148642775	-0.002272602518	-0.002188111543
5000.000000000000	20.001318685491	7.141145681732	-1.822049103809	0.005293027243	0.007249696171	0.980165112823	-0.951157906061	0.006080095599	0.003262396810	0.206427831473	-0.442345260435	0.003079787158	0.000788186217	0.057544644581	-0.214109303574	0.002301851132	0.000419488256	0.020941662638	-0.127896870400	0.001826302275	0.000112456619	0.000432512987	-0.083966764852	0.001486435371	-0.000196364372	-0.009101238457	-0.054135508906	0.001092297867	-0.000329971992	-0.011155944322	-0.034537328592	0.000776318102	-0.000369972479	-0.010863547184	-0.022009786458	0.000581596110	-0.000382546872	-0.010581809946	-0.014892184520	0.000375881714	-0.000352306979	-0.008321632860	-0.008703662544	0.000237264116	-0.000277931270	-0.005424992697	-0.004865079642	0.000121535107	-0.000144290114	-0.002276024297	-0.002183969617
5000.000000000000	19.997762753509	7.144936190332	-1.822388199224	0.005290041699	0.007241140362	0.980086938245	-0.951150783848	0.006074005702	0.003260217358	0.206387146366	-0.442322094789	0.003088710536	0.000790916284	0.057518010064	-0.214083095330	0.002282775796	0.000423773417	0.020953581048	-0.127877043294	0.001829673145	0.000108281935	0.000440045397	-0.083960983938	0.001481521217	-0.000201474230	-0.009098149060	-0.054144176207	0.001094058952	-0.000333979814	-0.011168967401	-0.034546091170	0.000778137095	-0.000361185660	-0.010871877899	-0.022001060354	0.000580182790	-0.000376855772	-0.010597811189	-0.014889016247	0.000378691872	-0.000351131615	-0.008330878127	-0.008693894593	0.000235686452	-0.000278671538	-0.005426861111	-0.004853768639	0.000121070770	-0.000150726705	-0.002275805045	-0.002178720281
5000.000000000000	20.005134841621	7.152821022601	-1.822338590832	0.005286845887	0.007247418640	0.980591271533	-0.951148594141	0.006053183643	0.003255234861	0.206574863770	-0.442474333804	0.003089795657	0.000785029846	0.057564075092	-0.214143638845	0.002283748280	0.000423895676	0.020992858691	-0.127905151723	0.001825307163	0.000109847295	0.000495584052	-0.083997889765	0.001489051243	-0.000196340765	-0.009073217927	-0.054195560461	0.001093990314	-0.000337284220	-0.011168359488	-0.034582790928	0.000771521620	-0.000356318496	-0.010867658414	-0.022028317448	0.000584729866	-0.000373698431	-0.010605185010	-0.014906557972	0.000377634277	-0.000351964094	-0.008345668298	-0.008706828582	0.000236087542	-0.000279482604	-0.005443024188	-0.004854689615	0.000122912842	-0.000151186378	-0.002280824562	-0.002176097530
5000.000000000000	19.998444445389	7.155218130301	-1.822660100137	0.005286320503	0.007252707639	0.980338882490	-0.951089782395	0.006071729613	0.003275844230	0.206487620023	-0.442360680571	0.003080033944	0.000782541281	0.057537735160	-0.214068579237	0.002294848296	0.000434624616	0.020990575456	-0.127858206948	0.001830771539	0.000110101977	0.000495539163	-0.083971174999	0.001489097037	-0.000198093200	-0.009069058446	-0.054180758905	0.001096249407	-0.000332141310	-0.011163947232	-0.034577112911	0.000774463403	-0.000361470221	-0.010895743576	-0.022037171243	0.000577275150	-0.000379227911	-0.010615143878	-0.014887781997	0.000375588144	-0.000351284803	-0.008343950119	-0.008690925567	0.000235754007	-0.000279346234	-0.005438176728	-0.004842804497	0.000123724044	-0.000148264681	-0.002278599978	-0.002169966034
5000.000000000000	19.996623896214	7.160313331629	-1.822884175268	0.005295928779	0.007255610026	0.980448379553	-0.951026169635	0.006058986854	0.003260901985	0.206538419658	-0.442380087259	0.003080518306	0.000786984296	0.057559347037	-0.214068951558	0.002282228500	0.000428306053	0.021015061781	-0.127847267854	0.001834078092	0.000111129088	0.000524634938	-0.083980269766	0.001490635699	-0.000198296595	-0.009053826293	-0.054200020606	0.001092175505	-0.000331097754	-0.011165915496	-0.034600543313	0.000779809940	-0.000359099327	-0.010897995071	-0.022037529193	0.000578244729	-0.000374312178	-0.010620744163	-0.014892996536	0.000377183249	-0.000353721565	-0.008353898896	-0.008688226854	0.000235889215	-0.000280001397	-0.005442930509	-0.004838397011	0.000123399133	-0.000148636160	-0.002279297124	-0.002163885756
5000.000000000000	19.995496874062	7.165556228472	-1.823165816280	0.005283927457	0.007254164904	0.980566042436	-0.951027828789	0.006074129716	0.003271373000	0.206577965542	-0.442417483998	0.003082186618	0.000785909744	0.057567197983	-0.214072412659	0.002286807744	0.000415376000	0.021033181439	-0.127859045903	0.001824621456	0.000110018682	0.000547275186	-0.083987109332	0.001492099193	-0.000196091529	-0.009044913106	-0.054228644639	0.001099931951	-0.000336657467	-0.011179033242	-0.034613500336	0.000779883582	-0.000361037637	-0.010917234613	-0.022040751361	0.000575506050	-0.000377744379	-0.010641469605	-0.014893140938	0.000377169383	-0.000355142957	-0.008366258585	-0.008681372197	0.000233403092	-0.000279460265	-0.005451147968	-0.004827036896	0.000121274500	-0.000146289180	-0.002279616382	-0.002158045898
5000.000000000000	20.007247669574	7.170006996571	-1.822680393744	0.005300126241	0.007268600347	0.981221925106	-0.951040046977	0.006072190642	0.003272137570	0.206822480518	-0.442635530787	0.003083070096	0.000793478758	0.057619292859	-0.214184532441	0.002288654156	0.000430202982	0.021082683473	-0.127916044023	0.001826671386	0.000110608693	0.000582329681	-0.084061686651	0.001486866235	-0.000199149624	-0.009042073663	-0.054303691566	0.001098930626	-0.000333226555	-0.011191724125	-0.034671107467	0.000783399145	-0.000364087697	-0.010947308900	-0.022094960070	0.000574768430	-0.000375201450	-0.010673298931	-0.014911655842	0.000376642486	-0.000354947835	-0.008392726681	-0.008685560682	0.000232935839	-0.000280313959	-0.005471073215	-0.004822822009	0.000120923845	-0.000148158458	-0.002288107702	-0.002151380773
5000.000000000000	20.000897818861	7.177609243791	-1.823058804620	0.005282184680	0.007258290710	0.981274707100	-0.950849616963	0.006079381238	0.003264776142	0.206921348070	-0.442534207154	0.003087414479	0.000795908521	0.057729475289	-0.214180857803	0.002297341385	0.000414066741	0.021154534052	-0.127932225561	0.001830933467	0.000113046245	0.000624591498	-0.084111940339	0.001490373001	-0.000199823372	-0.009035640411	-0.054348774093	0.001098809044	-0.000332805445	-0.011225196042	-0.034706698367	0.000789016421	-0.000364083966	-0.010970942907	-0.022092328307	0.000578672935	-0.000381253326	-0.010706099218	-0.014904694650	0.000377245474	-0.000355640950	-0.008413853723	-0.008664417201	0.000232830793	-0.000281109263	-0.005476068531	-0.004797968390	0.000120848381	-0.000144451442	-0.002285302863	-0.002136379659
5000.000000000000	19.997127735581	7.180746095719	-1.823132046813	0.005288710348	0.007262874543	0.981378256145	-0.950735452964	0.006075509911	0.003292718180	0.207049132328	-0.442498555100	0.003079406122	0.000790562975	0.057821121697	-0.214187994382	0.002295679416	0.000420769498	0.021219386420	-0.127992143797	0.001827949157	0.000109690940	0.000661102686	-0.084170960583	0.001495060460	-0.000196225557	-0.009035599594	-0.054406000987	0.001097185211	-0.000335082992	-0.011247557354	-0.034747959550	0.000783341111	-0.000366733287	-0.011010653565	-0.022100540466	0.000588573681	-0.000381181650	-0.010744500913	-0.014903461361	0.000376862491	-0.000356763665	-0.008444773178	-0.008645976524	0.000232252142	-0.000280833504	-0.005493382459	-0.004776070542	0.000123603057	-0.000146248945	-0.002288660287	-0.002120957715
5000.000000000000	20.002915323365	7.188946560673	-1.823099806294	0.005284221540	0.007253288476	0.981908432586	-0.950675622295	0.006080539293	0.003284196813	0.207285675188	-0.442601649942	0.003083561697	0.000796087502	0.057936920242	-0.214273436523	0.002285162850	0.000419447167	0.021318037620	-0.128036645241	0.001830795709	0.000116507391	0.000727119117	-0.084261797621	0.001495170200	-0.000197259745	-0.009015854312	-0.054499135254	0.001100142270	-0.000338580925	-0.011265232964	-0.034816895060	0.000776707403	-0.000364937318	-0.011029700201	-0.022146701377	0.000582291017	-0.000380533195	-0.010787947433	-0.014926156311	0.000377313422	-0.000360330257	-0.008485362512	-0.008647433412	0.000233323273	-0.000283275845	-0.005523199922	-0.004763653681	0.000117362554	-0.000148897542	-0.002300622444	-0.002105922993
5000.000000000000	19.998907369584	7.190008491190	-1.823101086356	0.005288718797	0.007275371009	0.981989521671	-0.950571473637	0.006068596151	0.003284967181	0.207375910775	-0.442562823138	0.003088705198	0.000796190769	0.058016049789	-0.214255516713	0.002297816565	0.000436529688	0.021377691583	-0.128065970883	0.001836269990	0.000112092105	0.000771078453	-0.084296141337	0.001499795212	-0.000192846644	-0.009009798049	-0.054555341434	0.001103080970	-0.000342393797	-0.011284526255	-0.034862630322	0.000783166277	-0.000368086947	-0.011072148862	-0.022177743475	0.000582207231	-0.000382256744	-0.010825820675	-0.014929519174	0.000378264835	-0.000358844371	-0.008516047212	-0.008638738787	0.000230979735	-0.000285054960	-0.005542407458	-0.004744388467	0.000118180892	-0.000146414869	-0.002307760440	-0.002092057294
5000.000000000000	19.999066293448	7.195771344446	-1.823235472262	0.005293941094	0.007267217346	0.982205956268	-0.950508829303	0.006079003439	0.003293567599	0.207497613393	-0.442593361725	0.003089510031	0.000793819291	0.058086043512	-0.214300109585	0.002295596373	0.000422428722	0.021442629055	-0.128103166638	0.001843682388	0.000114633548	0.000807218083	-0.084355919402	0.001504575835	-0.000193706226	-0.009002599451	-0.054616717223	0.001107730638	-0.000336707784	-0.011306076047	-0.034911886223	0.000791445521	-0.000365446697	-0.011116094070	-0.022206407889	0.000582146568	-0.000380566277	-0.010860324906	-0.014942062368	0.000379107824	-0.000360135186	-0.008546986193	-0.008631664375	0.000232454708	-0.000287314273	-0.005566675705	-0.004731881484	0.000125091094	-0.000148939250	-0.002317765817	-0.002078503147
5000.000000000000	20.000929732501	7.202160371501	-1.823142796826	0.005293258261	0.007281476558	0.982601282370	-0.950401531466	0.006067099095	0.003288238189	0.207679672664	-0.442650347630	0.003083817011	0.000799833280	0.058176538113	-0.214344951589	0.002275152452	0.000427932885	0.021517470277	-0.128138183707	0.001835740212	0.000119813150	0.000865001167	-0.084425291122	0.001499422801	-0.000188744827	-0.008978538678	-0.054684474405	0.001110064734	-0.000334491211	-0.011308139323	-0.034977989231	0.000794756507	-0.000371889374	-0.011130855003	-0.022248624401	0.000586419066	-0.000386401577	-0.010898079626	-0.014957429315	0.000377476499	-0.000362070726	-0.008579521108	-0.008635395895	0.000231826367	-0.000287836960	-0.005592022827	-0.004721736618	0.000112782411	-0.000149748547	-0.002327474781	-0.002067269274
5000.000000000000	20.002029280792	7.208871641562	-1.823279065326	0.005280242301	0.007272766646	0.982913646071	-0.950324669718	0.006075953105	0.003280122774	0.207856312915	-0.442695215044	0.003102443846	0.000796027081	0.058272101861	-0.214377074479	0.002287515163	0.000437129348	0.021595051860	-0.128185146731	0.001831670451	0.000125387666	0.000917560471	-0.084485211348	0.001501461665	-0.000192827530	-0.008962561421	-0.054755300575	0.001109012653	-0.000329024692	-0.011325726053	-0.035026681506	0.000792932676	-0.000368802376	-0.011168722661	-0.022281106140	0.000579213362	-0.000388581756	-0.010935302614	-0.014973967805	0.000376917835	-0.000364259709	-0.008611983695	-0.008632128677	0.000231796086	-0.000289051770	-0.005613325627	-0.004710021146	0.000122036318	-0.000149849767	-0.002336609191	-0.002055453014
5000.000000000000	19.999352844640	7.216468611970	-1.823722360694	0.005276441170	0.007280906283	0.982971583251	-0.950249640866	0.006069398024	0.003302504376	0.207941649516	-0.442661519178	0.003091500539	0.000797776155	0.058327443061	-0.214361623677	0.002288454017	0.000443189640	0.021650895076	-0.128212158225	0.001837777945	0.000122067136	0.000952498547	-0.084523520146	0.001503442023	-0.000188988442	-0.008957884726	-0.054807259804	0.001109387657	-0.000337222327	-0.011348685614	-0.035064676970	0.000794938084	-0.000368080984	-0.011190871911	-0.022301186010	0.000582159277	-0.000391831236	-0.010971443782	-0.014973417116	0.000377543277	-0.000365596883	-0.008645619105	-0.008622432324	0.000228331466	-0.000289572505	-0.005635623784	-0.004689957499	0.000119507922	-0.000155509075	-0.002343265425	-0.002041047558
5000.000000000000	19.999115831864	7.215161104394	-1.823405038476	0.005287956070	0.007274858141	0.983162131677	-0.950201000838	0.006085960085	0.003293244126	0.208052749839	-0.442696572150	0.003085147496	0.000801468746	0.058407656222	-0.214405646387	0.002286732091	0.000422072255	0.021699953889	-0.128247334519	0.001840297801	0.000116705959	0.000996729518	-0.084588908033	0.001503994339	-0.000191896176	-0.008957166881	-0.054875587242	0.001115092347	-0.000342220461	-0.011371712776	-0.035118956735	0.000797202894	-0.000374528643	-0.011241506508	-0.022337097779	0.000584321276	-0.000393134240	-0.011016310929	-0.014991822408	0.000375898024	-0.000367452786	-0.008682542751	-0.008617948590	0.000230017982	-0.000290745906	-0.005661647406	-0.004675289663	0.000111868260	-0.000158245116	-0.002355092969	-0.002027698407
5000.000000000000	20.001692479580	7.225126862267	-1.823580168296	0.005273321263	0.007279050232	0.983541584835	-0.950070196987	0.006075214662	0.003300772173	0.208249529458	-0.442705273362	0.003092598828	0.000793525487	0.058529189049	-0.214429004499	0.002288557385	0.000420751255	0.021801712410	-0.128281503630	0.001839704871	0.000124996398	0.001063667641	-0.084645196527	0.001506248612	-0.000191639967	-0.008918525380	-0.054941125092	0.001117054823	-0.000335847138	-0.011368520077	-0.035180973569	0.000793268635	-0.000373235504	-0.011265830458	-0.022383979132	0.000594682416	-0.000397036925	-0.011044670895	-0.015011123971	0.000379540696	-0.000366420313	-0.008710212194	-0.008622982799	0.000228891918	-0.000291127299	-0.005683722406	-0.004669380434	0.000109827268	-0.000153068556	-0.002365162262	-0.002017198347
5000.000000000000	20.001978108038	7.231874361897	-1.823762728932	0.005291398462	0.007276119395	0.983796897228	-0.950003724764	0.006068438550	0.003288087618	0.208409186683	-0.442756049275	0.003093049614	0.000804864307	0.058596988936	-0.214473834083	0.002301569660	0.000425484846	0.021863102338	-0.128323065687	0.001839758752	0.000122021580	0.001112147755	-0.084702726302	0.001512726337	-0.000186907066	-0.008911275592	-0.055013079371	0.001115696842	-0.000337008239	-0.011392886656	-0.035235282072	0.000795299407	-0.000375111034	-0.011289908518	-0.022403709455	0.000590216244	-0.000392291418	-0.011088000631	-0.015029468431	0.000379249180	-0.000369669022	-0.008748158985	-0.008619465448	0.000229535338	-0.000293350674	-0.005709638711	-0.004654500122	0.000119325994	-0.000152608624	-0.002375111112	-0.002003165150
5000.000000000000	19.999575145304	7.236474841103	-1.823742324305	0.005273826680	0.007273251327	0.984013715259	-0.949844260451	0.006079394607	0.003305858226	0.208563597091	-0.442715368014	0.003092815720	0.000806175366	0.058706237592	-0.214463067666	0.002291520981	0.000433905678	0.021966997909	-0.128339660103	0.001847369241	0.000126246557	0.001180444675	-0.084757596642	0.001511239878	-0.000193624924	-0.008879479889	-0.055075445582	0.001114575083	-0.000333950491	-0.011398662952	-0.035288785696	0.000795666178	-0.000375206372	-0.011307137167	-0.022428427174	0.000588202438	-0.000391889978	-0.011115666164	-0.015044743642	0.000379173356	-0.000371822344	-0.008778299198	-0.008620650564	0.000228903799	-0.000294650204	-0.005731602970	-0.004641757369	0.000112130059	-0.000154011211	-0.002383511820	-0.001992808800
5000.000000000000	19.998896384944	7.237510115048	-1.823693653113	0.005269821861	0.007278797190	0.984115247577	-0.949814092555	0.006071465734	0.003282532070	0.208652904536	-0.442727813988	0.003095581663	0.000797641335	0.058767611162	-0.214473475973	0.002287598567	0.000423383477	0.022011749043	-0.128371600979	0.001837759485	0.000125247604	0.001210755134	-0.084800803465	0.001515973820	-0.000186365124	-0.008870845959	-0.055133964479	0.001120096663	-0.000338192082	-0.011413543744	-0.035332649986	0.000801591916	-0.000370323453	-0.011347887178	-0.022454060322	0.000593086846	-0.000392868638	-0.011157452149	-0.015055471267	0.000378019687	-0.000372492880	-0.008812776875	-0.008615254412	0.000227948044	-0.000296202405	-0.005755733226	-0.004627792979	0.000111091563	-0.000160132637	-0.002393266147	-0.001979576637
5000.000000000000	20.001211870426	7.244318121164	-1.823707843518	0.005272065753	0.007292518774	0.984497256208	-0.949722667726	0.006075434876	0.003299243430	0.208834525333	-0.442771295189	0.003089796087	0.000803874894	0.058855710578	-0.214505210810	0.002292857363	0.000439560848	0.022103228409	-0.128406525476	0.001849821589	0.000125289343	0.001279727771	-0.084861628458	0.001514266518	-0.000184142280	-0.008843895604	-0.055201934914	0.001119721369	-0.000339481949	-0.011419617557	-0.035395544005	0.000798998686	-0.000373121359	-0.011379555284	-0.022509289443	0.000593032886	-0.000400280214	-0.011190264403	-0.015078226072	0.000376809529	-0.000371699144	-0.008843969334	-0.008621280511	0.000228628496	-0.000297465925	-0.005784128732	-0.004621246192	0.000113296809	-0.000159047208	-0.002406878748	-0.001968477705
5000.000000000000	19.996860032376	7.254943716533	-1.824483917279	0.005278125280	0.007266336632	0.984565048100	-0.949659345163	0.006073794794	0.003324861362	0.208902614952	-0.442755196142	0.003104212429	0.000800650227	0.058903477176	-0.214517418647	0.002293146203	0.000439746981	0.022144191501	-0.128419960845	0.001844217914	0.000133369391	0.001316263099	-0.084892145996	0.001511590581	-0.000190662863	-0.008835516549	-0.055247399080	0.001124389164	-0.000329432494	-0.011430847775	-0.035434001345	0.000794017004	-0.000378992070	-0.011392318609	-0.022517304820	0.000587354569	-0.000396248115	-0.011220064686	-0.015083778741	0.000377602070	-0.000371822246	-0.008872770464	-0.008619169061	0.000227396853	-0.000298433254	-0.005803658181	-0.004608745829	0.000110569600	-0.000157523956	-0.002415311313	-0.001956117881
5000.000000000000	19.999930743415	7.263980031787	-1.824735270385	0.005277451596	0.007282058685	0.984921582187	-0.949603942834	0.006082735805	0.003315208748	0.209049058819	-0.442814193885	0.003091710204	0.000808965138	0.059001188850	-0.214561200576	0.002284615113	0.000443117397	0.022215805519	-0.128461442844	0.001844281150	0.000125610177	0.001364233540	-0.084956876595	0.001513014496	-0.000183493363	-0.008816719075	-0.055317845560	0.001125918684	-0.000335540519	-0.011438376001	-0.035490805585	0.000798362489	-0.000371277742	-0.011427453245	-0.022568969551	0.000597048117	-0.000398679279	-0.011258992696	-0.015110026592	0.000380527674	-0.000377382162	-0.008909286638	-0.008620503204	0.000228376355	-0.000299660651	-0.005830714894	-0.004599930601	0.000111404397	-0.000157685718	-0.002428436861	-0.001945484055
5000.000000000000	20.000947123923	7.272260051417	-1.824962552475	0.005261513073	0.007265616866	0.985242712612	-0.949519102076	0.006083659800	0.003315912979	0.209232906375	-0.442859069717	0.003099519723	0.000814401060	0.059077904007	-0.214603949971	0.002298286055	0.000454420227	0.022293986935	-0.128499630469	0.001841553545	0.000126869062	0.001420905680	-0.085016000350	0.001517310576	-0.000187138424	-0.008799792298	-0.055388719409	0.001126033280	-0.000334498470	-0.011457028107	-0.035555220624	0.000799400854	-0.000376784483	-0.011460317737	-0.022608687932	0.000584422755	-0.000396601855	-0.011301519145	-0.015131014683	0.000377475812	-0.000379211267	-0.008947599180	-0.008622652469	0.000227642460	-0.000300560854	-0.005860765454	-0.004590064973	0.000112827201	-0.000158908182	-0.002442733770	-0.001932919847
5000.000000000000	19.998371547583	7.277564256241	-1.825211600203	0.005282251037	0.007287741480	0.985437804321	-0.949453513493	0.006082605508	0.003305912301	0.209343098043	-0.442878449089	0.003092621545	0.000811289256	0.059156806016	-0.214604832123	0.002290992269	0.000445161314	0.022357083686	-0.128519071382	0.001852060726	0.000132669937	0.001471908294	-0.085064644936	0.001518307855	-0.000180569834	-0.008772199639	-0.055447611608	0.001125629899	-0.000341354318	-0.011470829554	-0.035608488893	0.000809564439	-0.000370467398	-0.011490094728	-0.022649599568	0.000602393827	-0.000403902618	-0.011335723145	-0.015143304268	0.000382574427	-0.000377181030	-0.008979394168	-0.008624237151	0.000227701804	-0.000302026685	-0.005886308068	-0.004579932785	0.000114149877	-0.000161816083	-0.002454543055	-0.001921359866
5000.000000000000	20.005295315026	7.284810494289	-1.825084111317	0.005274855326	0.007278239359	0.985986269201	-0.949386075674	0.006067700340	0.003324698053	0.209575982670	-0.442991869894	0.003090954399	0.000811981540	0.059244646302	-0.214698702676	0.002290148562	0.000446983969	0.022446807439	-0.128560346131	0.001849630066	0.000137078234	0.001546434416	-0.085136918852	0.001524444583	-0.000182417279	-0.008743998176	-0.055532401221	0.001131629623	-0.000338613306	-0.011471454874	-0.035674951688	0.000813218039	-0.000377169502	-0.011501934776	-0.022698480117	0.000586990962	-0.000395621472	-0.011372443742	-0.015183727262	0.000380874887	-0.000378375798	-0.009021784163	-0.008639621790	0.000227218379	-0.000304100681	-0.005919184144	-0.004578382004	0.000115351310	-0.000163435183	-0.002469586658	-0.001912225867
5000.000000000000	20.003947946728	7.291111200958	-1.825350726996	0.005291420493	0.007305351825	0.986039296058	-0.949278095971	0.006077350848	0.003312911305	0.209640454229	-0.442950207811	0.003093626030	0.000811373678	0.059303222983	-0.214658269455	0.002288100371	0.000450973174	0.022497997405	-0.128562199025	0.001848009727	0.000137272695	0.001588298897	-0.085149805079	0.001522216503	-0.000180756492	-0.008722025695	-0.055570058403	0.001129981942	-0.000340399813	-0.011474300819	-0.035712304760	0.000809367702	-0.000384656722	-0.011530070055	-0.022705512865	0.000593775547	-0.000398786828	-0.011396564689	-0.015189648113	0.000381356788	-0.000380815275	-0.009040558931	-0.008637649594	0.000227139510	-0.000305018530	-0.005934981398	-0.004569109959	0.000116158893	-0.000161913996	-0.002477149418	-0.001903945385
5000.000000000000	19.996194275719	7.292595749334	-1.825672718052	0.005274640368	0.007288892792	0.985864901119	-0.949205686083	0.006086145433	0.003316601263	0.209625223994	-0.442836470695	0.003108658911	0.000820295729	0.059333648649	-0.214599749667	0.002285939870	0.000451428432	0.022527829098	-0.128558091076	0.001850637715	0.000139688757	0.001613819586	-0.085164615827	0.001524963721	-0.000182273388	-0.008718089223	-0.055594303114	0.001131438407	-0.000336135074	-0.011488720829	-0.035738236978	0.000808318678	-0.000371941576	-0.011554662262	-0.022726027012	0.000592317948	-0.000401387864	-0.011424878955	-0.015186582397	0.000380424481	-0.000384224632	-0.009063284542	-0.008623080937	0.000227768448	-0.000304855421	-0.005948401033	-0.004549748956	0.000114397167	-0.000159468844	-0.002481134146	-0.001892067209
5000.000000000000	19.994781294282	7.304296126506	-1.826153659935	0.005279342740	0.007310687066	0.986120474862	-0.949083571115	0.006080593938	0.003308544816	0.209777884116	-0.442835695470	0.003099067113	0.000814543577	0.059437811601	-0.214619056846	0.002297222335	0.000440073900	0.022618498843	-0.128576782358	0.001847475223	0.000139726530	0.001676087768	-0.085210444862	0.001525068203	-0.000177965897	-0.008682940752	-0.055651171194	0.001135296463	-0.000336852959	-0.011485769936	-0.035787061712	0.000810983597	-0.000383308420	-0.011569971647	-0.022763509648	0.000594290944	-0.000408818833	-0.011449653822	-0.015207589706	0.000379522938	-0.000381285445	-0.009088253005	-0.008627739123	0.000226212511	-0.000305825168	-0.005969654833	-0.004545330763	0.000114229018	-0.000165789216	-0.002491862407	-0.001882408569
5000.000000000000	19.996125309366	7.313191891521	-1.826470768085	0.005295115634	0.007296922834	0.986409169091	-0.949013893642	0.006066728748	0.003319998660	0.209898750478	-0.442868044478	0.003093433597	0.000823333855	0.059517791267	-0.214648644071	0.002285116785	0.000443921353	0.022687217483	-0.128593590662	0.001851141111	0.000138238558	0.001735684790	-0.085255662549	0.001525837720	-0.000181548491	-0.008660310164	-0.055702357276	0.001144166224	-0.000340957991	-0.011484990923	-0.035844730469	0.000807984480	-0.000385144567	-0.011586690110	-0.022791998456	0.000597820153	-0.000401930840	-0.011479601834	-0.015230470964	0.000379822087	-0.000387916126	-0.009121071766	-0.008632440264	0.000225647476	-0.000307132218	-0.005994569989	-0.004539180770	0.000114857899	-0.000159948959	-0.002502991370	-0.001873524946
5000.000000000000	20.001523922053	7.319850593407	-1.826588427026	0.005265122867	0.007297135547	0.986780755519	-0.949041340208	0.006069712310	0.003316871570	0.210060757839	-0.443004551289	0.003091661385	0.000816651931	0.059539485816	-0.214695875898	0.002295514043	0.000440624659	0.022731646321	-0.128629433186	0.001851880232	0.000144094885	0.001777958037	-0.085304487874	0.001532953573	-0.000177850372	-0.008643116993	-0.055774224388	0.001139819650	-0.000331589124	-0.011502079162	-0.035894724118	0.000804414567	-0.000381323365	-0.011616257164	-0.022839373775	0.000600550513	-0.000409855777	-0.011515409901	-0.015250167686	0.000380280867	-0.000383036174	-0.009153796512	-0.008642529557	0.000227035090	-0.000308092234	-0.006023563331	-0.004534189818	0.000108210759	-0.000162026083	-0.002517962416	-0.001864924822
5000.000000000000	20.001986341040	7.328165929660	-1.826959460699	0.005287783714	0.007306369323	0.986959151203	-0.948993874840	0.006085298436	0.003343955858	0.210144711071	-0.443023370153	0.003100367571	0.000817445291	0.059594486942	-0.214707872005	0.002293647458	0.000440871875	0.022781653255	-0.128642393170	0.001846126146	0.000140748085	0.001827019609	-0.085341736972	0.001529740637	-0.000179551453	-0.008626304134	-0.055822098139	0.001141105037	-0.000338586736	-0.011502032840	-0.035937358559	0.000810928668	-0.000386458962	-0.011634954183	-0.022863433539	0.000604943804	-0.000403949547	-0.011542149455	-0.015269186126	0.000381920800	-0.000386330548	-0.009181811744	-0.008644624691	0.000227901464	-0.000308768484	-0.006044580665	-0.004529251250	0.000111602563	-0.000161644404	-0.002529135268	-0.001855867680
5000.000000000000	19.999468278944	7.338148244819	-1.827610998193	0.005271100315	0.007295864617	0.987053722571	-0.948943442003	0.006072697134	0.003334325710	0.210192547012	-0.443017760703	0.003096369515	0.000811216194	0.059646043764	-0.214699624006	0.002298806834	0.000446606011	0.022840004431	-0.128622138606	0.001854244057	0.000143901948	0.001870965795	-0.085363612957	0.001525122114	-0.000178317009	-0.008597975792	-0.055859549629	0.001142747298	-0.000338493110	-0.011502500765	-0.035974783264	0.000816811997	-0.000386062388	-0.011659962536	-0.022889875476	0.000601877106	-0.000409531346	-0.011565118631	-0.015282344869	0.000384605531	-0.000387472397	-0.009206422833	-0.008644628214	0.000226674029	-0.000309512160	-0.006061956034	-0.004519813740	0.000112395191	-0.000165735783	-0.002534530954	-0.001847050536
5000.000000000000	19.998086594406	7.345662986866	-1.828109330622	0.005282885458	0.007294158740	0.987166727860	-0.948895870889	0.006075181763	0.003334744479	0.210235212561	-0.443016015882	0.003092771903	0.000813461118	0.059665075492	-0.214690800901	0.002307438064	0.000449165541	0.022875324020	-0.128631442260	0.001854799992	0.000138723892	0.001913183520	-0.085391766299	0.001534747072	-0.000174385172	-0.008587220263	-0.055895357707	0.001144786127	-0.000338725959	-0.011511192170	-0.036012213872	0.000817695297	-0.000378486334	-0.011669979976	-0.022915603455	0.000600174536	-0.000419153508	-0.011589628978	-0.015294528665	0.000380999166	-0.000388060203	-0.009230644122	-0.008643282056	0.000226059443	-0.000310844748	-0.006079054793	-0.004511661785	0.000108608130	-0.000167650134	-0.002544394515	-0.001839191431
5000.000000000000	20.002176065902	7.347575780006	-1.827769537387	0.005283676796	0.007291501964	0.987415525653	-0.948820380793	0.006069552097	0.003333841681	0.210360103910	-0.443051539291	0.003091293285	0.000820016633	0.059725266444	-0.214691279632	0.002301127378	0.000449776732	0.022935089831	-0.128645189665	0.001849569962	0.000145839853	0.001972187469	-0.085420167686	0.001532916902	-0.000176749562	-0.008553466341	-0.055950847149	0.001142699352	-0.000331705821	-0.011501847115	-0.036060857799	0.000815818558	-0.000377719157	-0.011690383528	-0.022937946332	0.000600311705	-0.000405419676	-0.011616258831	-0.015316048678	0.000382093712	-0.000389763466	-0.009255433881	-0.008653792015	0.000225750061	-0.000312067311	-0.006100851053	-0.004509923416	0.000105893460	-0.000165937745	-0.002553522315	-0.001832021820
5000.000000000000	19.997183596127	7.350875069528	-1.828057984625	0.005264775582	0.007300634886	0.987382157591	-0.948772800297	0.006071969743	0.003326412842	0.210369444645	-0.442984922212	0.003104127965	0.000810144458	0.059751019022	-0.214658651841	0.002311844267	0.000445517662	0.022971981453	-0.128617468251	0.001854604018	0.000142351975	0.001999036963	-0.085429277493	0.001527386807	-0.000174700523	-0.008535908439	-0.055971119660	0.001139388798	-0.000330060203	-0.011510886467	-0.036085031632	0.000821295233	-0.000385214935	-0.011699178244	-0.022972708722	0.000598924670	-0.000409978950	-0.011637338329	-0.015316993901	0.000384352424	-0.000388873464	-0.009272139677	-0.008645984770	0.000227211300	-0.000312401212	-0.006113636125	-0.004500370329	0.000108713007	-0.000168277198	-0.002560452594	-0.001824162129
5000.000000000000	20.001703156324	7.361952440442	-1.828484061177	0.005278072248	0.007303396626	0.987656595387	-0.948751995366	0.006064993822	0.003338621931	0.210480985585	-0.443073975260	0.003101312181	0.000820129205	0.059784717682	-0.214676878874	0.002289512639	0.000449151112	0.023028223289	-0.128634924999	0.001849089156	0.000144859321	0.002051369131	-0.085456308859	0.001533226767	-0.000174120901	-0.008508474337	-0.056024060578	0.001143662257	-0.000335901609	-0.011512652547	-0.036133133641	0.000813951970	-0.000390348744	-0.011720800547	-0.022991500878	0.000612976774	-0.000412158974	-0.011664200218	-0.015337246533	0.000386246292	-0.000390497175	-0.009295751919	-0.008657321007	0.000226083235	-0.000313383741	-0.006137930103	-0.004499192104	0.000110066673	-0.000166670086	-0.002571159932	-0.001818111358
