5000.000000000000	0.000000000000	-0.421139417910
5000.000000000000	0.471680457526	-0.304023091602
5000.000000000000	0.942895423386	-0.183953636620
5000.000000000000	1.413179865301	-0.062202312709
5000.000000000000	1.882069669304	0.059799512501
5000.000000000000	2.349102097769	0.180702121027
5000.000000000000	2.813816246073	0.299441706379
5000.000000000000	3.275753497459	0.415345709248
5000.000000000000	3.734457975630	0.528118400872
5000.000000000000	4.189476994645	0.637731814322
5000.000000000000	4.640361505668	0.744278425697
5000.000000000000	5.086666540122	0.847846546500
5000.000000000000	5.527951648822	0.948458101361
5000.000000000000	5.963781336643	1.046073887710
5000.000000000000	6.393725492300	1.140640869112
5000.000000000000	6.817359812820	1.232142937398
5000.000000000000	7.234266222275	1.320624307642
5000.000000000000	7.644033284372	1.406176148301
5000.000000000000	8.046256608492	1.488899262019
5000.000000000000	8.440539248777	1.568867096673
5000.000000000000	8.826492095861	1.646109705733
5000.000000000000	9.203734260882	1.720624682940
5000.000000000000	9.571893451368	1.792405082830
5000.000000000000	9.930606338646	1.861466001966
5000.000000000000	10.279518916405	1.927854595249
5000.000000000000	10.618286850054	1.991639760574
5000.000000000000	10.946575816544	2.052890061220
5000.000000000000	11.264061834299	2.111654445804
5000.000000000000	11.570431582950	2.167957102654
5000.000000000000	11.865382712543	2.221808098825
5000.000000000000	12.148624141925	2.273221607537
5000.000000000000	12.419876346000	2.322229421720
5000.000000000000	12.678871631591	2.368881149381
5000.000000000000	12.925354401620	2.413231259737
5000.000000000000	13.159081407352	2.455321395308
5000.000000000000	13.379821988450	2.495169105894
5000.000000000000	13.587358300611	2.532769973130
5000.000000000000	13.781485530550	2.568111784410
5000.000000000000	13.962012098130	2.601192146000
5000.000000000000	14.128759845424	2.632029034400
5000.000000000000	14.281564212536	2.660658230435
5000.000000000000	14.420274400004	2.687119502791
5000.000000000000	14.544753517620	2.711439979380
5000.000000000000	14.654878719524	2.733624516597
5000.000000000000	14.750541325436	2.753658426712
5000.000000000000	14.831646927915	2.771520505128
5000.000000000000	14.898115485522	2.787198410146
5000.000000000000	14.949881401816	2.800697495741
5000.000000000000	14.986893590088	2.812038518457
5000.000000000000	15.009115523776	2.821246423294
5000.000000000000	15.016525272514	2.828337512304
5000.000000000000	15.009115523776	2.833312762587
5000.000000000000	14.986893590088	2.836160851642
5000.000000000000	14.949881401816	2.836868344987
5000.000000000000	14.898115485522	2.835430297814
5000.000000000000	14.831646927915	2.831854687378
5000.000000000000	14.750541325436	2.826158315908
5000.000000000000	14.654878719524	2.818357312600
5000.000000000000	14.544753517620	2.808458649779
5000.000000000000	14.420274400004	2.796458195498
5000.000000000000	14.281564212536	2.782346448842
5000.000000000000	14.128759845424	2.766118106982
5000.000000000000	13.962012098130	2.747779177475
5000.000000000000	13.781485530550	2.727346973103
5000.000000000000	13.587358300611	2.704842908365
5000.000000000000	13.379821988450	2.680282594219
5000.000000000000	13.159081407352	2.653669380549
5000.000000000000	12.925354401620	2.624995205361
5000.000000000000	12.678871631591	2.594247894723
5000.000000000000	12.419876346000	2.561419986050
5000.000000000000	12.148624141925	2.526513354099
5000.000000000000	11.865382712543	2.489536892582
5000.000000000000	11.570431582950	2.450499253893
5000.000000000000	11.264061834299	2.409401984668
5000.000000000000	10.946575816544	2.366238021337
5000.000000000000	10.618286850054	2.320996591264
5000.000000000000	10.279518916405	2.273670708630
5000.000000000000	9.930606338646	2.224261062197
5000.000000000000	9.571893451368	2.172772087855
5000.000000000000	9.203734260882	2.119201418083
5000.000000000000	8.826492095861	2.063529231831
5000.000000000000	8.440539248777	2.005715464985
5000.000000000000	8.046256608492	1.945708775070
5000.000000000000	7.644033284372	1.883463550449
5000.000000000000	7.234266222275	1.818954782765
5000.000000000000	6.817359812820	1.752179889182
5000.000000000000	6.393725492300	1.683143058780
5000.000000000000	5.963781336643	1.611828337750
5000.000000000000	5.527951648822	1.538176173957
5000.000000000000	5.086666540122	1.462078578265
5000.000000000000	4.640361505668	1.383398690935
5000.000000000000	4.189476994645	1.302005586001
5000.000000000000	3.734457975630	1.217803099549
5000.000000000000	3.275753497459	1.130730560981
5000.000000000000	2.813816246073	1.040726473709
5000.000000000000	2.349102097769	0.947668463813
5000.000000000000	1.882069669304	0.851322962707
5000.000000000000	1.413179865301	0.751344080209
5000.000000000000	0.942895423386	0.647346734401
5000.000000000000	0.471680457526	0.539048126875
5000.000000000000	0.000000000000	0.426437145296
5000.000000000000	-0.471680457526	0.309909809009
5000.000000000000	-0.942895423386	0.190312414471
5000.000000000000	-1.413179865301	0.068863562241
5000.000000000000	-1.882069669304	-0.053029509840
5000.000000000000	-2.349102097769	-0.174004629721
5000.000000000000	-2.813816246073	-0.292954104089
5000.000000000000	-3.275753497459	-0.409146510253
5000.000000000000	-3.734457975630	-0.522233025254
5000.000000000000	-4.189476994645	-0.632154532327
5000.000000000000	-4.640361505668	-0.738999391314
5000.000000000000	-5.086666540122	-0.842871680889
5000.000000000000	-5.527951648822	-0.943814142318
5000.000000000000	-5.963781336643	-1.041798729433
5000.000000000000	-6.393725492300	-1.136766408934
5000.000000000000	-6.817359812820	-1.228680581703
5000.000000000000	-7.234266222275	-1.317560876302
5000.000000000000	-7.644033284372	-1.403481737112
5000.000000000000	-8.046256608492	-1.486542107090
5000.000000000000	-8.440539248777	-1.566827060984
5000.000000000000	-8.826492095861	-1.644383307811
5000.000000000000	-9.203734260882	-1.719219657850
5000.000000000000	-9.571893451368	-1.791328374292
5000.000000000000	-9.930606338646	-1.860712562007
5000.000000000000	-10.279518916405	-1.927403584580
5000.000000000000	-10.618286850054	-1.991460262608
5000.000000000000	-10.946575816544	-2.052952837359
5000.000000000000	-11.264061834299	-2.111942726495
5000.000000000000	-11.570431582950	-2.168469901942
5000.000000000000	-11.865382712543	-2.222553773788
5000.000000000000	-12.148624141925	-2.274204985520
5000.000000000000	-12.419876346000	-2.323439648374
5000.000000000000	-12.678871631591	-2.370287298276
5000.000000000000	-12.925354401620	-2.414788688379
5000.000000000000	-13.159081407352	-2.456986010876
5000.000000000000	-13.379821988450	-2.496912290399
5000.000000000000	-13.587358300611	-2.534586349037
5000.000000000000	-13.781485530550	-2.570015643350
5000.000000000000	-13.962012098130	-2.603204297389
5000.000000000000	-14.128759845424	-2.634160885796
5000.000000000000	-14.281564212536	-2.662901372617
5000.000000000000	-14.420274400004	-2.689446148993
5000.000000000000	-14.544753517620	-2.713813860708
5000.000000000000	-14.654878719524	-2.736016335626
5000.000000000000	-14.750541325436	-2.756057646389
5000.000000000000	-14.831646927915	-2.773937312885
5000.000000000000	-14.898115485522	-2.789655002900
5000.000000000000	-14.949881401816	-2.803213509243
5000.000000000000	-14.986893590088	-2.814618433364
5000.000000000000	-15.009115523776	-2.823875547328
5000.000000000000	-15.016525272514	-2.830988390897
5000.000000000000	-15.009115523776	-2.835958223087
5000.000000000000	-14.986893590088	-2.838786405742
5000.000000000000	-14.949881401816	-2.839477215463
5000.000000000000	-14.898115485522	-2.838038546253
5000.000000000000	-14.831646927915	-2.834479449953
5000.000000000000	-14.750541325436	-2.828805954132
5000.000000000000	-14.654878719524	-2.821018274595
5000.000000000000	-14.544753517620	-2.811112036949
5000.000000000000	-14.420274400004	-2.799083545865
5000.000000000000	-14.281564212536	-2.784936114671
5000.000000000000	-14.128759845424	-2.768683117508
5000.000000000000	-13.962012098130	-2.750344938707
5000.000000000000	-13.781485530550	-2.729940699832
5000.000000000000	-13.587358300611	-2.707479288559
5000.000000000000	-13.379821988450	-2.682955321883
5000.000000000000	-13.159081407352	-2.656353199819
5000.000000000000	-12.925354401620	-2.627657563989
5000.000000000000	-12.678871631591	-2.596864177916
5000.000000000000	-12.419876346000	-2.563984349261
5000.000000000000	-12.148624141925	-2.529039452634
5000.000000000000	-11.865382712543	-2.492048103785
5000.000000000000	-11.570431582950	-2.453013477681
5000.000000000000	-11.264061834299	-2.411918874568
5000.000000000000	-10.946575816544	-2.368735101340
5000.000000000000	-10.618286850054	-2.323435950993
5000.000000000000	-10.279518916405	-2.276012425097
5000.000000000000	-9.930606338646	-2.226476133758
5000.000000000000	-9.571893451368	-2.174848228268
5000.000000000000	-9.203734260882	-2.121139148291
5000.000000000000	-8.826492095861	-2.065331034251
5000.000000000000	-8.440539248777	-2.007374418591
5000.000000000000	-8.046256608492	-1.947203128268
5000.000000000000	-7.644033284372	-1.884760182549
5000.000000000000	-7.234266222275	-1.820019461965
5000.000000000000	-6.817359812820	-1.752988467251
5000.000000000000	-6.393725492300	-1.683687303302
5000.000000000000	-5.963781336643	-1.612113161822
5000.000000000000	-5.527951648823	-1.538209799160
5000.000000000000	-5.086666540122	-1.461860947512
5000.000000000000	-4.640361505668	-1.382914126190
5000.000000000000	-4.189476994645	-1.301222949997
5000.000000000000	-3.734457975630	-1.216682228946
5000.000000000000	-3.275753497459	-1.129230173132
5000.000000000000	-2.813816246073	-1.038808272361
5000.000000000000	-2.349102097769	-0.945295147377
5000.000000000000	-1.882069669304	-0.848452568472
5000.000000000000	-1.413179865301	-0.747926714495
5000.000000000000	-0.942895423386	-0.643329832127
5000.000000000000	-0.471680457526	-0.534392432907
5000.000000000000	-0.000000000000	-0.421139417910
5000.000000000000	0.000000000000	-0.465263592204
5000.000000000000	0.471500987126	-0.329273363970
5000.000000000000	0.942536659702	-0.190345504649
5000.000000000000	1.412642162389	-0.049719014681
5000.000000000000	1.881353557813	0.091211719118
5000.000000000000	2.348208284413	0.231124841607
5000.000000000000	2.812745612939	0.368964971342
5000.000000000000	3.274507101132	0.504045543643
5000.000000000000	3.733037046153	0.636039161099
5000.000000000000	4.187882934304	0.764878076490
5000.000000000000	4.638595887607	0.890616439668
5000.000000000000	5.084731106795	1.013311106471
5000.000000000000	5.525848310267	1.132959084351
5000.000000000000	5.961512168600	1.249498216299
5000.000000000000	6.391292734165	1.362849183387
5000.000000000000	6.814765865432	1.472963756062
5000.000000000000	7.231513645546	1.579850018560
5000.000000000000	7.641124794763	1.683564055362
5000.000000000000	8.043195076332	1.784177897107
5000.000000000000	8.437327695427	1.881744879365
5000.000000000000	8.823133690738	1.976281599029
5000.000000000000	9.200232318326	2.067773556202
5000.000000000000	9.568251427373	2.156197438434
5000.000000000000	9.926827827450	2.241544882166
5000.000000000000	10.275607646942	2.323834084491
5000.000000000000	10.614246682276	2.403104642431
5000.000000000000	10.942410737608	2.479401356709
5000.000000000000	11.259775954635	2.552758324866
5000.000000000000	11.566029132204	2.623192811131
5000.000000000000	11.860868035403	2.690711090706
5000.000000000000	12.144001693832	2.755320697828
5000.000000000000	12.415150688751	2.817040018336
5000.000000000000	12.674047428840	2.875898696729
5000.000000000000	12.920436414273	2.931928809017
5000.000000000000	13.154074488869	2.985152859457
5000.000000000000	13.374731080054	3.035576589810
5000.000000000000	13.582188426414	3.083191351167
5000.000000000000	13.776241792595	3.127984639017
5000.000000000000	13.956699671353	3.169952285454
5000.000000000000	14.123383972548	3.209104878705
5000.000000000000	14.276130198898	3.245464675246
5000.000000000000	14.414787608320	3.279055158271
5000.000000000000	14.539219362692	3.309889790026
5000.000000000000	14.649302662893	3.337966761925
5000.000000000000	14.744928869998	3.363272651341
5000.000000000000	14.826003612485	3.385792379298
5000.000000000000	14.892446879372	3.405519166747
5000.000000000000	14.944193099176	3.422458509628
5000.000000000000	14.981191204625	3.436624183904
5000.000000000000	15.003404683056	3.448029344940
5000.000000000000	15.010811612448	3.456678719636
5000.000000000000	15.003404683056	3.462566939859
5000.000000000000	14.981191204625	3.465683946614
5000.000000000000	14.944193099176	3.466023795666
5000.000000000000	14.892446879372	3.463591052349
5000.000000000000	14.826003612485	3.458400604442
5000.000000000000	14.744928869998	3.450471050282
5000.000000000000	14.649302662893	3.439816032329
5000.000000000000	14.539219362692	3.426439267377
5000.000000000000	14.414787608320	3.410336672706
5000.000000000000	14.276130198898	3.391504393866
5000.000000000000	14.123383972548	3.369947646610
5000.000000000000	13.956699671353	3.345684614572
5000.000000000000	13.776241792595	3.318742679805
5000.000000000000	13.582188426414	3.289149114433
5000.000000000000	13.374731080054	3.256921938367
5000.000000000000	13.154074488869	3.222066623237
5000.000000000000	12.920436414273	3.184580643492
5000.000000000000	12.674047428840	3.144462849446
5000.000000000000	12.415150688751	3.101721501143
5000.000000000000	12.144001693832	3.056375652837
5000.000000000000	11.860868035403	3.008448969732
5000.000000000000	11.566029132204	2.957960197567
5000.000000000000	11.259775954635	2.904916978921
5000.000000000000	10.942410737608	2.849317700882
5000.000000000000	10.614246682276	2.791160638034
5000.000000000000	10.275607646942	2.730454260713
5000.000000000000	9.926827827450	2.667220911429
5000.000000000000	9.568251427373	2.601489642984
5000.000000000000	9.200232318326	2.533281014871
5000.000000000000	8.823133690738	2.462592733420
5000.000000000000	8.437327695427	2.389395978633
5000.000000000000	8.043195076332	2.313646750542
5000.000000000000	7.641124794763	2.235307327180
5000.000000000000	7.231513645546	2.154365468077
5000.000000000000	6.814765865432	2.070838401266
5000.000000000000	6.391292734165	1.984756250983
5000.000000000000	5.961512168600	1.896131704063
5000.000000000000	5.525848310267	1.804932322816
5000.000000000000	5.084731106795	1.711072556661
5000.000000000000	4.638595887607	1.614432447370
5000.000000000000	4.187882934304	1.514893929919
5000.000000000000	3.733037046153	1.412372605667
5000.000000000000	3.274507101132	1.306821566404
5000.000000000000	2.812745612939	1.198197257499
5000.000000000000	2.348208284413	1.086400220139
5000.000000000000	1.881353557813	0.971224211188
5000.000000000000	1.412642162389	0.852353385340
5000.000000000000	0.942536659702	0.729432764832
5000.000000000000	0.471500987126	0.602206181344
5000.000000000000	0.000000000000	0.470681576435
5000.000000000000	-0.471500987126	0.335262588514
5000.000000000000	-0.942536659702	0.196789423228
5000.000000000000	-1.412642162389	0.056461635302
5000.000000000000	-1.881353557813	-0.084340940101
5000.000000000000	-2.348208284413	-0.224283945985
5000.000000000000	-2.812745612939	-0.362278615448
5000.000000000000	-3.274507101132	-0.497595844492
5000.000000000000	-3.733037046153	-0.629869142969
5000.000000000000	-4.187882934304	-0.759004056205
5000.000000000000	-4.638595887607	-0.885043167305
5000.000000000000	-5.084731106795	-1.008043773160
5000.000000000000	-5.525848310267	-1.128008897372
5000.000000000000	-5.961512168600	-1.244881643892
5000.000000000000	-6.391292734165	-1.358583547374
5000.000000000000	-6.814765865432	-1.469062598427
5000.000000000000	-7.231513645546	-1.576320628262
5000.000000000000	-7.641124794763	-1.680407630800
5000.000000000000	-8.043195076332	-1.781391235471
5000.000000000000	-8.437327695427	-1.879322028393
5000.000000000000	-8.823133690738	-1.974214596398
5000.000000000000	-9.200232318326	-2.066052537705
5000.000000000000	-9.568251427373	-2.154811123408
5000.000000000000	-9.926827827450	-2.240482207330
5000.000000000000	-10.275607646942	-2.323086706465
5000.000000000000	-10.614246682276	-2.402668900474
5000.000000000000	-10.942410737608	-2.479277934139
5000.000000000000	-11.259775954635	-2.552948690656
5000.000000000000	-11.566029132204	-2.623693244100
5000.000000000000	-11.860868035403	-2.691506760822
5000.000000000000	-12.144001693832	-2.756382874492
5000.000000000000	-12.415150688751	-2.818328468531
5000.000000000000	-12.674047428840	-2.877369058842
5000.000000000000	-12.920436414273	-2.933542260456
5000.000000000000	-13.154074488869	-2.986884025473
5000.000000000000	-13.374731080054	-3.037416174502
5000.000000000000	-13.582188426414	-3.085142270482
5000.000000000000	-13.776241792595	-3.130053436051
5000.000000000000	-13.956699671353	-3.172139837702
5000.000000000000	-14.123383972548	-3.211400734225
5000.000000000000	-14.276130198898	-3.247847584674
5000.000000000000	-14.414787608320	-3.281499361212
5000.000000000000	-14.539219362692	-3.312373855030
5000.000000000000	-14.649302662893	-3.340480629499
5000.000000000000	-14.744928869998	-3.365819530548
5000.000000000000	-14.826003612485	-3.388384753590
5000.000000000000	-14.892446879372	-3.408171031801
5000.000000000000	-14.944193099176	-3.425177657525
5000.000000000000	-14.981191204625	-3.439408067806
5000.000000000000	-15.003404683056	-3.450866042866
5000.000000000000	-15.010811612448	-3.459551879909
5000.000000000000	-15.003404683056	-3.465461720596
5000.000000000000	-14.981191204625	-3.468590782218
5000.000000000000	-14.944193099176	-3.468938328988
5000.000000000000	-14.892446879372	-3.466510862341
5000.000000000000	-14.826003612485	-3.461321152116
5000.000000000000	-14.744928869998	-3.453383595095
5000.000000000000	-14.649302662893	-3.442709002090
5000.000000000000	-14.539219362692	-3.429302446707
5000.000000000000	-14.414787608320	-3.413165814086
5000.000000000000	-14.276130198898	-3.394303447534
5000.000000000000	-14.123383972548	-3.372726993325
5000.000000000000	-13.956699671353	-3.348455831043
5000.000000000000	-13.776241792595	-3.321512305125
5000.000000000000	-13.582188426414	-3.291914559263
5000.000000000000	-13.374731080054	-3.259671707100
5000.000000000000	-13.154074488869	-3.224784900331
5000.000000000000	-12.920436414273	-3.187254129535
5000.000000000000	-12.674047428840	-3.147086632208
5000.000000000000	-12.415150688751	-3.104301248348
5000.000000000000	-12.144001693832	-3.058925210856
5000.000000000000	-11.860868035403	-3.010984586836
5000.000000000000	-11.566029132204	-2.960493979378
5000.000000000000	-11.259775954635	-2.907452197047
5000.000000000000	-10.942410737608	-2.851847343087
5000.000000000000	-10.614246682276	-2.793668882020
5000.000000000000	-10.275607646942	-2.732919326603
5000.000000000000	-9.926827827450	-2.669617595553
5000.000000000000	-9.568251427373	-2.603790684578
5000.000000000000	-9.200232318326	-2.535457642099
5000.000000000000	-8.823133690738	-2.464615457928
5000.000000000000	-8.437327695427	-2.391236484218
5000.000000000000	-8.043195076332	-2.315280710450
5000.000000000000	-7.641124794763	-2.236716882655
5000.000000000000	-7.231513645546	-2.155539711720
5000.000000000000	-6.814765865432	-2.071770930463
5000.000000000000	-6.391292734165	-1.985440393554
5000.000000000000	-5.961512168600	-1.896555503587
5000.000000000000	-5.525848310267	-1.805075850707
5000.000000000000	-5.084731106795	-1.710909131184
5000.000000000000	-4.638595887607	-1.613933258061
5000.000000000000	-4.187882934304	-1.514033472179
5000.000000000000	-3.733037046153	-1.411131467782
5000.000000000000	-3.274507101132	-1.305184182137
5000.000000000000	-2.812745612939	-1.196144936500
5000.000000000000	-2.348208284413	-1.083902832752
5000.000000000000	-1.881353557813	-0.968235696030
5000.000000000000	-1.412642162390	-0.848815596440
5000.000000000000	-0.942536659702	-0.725289044778
5000.000000000000	-0.471500987126	-0.597421666863
5000.000000000000	-0.000000000000	-0.465263592204
5000.000000000000	0.000000000000	-0.473000183907
5000.000000000000	0.471379463923	-0.335265597776
5000.000000000000	0.942293733226	-0.194644696453
5000.000000000000	1.412278072378	-0.052348935245
5000.000000000000	1.880868663579	0.090265463909
5000.000000000000	2.347603064489	0.231917603582
5000.000000000000	2.812020664605	0.371586235942
5000.000000000000	3.273663139823	0.508604120769
5000.000000000000	3.732074904757	0.642644999747
5000.000000000000	4.186803562339	0.773626493812
5000.000000000000	4.637400350283	0.901579378847
5000.000000000000	5.083420583962	1.026537022134
5000.000000000000	5.524424095253	1.148479563104
5000.000000000000	5.959975666934	1.267337029489
5000.000000000000	6.389645462189	1.383029143810
5000.000000000000	6.813009448803	1.495508500530
5000.000000000000	7.229649817637	1.604780685178
5000.000000000000	7.639155394946	1.710893337505
5000.000000000000	8.041122048167	1.813904970281
5000.000000000000	8.435153084743	1.913853865310
5000.000000000000	8.820859643612	2.010744141821
5000.000000000000	9.197861078969	2.104553905208
5000.000000000000	9.565785335912	2.195257283063
5000.000000000000	9.924269317619	2.282845571689
5000.000000000000	10.272959243682	2.367335470114
5000.000000000000	10.611510999241	2.448761666294
5000.000000000000	10.939590474586	2.527160664658
5000.000000000000	11.256873894886	2.602557029290
5000.000000000000	11.563048139711	2.674960233300
5000.000000000000	11.857811052045	2.744372627360
5000.000000000000	12.140871736482	2.810801812508
5000.000000000000	12.411950846300	2.874268350446
5000.000000000000	12.670780859146	2.934803371533
5000.000000000000	12.917106341045	2.992437591729
5000.000000000000	13.150684198488	3.047188966354
5000.000000000000	13.371283918328	3.099057124473
5000.000000000000	13.578687795275	3.148028412297
5000.000000000000	13.772691146742	3.194088665675
5000.000000000000	13.953102514846	3.237235973287
5000.000000000000	14.119743855345	3.277485676848
5000.000000000000	14.272450713357	3.314864622600
5000.000000000000	14.411072385648	3.349398229528
5000.000000000000	14.535472069365	3.381098237694
5000.000000000000	14.645526997038	3.409958460134
5000.000000000000	14.741128557741	3.435960897241
5000.000000000000	14.822182404275	3.459088283412
5000.000000000000	14.888608546280	3.479335368152
5000.000000000000	14.940341429174	3.496712225147
5000.000000000000	14.977329998846	3.511237929956
5000.000000000000	14.999537752044	3.522928888069
5000.000000000000	15.006942772397	3.531789280653
5000.000000000000	14.999537752044	3.537809624324
5000.000000000000	14.977329998846	3.540974295751
5000.000000000000	14.940341429174	3.541273274962
5000.000000000000	14.888608546280	3.538710772810
5000.000000000000	14.822182404275	3.533305397694
5000.000000000000	14.741128557741	3.525081817451
5000.000000000000	14.645526997038	3.514059181925
5000.000000000000	14.535472069365	3.500243599061
5000.000000000000	14.411072385648	3.483629449885
5000.000000000000	14.272450713357	3.464208837347
5000.000000000000	14.119743855345	3.441983383741
5000.000000000000	13.953102514846	3.416971061515
5000.000000000000	13.772691146742	3.389203713721
5000.000000000000	13.578687795275	3.358716569117
5000.000000000000	13.371283918328	3.325535909703
5000.000000000000	13.150684198488	3.289672127368
5000.000000000000	12.917106341045	3.251122069572
5000.000000000000	12.670780859146	3.209878911478
5000.000000000000	12.411950846300	3.165943324801
5000.000000000000	12.140871736482	3.119329197465
5000.000000000000	11.857811052045	3.070060854976
5000.000000000000	11.563048139711	3.018164240999
5000.000000000000	11.256873894886	2.963658275405
5000.000000000000	10.939590474586	2.906552181386
5000.000000000000	10.611510999241	2.846850228392
5000.000000000000	10.272959243682	2.784559943316
5000.000000000000	9.924269317619	2.719697065568
5000.000000000000	9.565785335912	2.652282432567
5000.000000000000	9.197861078969	2.582331586104
5000.000000000000	8.820859643612	2.509843588172
5000.000000000000	8.435153084743	2.434797331487
5000.000000000000	8.041122048167	2.357159772451
5000.000000000000	7.639155394946	2.276902886556
5000.000000000000	7.229649817637	2.194019409392
5000.000000000000	6.813009448803	2.108526261333
5000.000000000000	6.389645462189	2.020450593080
5000.000000000000	5.959975666934	1.929803769259
5000.000000000000	5.524424095253	1.836557228360
5000.000000000000	5.083420583962	1.740635152814
5000.000000000000	4.637400350283	1.641930377595
5000.000000000000	4.186803562339	1.540335826765
5000.000000000000	3.732074904757	1.435772041396
5000.000000000000	3.273663139823	1.328189952778
5000.000000000000	2.812020664605	1.217539907802
5000.000000000000	2.347603064489	1.103718544959
5000.000000000000	1.880868663579	0.986523975786
5000.000000000000	1.412278072378	0.865655557477
5000.000000000000	0.942293733226	0.740781463787
5000.000000000000	0.471379463923	0.611668746414
5000.000000000000	0.000000000000	0.478338749508
5000.000000000000	-0.471379463923	0.341190972574
5000.000000000000	-0.942293733226	0.201041835444
5000.000000000000	-1.412278072378	0.059052113632
5000.000000000000	-1.880868663579	-0.083442423755
5000.000000000000	-2.347603064489	-0.225145769339
5000.000000000000	-2.812020664605	-0.364993578034
5000.000000000000	-3.273663139823	-0.502264446797
5000.000000000000	-3.732074904757	-0.636585638543
5000.000000000000	-4.186803562339	-0.767848711300
5000.000000000000	-4.637400350283	-0.896080985200
5000.000000000000	-5.083420583962	-1.021327302613
5000.000000000000	-5.524424095253	-1.143581777134
5000.000000000000	-5.959975666934	-1.262780398363
5000.000000000000	-6.389645462189	-1.378837057975
5000.000000000000	-6.813009448803	-1.491690416167
5000.000000000000	-7.229649817637	-1.601331916852
5000.000000000000	-7.639155394946	-1.707801846110
5000.000000000000	-8.041122048167	-1.811160255618
5000.000000000000	-8.435153084743	-1.911452322734
5000.000000000000	-8.820859643612	-2.008687904000
5000.000000000000	-9.197861078969	-2.102844491483
5000.000000000000	-9.565785335912	-2.193888686992
5000.000000000000	-9.924269317619	-2.281801766126
5000.000000000000	-10.272959243682	-2.366594513732
5000.000000000000	-10.611510999241	-2.448304335391
5000.000000000000	-10.939590474586	-2.526978373255
5000.000000000000	-11.256873894886	-2.602653701637
5000.000000000000	-11.563048139711	-2.675345967595
5000.000000000000	-11.857811052045	-2.745051735570
5000.000000000000	-12.140871736482	-2.811761448555
5000.000000000000	-12.411950846300	-2.875474277135
5000.000000000000	-12.670780859146	-2.936206066332
5000.000000000000	-12.917106341045	-2.993986514649
5000.000000000000	-13.150684198488	-3.048848278396
5000.000000000000	-13.371283918328	-3.100814979724
5000.000000000000	-13.578687795275	-3.149894933774
5000.000000000000	-13.772691146742	-3.196083410826
5000.000000000000	-13.953102514846	-3.239371150541
5000.000000000000	-14.119743855345	-3.279753689300
5000.000000000000	-14.272450713357	-3.317236396397
5000.000000000000	-14.411072385648	-3.351833269245
5000.000000000000	-14.535472069365	-3.383561286778
5000.000000000000	-14.645526997038	-3.412434198797
5000.000000000000	-14.741128557741	-3.438459094668
5000.000000000000	-14.822182404275	-3.461636726584
5000.000000000000	-14.888608546280	-3.481964150998
5000.000000000000	-14.940341429174	-3.499437333889
5000.000000000000	-14.977329998846	-3.514052262616
5000.000000000000	-14.999537752044	-3.525804856439
5000.000000000000	-15.006942772397	-3.534691119613
5000.000000000000	-14.999537752044	-3.540708667083
5000.000000000000	-14.977329998846	-3.543859284023
5000.000000000000	-14.940341429174	-3.544150781981
5000.000000000000	-14.888608546280	-3.541596303748
5000.000000000000	-14.822182404275	-3.536210692845
5000.000000000000	-14.741128557741	-3.528005665351
5000.000000000000	-14.645526997038	-3.516986773605
5000.000000000000	-14.535472069365	-3.503154462854
5000.000000000000	-14.411072385648	-3.486509101253
5000.000000000000	-14.272450713357	-3.467057177062
5000.000000000000	-14.119743855345	-3.444814727344
5000.000000000000	-13.953102514846	-3.419805441849
5000.000000000000	-13.772691146742	-3.392054117903
5000.000000000000	-13.578687795275	-3.361579253262
5000.000000000000	-13.371283918328	-3.328389467712
5000.000000000000	-13.150684198488	-3.292486327685
5000.000000000000	-12.917106341045	-3.253872130002
5000.000000000000	-12.670780859146	-3.212557766363
5000.000000000000	-12.411950846300	-3.168565273303
5000.000000000000	-12.140871736482	-3.121922701861
5000.000000000000	-11.857811052045	-3.072653866177
5000.000000000000	-11.563048139711	-3.020769284235
5000.000000000000	-11.256873894886	-2.966264594371
5000.000000000000	-10.939590474586	-2.909128511703
5000.000000000000	-10.611510999241	-2.849356271589
5000.000000000000	-10.272959243682	-2.786960280523
5000.000000000000	-9.924269317619	-2.721970352873
5000.000000000000	-9.565785335912	-2.654421638921
5000.000000000000	-9.197861078969	-2.584336086921
5000.000000000000	-8.820859643612	-2.511708311731
5000.000000000000	-8.435153084743	-2.436505495178
5000.000000000000	-8.041122048167	-2.358683387252
5000.000000000000	-7.639155394946	-2.278210554545
5000.000000000000	-7.229649817637	-2.195086651632
5000.000000000000	-6.813009448803	-2.109342117978
5000.000000000000	-6.389645462189	-2.021016368816
5000.000000000000	-5.959975666934	-1.930124331475
5000.000000000000	-5.524424095253	-1.836629605455
5000.000000000000	-5.083420583962	-1.740440816304
5000.000000000000	-4.637400350283	-1.641435530722
5000.000000000000	-4.186803562339	-1.539499381426
5000.000000000000	-3.732074904757	-1.434556386267
5000.000000000000	-3.273663139823	-1.326567801899
5000.000000000000	-2.812020664605	-1.215492694229
5000.000000000000	-2.347603064489	-1.101226970515
5000.000000000000	-1.880868663579	-0.983556653662
5000.000000000000	-1.412278072378	-0.862164100607
5000.000000000000	-0.942293733226	-0.736708199532
5000.000000000000	-0.471379463923	-0.606967217126
5000.000000000000	-0.000000000000	-0.473000183907
5000.000000000000	0.000000000000	-0.468619836250
5000.000000000000	0.471487417319	-0.334844203931
5000.000000000000	0.942509533481	-0.198228009458
5000.000000000000	1.412601506524	-0.059950460707
5000.000000000000	1.881299412425	0.078664850982
5000.000000000000	2.348140702939	0.216365608449
5000.000000000000	2.812664662073	0.352152963215
5000.000000000000	3.274412860763	0.485375723860
5000.000000000000	3.732929609283	0.615718044806
5000.000000000000	4.187762406962	0.743102926424
5000.000000000000	4.638462388739	0.867561679476
5000.000000000000	5.084584768147	0.989123596328
5000.000000000000	5.525689276259	1.107761164803
5000.000000000000	5.961340596179	1.223395383902
5000.000000000000	6.391108792652	1.335938488687
5000.000000000000	6.814569736355	1.445339612488
5000.000000000000	7.231305522460	1.551605717778
5000.000000000000	7.640904883062	1.654789235590
5000.000000000000	8.042963593041	1.754953786402
5000.000000000000	8.437084868993	1.852139810574
5000.000000000000	8.822879760801	1.946348904544
5000.000000000000	9.199967535484	2.037552738542
5000.000000000000	9.567976052935	2.125718016810
5000.000000000000	9.926542133177	2.210831166869
5000.000000000000	10.275311914780	2.292908806333
5000.000000000000	10.613941204077	2.371989990287
5000.000000000000	10.942095814841	2.448117267730
5000.000000000000	11.259451898092	2.521319240731
5000.000000000000	11.565696261690	2.591604916617
5000.000000000000	11.860526679420	2.658971882250
5000.000000000000	12.143652189257	2.723421628287
5000.000000000000	12.414793380504	2.784971424081
5000.000000000000	12.673682669540	2.843654975846
5000.000000000000	12.920064563894	2.899511524042
5000.000000000000	13.153695914382	2.952570294010
5000.000000000000	13.374346155067	3.002839937973
5000.000000000000	13.581797530801	3.050309377883
5000.000000000000	13.775845312123	3.094959481341
5000.000000000000	13.956297997300	3.136778603099
5000.000000000000	14.122977501317	3.175772978354
5000.000000000000	14.275719331629	3.211966280503
5000.000000000000	14.414372750489	3.245389152354
5000.000000000000	14.538800923712	3.276065222851
5000.000000000000	14.648881055714	3.304001735737
5000.000000000000	14.744504510696	3.329189726313
5000.000000000000	14.825576919850	3.351612839271
5000.000000000000	14.892018274499	3.371258978037
5000.000000000000	14.943763005045	3.388127840392
5000.000000000000	14.980760045688	3.402230446505
5000.000000000000	15.002972884815	3.413581900299
5000.000000000000	15.010379601036	3.422192616600
5000.000000000000	15.002972884815	3.428063750891
5000.000000000000	14.980760045688	3.431189497640
5000.000000000000	14.943763005045	3.431564382321
5000.000000000000	14.892018274499	3.429190563246
5000.000000000000	14.825576919850	3.424080356496
5000.000000000000	14.744504510696	3.416252432842
5000.000000000000	14.648881055714	3.405724251427
5000.000000000000	14.538800923712	3.392505658648
5000.000000000000	14.414372750489	3.376597748842
5000.000000000000	14.275719331629	3.357997670532
5000.000000000000	14.122977501317	3.336706294542
5000.000000000000	13.956297997300	3.312733928993
5000.000000000000	13.775845312123	3.286100609860
5000.000000000000	13.581797530801	3.256830974838
5000.000000000000	13.374346155067	3.224947068548
5000.000000000000	13.153695914382	3.190463504016
5000.000000000000	12.920064563894	3.153387609558
5000.000000000000	12.673682669540	3.113723796400
5000.000000000000	12.414793380504	3.071478689260
5000.000000000000	12.143652189257	3.026663361242
5000.000000000000	11.860526679420	2.979291390428
5000.000000000000	11.565696261690	2.929374712833
5000.000000000000	11.259451898092	2.876921036051
5000.000000000000	10.942095814841	2.821935506929
5000.000000000000	10.613941204077	2.764425985126
5000.000000000000	10.275311914780	2.704407957501
5000.000000000000	9.926542133177	2.641904357713
5000.000000000000	9.567976052935	2.576938319343
5000.000000000000	9.199967535484	2.509521767975
5000.000000000000	8.822879760801	2.439646602149
5000.000000000000	8.437084868993	2.367285095858
5000.000000000000	8.042963593041	2.292401399594
5000.000000000000	7.640904883062	2.214968989119
5000.000000000000	7.231305522460	2.134983896515
5000.000000000000	6.814569736355	2.052464224731
5000.000000000000	6.391108792652	1.967433358401
5000.000000000000	5.961340596179	1.879894063688
5000.000000000000	5.525689276259	1.789807557856
5000.000000000000	5.084584768147	1.697090761120
5000.000000000000	4.638462388739	1.601635538972
5000.000000000000	4.187762406962	1.503340226115
5000.000000000000	3.732929609283	1.402133823854
5000.000000000000	3.274412860763	1.297973856499
5000.000000000000	2.812664662073	1.190811737269
5000.000000000000	2.348140702939	1.080539466545
5000.000000000000	1.881299412425	0.966948366982
5000.000000000000	1.412601506524	0.849734130427
5000.000000000000	0.942509533481	0.728568116275
5000.000000000000	0.471487417319	0.603226862508
5000.000000000000	0.000000000000	0.473742094559
5000.000000000000	-0.471487417319	0.340516432827
5000.000000000000	-0.942509533481	0.204355132483
5000.000000000000	-1.412601506524	0.066391353065
5000.000000000000	-1.881299412425	-0.072078885102
5000.000000000000	-2.348140702939	-0.209802078087
5000.000000000000	-2.812664662073	-0.345748583493
5000.000000000000	-3.274412860763	-0.479216650423
5000.000000000000	-3.732929609283	-0.609837101006
5000.000000000000	-4.187762406962	-0.737494057913
5000.000000000000	-4.638462388739	-0.862204731262
5000.000000000000	-5.084584768147	-0.984008493735
5000.000000000000	-5.525689276259	-1.102901564157
5000.000000000000	-5.961340596179	-1.218827290235
5000.000000000000	-6.391108792652	-1.331706518686
5000.000000000000	-6.814569736355	-1.441479028813
5000.000000000000	-7.231305522460	-1.548129554637
5000.000000000000	-7.640904883062	-1.651686448126
5000.000000000000	-8.042963593041	-1.752198346445
5000.000000000000	-8.437084868993	-1.849705207313
5000.000000000000	-8.822879760801	-1.944220306156
5000.000000000000	-9.199967535484	-2.035731019661
5000.000000000000	-9.567976052935	-2.124214645511
5000.000000000000	-9.926542133177	-2.209657851546
5000.000000000000	-10.275311914780	-2.292068199607
5000.000000000000	-10.613941204077	-2.371472499722
5000.000000000000	-10.942095814841	-2.447905040364
5000.000000000000	-11.259451898092	-2.521394048376
5000.000000000000	-11.565696261690	-2.591954461008
5000.000000000000	-11.860526679420	-2.659590178520
5000.000000000000	-12.143652189257	-2.724302897539
5000.000000000000	-12.414793380504	-2.786101113419
5000.000000000000	-12.673682669540	-2.845003665924
5000.000000000000	-12.920064563894	-2.901036266952
5000.000000000000	-13.153695914382	-2.954223935009
5000.000000000000	-13.374346155067	-3.004584394569
5000.000000000000	-13.581797530801	-3.052126257523
5000.000000000000	-13.775845312123	-3.096852356881
5000.000000000000	-13.956297997300	-3.138765360585
5000.000000000000	-14.122977501317	-3.177871781005
5000.000000000000	-14.275719331629	-3.214182110862
5000.000000000000	-14.414372750489	-3.247707720638
5000.000000000000	-14.538800923712	-3.278457282761
5000.000000000000	-14.648881055714	-3.306435466333
5000.000000000000	-14.744504510696	-3.331644654378
5000.000000000000	-14.825576919850	-3.354088009490
5000.000000000000	-14.892018274499	-3.373771138673
5000.000000000000	-14.943763005045	-3.390700675407
5000.000000000000	-14.980760045688	-3.404880556801
5000.000000000000	-15.002972884815	-3.416308846408
5000.000000000000	-15.010379601036	-3.424978056481
5000.000000000000	-15.002972884815	-3.430879793883
5000.000000000000	-14.980760045688	-3.434011502454
5000.000000000000	-14.943763005045	-3.434381174902
5000.000000000000	-14.892018274499	-3.432006619631
5000.000000000000	-14.825576919850	-3.426908998171
5000.000000000000	-14.744504510696	-3.419104049898
5000.000000000000	-14.648881055714	-3.408596296077
5000.000000000000	-14.538800923712	-3.395380159662
5000.000000000000	-14.414372750489	-3.379447933320
5000.000000000000	-14.275719331629	-3.360800217059
5000.000000000000	-14.122977501317	-3.339452548045
5000.000000000000	-13.956297997300	-3.315433841134
5000.000000000000	-13.775845312123	-3.288777023696
5000.000000000000	-13.581797530801	-3.259507083475
5000.000000000000	-13.374346155067	-3.227633630740
5000.000000000000	-13.153695914382	-3.193152649487
5000.000000000000	-12.920064563894	-3.156056641998
5000.000000000000	-12.673682669540	-3.116347104731
5000.000000000000	-12.414793380504	-3.074041522427
5000.000000000000	-12.143652189257	-3.029170131429
5000.000000000000	-11.860526679420	-2.981763936016
5000.000000000000	-11.565696261690	-2.931841123622
5000.000000000000	-11.259451898092	-2.879400501903
5000.000000000000	-10.942095814841	-2.824426661229
5000.000000000000	-10.613941204077	-2.766904361362
5000.000000000000	-10.275311914780	-2.706833484693
5000.000000000000	-9.926542133177	-2.644234781476
5000.000000000000	-9.567976052935	-2.579141671248
5000.000000000000	-9.199967535484	-2.511581880015
5000.000000000000	-8.822879760801	-2.441559590254
5000.000000000000	-8.437084868993	-2.369049542503
5000.000000000000	-8.042963593041	-2.294008086386
5000.000000000000	-7.640904883062	-2.216395888097
5000.000000000000	-7.231305522460	-2.136198944191
5000.000000000000	-6.814569736355	-2.053434016562
5000.000000000000	-6.391108792652	-1.968132727627
5000.000000000000	-5.961340596179	-1.880311207534
5000.000000000000	-5.525689276259	-1.789941975484
5000.000000000000	-5.084584768147	-1.696945213005
5000.000000000000	-4.638462388739	-1.601206297868
5000.000000000000	-4.187762406962	-1.502610431195
5000.000000000000	-3.732929609283	-1.401072631211
5000.000000000000	-3.274412860763	-1.296540688356
5000.000000000000	-2.812664662073	-1.188962344927
5000.000000000000	-2.348140702939	-1.078230274104
5000.000000000000	-1.881299412426	-0.964137736930
5000.000000000000	-1.412601506524	-0.846382351519
5000.000000000000	-0.942509533481	-0.724639933719
5000.000000000000	-0.471487417319	-0.598699706569
5000.000000000000	-0.000000000000	-0.468619836250
5000.000000000000	0.000000000000	-0.458007833593
5000.000000000000	0.471580003107	-0.330023026658
5000.000000000000	0.942694613685	-0.199262405332
5000.000000000000	1.412878898492	-0.066882183350
5000.000000000000	1.881668842405	0.065829836582
5000.000000000000	2.348601806348	0.197664011535
5000.000000000000	2.813216983858	0.327661362306
5000.000000000000	3.275055855849	0.455198181720
5000.000000000000	3.733662643112	0.579968439159
5000.000000000000	4.188584756117	0.701888689059
5000.000000000000	4.639373241661	0.820974985843
5000.000000000000	5.085583225935	0.937242596523
5000.000000000000	5.526774353554	1.050659254483
5000.000000000000	5.962511222142	1.161153020057
5000.000000000000	6.392363812016	1.268651338617
5000.000000000000	6.815907910568	1.373119147237
5000.000000000000	7.232725530906	1.474572451541
5000.000000000000	7.642405324363	1.573062541133
5000.000000000000	8.044542986443	1.668643709610
5000.000000000000	8.438741655825	1.761344908215
5000.000000000000	8.824612306015	1.851160705952
5000.000000000000	9.201774129266	1.938063878431
5000.000000000000	9.569854912396	2.022029296977
5000.000000000000	9.928491404110	2.103053669498
5000.000000000000	10.277329673490	2.181160139999
5000.000000000000	10.616025459278	2.256387125339
5000.000000000000	10.944244509627	2.328770345943
5000.000000000000	11.261662911959	2.398330184257
5000.000000000000	11.567967412635	2.465071948405
5000.000000000000	11.862855726091	2.528997716929
5000.000000000000	12.146036833166	2.590120955199
5000.000000000000	12.417231268295	2.648473569565
5000.000000000000	12.676171395313	2.704100173079
5000.000000000000	12.922601671577	2.757042665343
5000.000000000000	13.156278900155	2.807324521553
5000.000000000000	13.376972469836	2.854944585979
5000.000000000000	13.584464582710	2.899884502713
5000.000000000000	13.778550469114	2.942125708474
5000.000000000000	13.959038589709	2.981666154885
5000.000000000000	14.125750824511	3.018527064204
5000.000000000000	14.278522648672	3.052745912725
5000.000000000000	14.417203294846	3.084359909909
5000.000000000000	14.541655901978	3.113389690247
5000.000000000000	14.651757650370	3.139832591570
5000.000000000000	14.747399882889	3.163669076369
5000.000000000000	14.828488212198	3.184878104725
5000.000000000000	14.894942613908	3.203452192083
5000.000000000000	14.946697505546	3.219403401482
5000.000000000000	14.983701811282	3.232757175615
5000.000000000000	15.005919012335	3.243538230066
5000.000000000000	15.013327183009	3.251757328901
5000.000000000000	15.005919012335	3.257406986546
5000.000000000000	14.983701811282	3.260468579365
5000.000000000000	14.946697505546	3.260926429480
5000.000000000000	14.894942613908	3.258780299541
5000.000000000000	14.828488212198	3.254048814508
5000.000000000000	14.747399882889	3.246761863081
5000.000000000000	14.651757650370	3.236946643836
5000.000000000000	14.541655901978	3.224615751264
5000.000000000000	14.417203294846	3.209764377481
5000.000000000000	14.278522648672	3.192378212480
5000.000000000000	14.125750824511	3.172447293936
5000.000000000000	13.959038589709	3.149977645033
5000.000000000000	13.778550469114	3.124993985311
5000.000000000000	13.584464582710	3.097532120629
5000.000000000000	13.376972469836	3.067625569017
5000.000000000000	13.156278900155	3.035294050286
5000.000000000000	12.922601671577	3.000539983576
5000.000000000000	12.676171395313	2.963354194048
5000.000000000000	12.417231268295	2.923726733075
5000.000000000000	12.146036833166	2.881656228570
5000.000000000000	11.862855726091	2.837152800026
5000.000000000000	11.567967412635	2.790234010000
5000.000000000000	11.261662911959	2.740917616067
5000.000000000000	10.944244509627	2.689216321860
5000.000000000000	10.616025459278	2.635137564823
5000.000000000000	10.277329673490	2.578687284916
5000.000000000000	9.928491404110	2.519873520360
5000.000000000000	9.569854912396	2.458705795928
5000.000000000000	9.201774129266	2.395189597587
5000.000000000000	8.824612306015	2.329319457594
5000.000000000000	8.438741655825	2.261076188934
5000.000000000000	8.044542986443	2.190431804269
5000.000000000000	7.642405324363	2.117360524549
5000.000000000000	7.232725530906	2.041849274150
5000.000000000000	6.815907910568	1.963899801315
5000.000000000000	6.392363812016	1.883518615183
5000.000000000000	5.962511222142	1.800698434751
5000.000000000000	5.526774353554	1.715401278290
5000.000000000000	5.085583225935	1.627554111557
5000.000000000000	4.639373241661	1.537061510256
5000.000000000000	4.188584756117	1.443828967380
5000.000000000000	3.733662643112	1.347781581268
5000.000000000000	3.275055855849	1.248862189236
5000.000000000000	2.813216983858	1.147002942176
5000.000000000000	2.348601806348	1.042081171949
5000.000000000000	1.881668842405	0.933885602061
5000.000000000000	1.412878898492	0.822123174424
5000.000000000000	0.942694613685	0.706485129267
5000.000000000000	0.471580003107	0.586766405306
5000.000000000000	0.000000000000	0.463005160963
5000.000000000000	-0.471580003107	0.335592342702
5000.000000000000	-0.942694613685	0.205304285076
5000.000000000000	-1.412878898492	0.073235198511
5000.000000000000	-1.881668842405	-0.059357794959
5000.000000000000	-2.348601806348	-0.191251625153
5000.000000000000	-2.813216983858	-0.321435182070
5000.000000000000	-3.275055855849	-0.449215471588
5000.000000000000	-3.733662643112	-0.574227805135
5000.000000000000	-4.188584756117	-0.696361847729
5000.000000000000	-4.639373241661	-0.815643577134
5000.000000000000	-5.085583225935	-0.932122565889
5000.000000000000	-5.526774353554	-1.045802505935
5000.000000000000	-5.962511222142	-1.156627907487
5000.000000000000	-6.392363812016	-1.264513968039
5000.000000000000	-6.815907910568	-1.369391198581
5000.000000000000	-7.232725530906	-1.471236705959
5000.000000000000	-7.642405324363	-1.570077271864
5000.000000000000	-8.044542986443	-1.665967081029
5000.000000000000	-8.438741655825	-1.758955815079
5000.000000000000	-8.824612306015	-1.849065326296
5000.000000000000	-9.201774129266	-1.936285721065
5000.000000000000	-9.569854912396	-2.020589811179
5000.000000000000	-9.928491404110	-2.101955400809
5000.000000000000	-10.277329673490	-2.180382368983
5000.000000000000	-10.616025459278	-2.255896249973
5000.000000000000	-10.944244509627	-2.328538418920
5000.000000000000	-11.261662911959	-2.398350056961
5000.000000000000	-11.567967412635	-2.465359246131
5000.000000000000	-11.862855726091	-2.529577414468
5000.000000000000	-12.146036833166	-2.591005404659
5000.000000000000	-12.417231268295	-2.649644295875
5000.000000000000	-12.676171395313	-2.705504389320
5000.000000000000	-12.922601671577	-2.758607826389
5000.000000000000	-13.156278900155	-2.808984400192
5000.000000000000	-13.376972469836	-2.856663708447
5000.000000000000	-13.584464582710	-2.901668078106
5000.000000000000	-13.778550469114	-2.944009463383
5000.000000000000	-13.959038589709	-2.983690970226
5000.000000000000	-14.125750824511	-3.020711421381
5000.000000000000	-14.278522648672	-3.055070496102
5000.000000000000	-14.417203294846	-3.086772466856
5000.000000000000	-14.541655901978	-3.115827661340
5000.000000000000	-14.651757650370	-3.142251685278
5000.000000000000	-14.747399882889	-3.166062834930
5000.000000000000	-14.828488212198	-3.187278259530
5000.000000000000	-14.894942613908	-3.205909714311
5000.000000000000	-14.946697505546	-3.221960247244
5000.000000000000	-14.983701811282	-3.235423459984
5000.000000000000	-15.005919012335	-3.246286476417
5000.000000000000	-15.013327183009	-3.254536248302
5000.000000000000	-15.005919012335	-3.260166906755
5000.000000000000	-14.983701811282	-3.263184688004
5000.000000000000	-14.946697505546	-3.263607542876
5000.000000000000	-14.894942613908	-3.261458979664
5000.000000000000	-14.828488212198	-3.256758871555
5000.000000000000	-14.747399882889	-3.249516050448
5000.000000000000	-14.651757650370	-3.239727040595
5000.000000000000	-14.541655901978	-3.227382168748
5000.000000000000	-14.417203294846	-3.212476074147
5000.000000000000	-14.278522648672	-3.195016764405
5000.000000000000	-14.125750824511	-3.175027715250
5000.000000000000	-13.959038589709	-3.152541203632
5000.000000000000	-13.778550469114	-3.127586164519
5000.000000000000	-13.584464582710	-3.100177393887
5000.000000000000	-13.376972469836	-3.070312600665
5000.000000000000	-13.156278900155	-3.037979520568
5000.000000000000	-12.922601671577	-3.003169351250
5000.000000000000	-12.676171395313	-2.965888663124
5000.000000000000	-12.417231268295	-2.926162337872
5000.000000000000	-12.146036833166	-2.884025081610
5000.000000000000	-11.862855726091	-2.839505927734
5000.000000000000	-11.567967412635	-2.792614798364
5000.000000000000	-11.261662911959	-2.743339592492
5000.000000000000	-10.944244509627	-2.691656372517
5000.000000000000	-10.616025459278	-2.637547250176
5000.000000000000	-10.277329673490	-2.581015290412
5000.000000000000	-9.928491404110	-2.522086656026
5000.000000000000	-9.569854912396	-2.460797286875
5000.000000000000	-9.201774129266	-2.397170821913
5000.000000000000	-8.824612306015	-2.331200624418
5000.000000000000	-8.438741655825	-2.262847550423
5000.000000000000	-8.044542986443	-2.192056540480
5000.000000000000	-7.642405324363	-2.118783747754
5000.000000000000	-7.232725530906	-2.043018426706
5000.000000000000	-6.815907910568	-1.964785175518
5000.000000000000	-6.392363812016	-1.884122441278
5000.000000000000	-5.962511222142	-1.801047126821
5000.000000000000	-5.526774353554	-1.715524600134
5000.000000000000	-5.085583225935	-1.627462149780
5000.000000000000	-4.639373241661	-1.536731474656
5000.000000000000	-4.188584756117	-1.443208357337
5000.000000000000	-3.733662643112	-1.346805221982
5000.000000000000	-3.275055855849	-1.247473113956
5000.000000000000	-2.813216983858	-1.145165328313
5000.000000000000	-2.348601806348	-1.039778584136
5000.000000000000	-1.881668842405	-0.931106868150
5000.000000000000	-1.412878898492	-0.818846182512
5000.000000000000	-0.942694613685	-0.702671019795
5000.000000000000	-0.471580003107	-0.582371477978
5000.000000000000	-0.000000000000	-0.458007833593
5000.000000000000	0.000000000000	-0.446715565770
5000.000000000000	0.471578710233	-0.324903617159
5000.000000000000	0.942692029213	-0.200369189083
5000.000000000000	1.412875024973	-0.074235215726
5000.000000000000	1.881663683662	0.052246067919
5000.000000000000	2.348595367471	0.177894215168
5000.000000000000	2.813209271201	0.301767915174
5000.000000000000	3.275046877024	0.423249962204
5000.000000000000	3.733652406980	0.542034761924
5000.000000000000	4.188573272780	0.658040015445
5000.000000000000	4.639360522453	0.771288390466
5000.000000000000	5.085569283406	0.881807587023
5000.000000000000	5.526759201465	0.989579654095
5000.000000000000	5.962494875446	1.094543064781
5000.000000000000	6.392346286846	1.196627515839
5000.000000000000	6.815889224217	1.295791760537
5000.000000000000	7.232705701817	1.392041133715
5000.000000000000	7.642384372104	1.485417881914
5000.000000000000	8.044520931692	1.575973981739
5000.000000000000	8.438718520348	1.663744307938
5000.000000000000	8.824588112642	1.748734933113
5000.000000000000	9.201748901875	1.830930519172
5000.000000000000	9.569828675882	1.910313372820
5000.000000000000	9.928464184366	1.986881256631
5000.000000000000	10.277301497378	2.060653767848
5000.000000000000	10.615996354605	2.131665360691
5000.000000000000	10.944214505115	2.199951368906
5000.000000000000	11.261632037220	2.265536783285
5000.000000000000	11.567935698137	2.328434565952
5000.000000000000	11.862823203134	2.388653406553
5000.000000000000	12.146003533846	2.446208643970
5000.000000000000	12.417197225474	2.501128385101
5000.000000000000	12.676136642587	2.553450404080
5000.000000000000	12.922566243243	2.603211660119
5000.000000000000	13.156242831177	2.650437144908
5000.000000000000	13.376935795808	2.695135224304
5000.000000000000	13.584427339827	2.737302510351
5000.000000000000	13.778512694129	2.776935288240
5000.000000000000	13.959000319901	2.814040430180
5000.000000000000	14.125712097649	2.848639079026
5000.000000000000	14.278483502974	2.880760902566
5000.000000000000	14.417163768943	2.910432557031
5000.000000000000	14.541616034878	2.937667537201
5000.000000000000	14.651717481418	2.962463675806
5000.000000000000	14.747359451726	2.984809794872
5000.000000000000	14.828447558726	3.004697367190
5000.000000000000	14.894901778245	3.022129989642
5000.000000000000	14.946656527993	3.037124857443
5000.000000000000	14.983660732279	3.049705380824
5000.000000000000	15.005877872422	3.059889550899
5000.000000000000	15.013286022786	3.067681292623
5000.000000000000	15.005877872422	3.073070240229
5000.000000000000	14.983660732279	3.076040245069
5000.000000000000	14.946656527993	3.076581606845
5000.000000000000	14.894901778245	3.074699741433
5000.000000000000	14.828447558726	3.070415136828
5000.000000000000	14.747359451726	3.063754692998
5000.000000000000	14.651717481418	3.054739705596
5000.000000000000	14.541616034878	3.043377716656
5000.000000000000	14.417163768943	3.029663053103
5000.000000000000	14.278483502974	3.013585590389
5000.000000000000	14.125712097649	2.995142329876
5000.000000000000	13.959000319901	2.974344749392
5000.000000000000	13.778512694129	2.951217522074
5000.000000000000	13.584427339827	2.925789448925
5000.000000000000	13.376935795808	2.898082098210
5000.000000000000	13.156242831177	2.868102882176
5000.000000000000	12.922566243243	2.835846441589
5000.000000000000	12.676136642587	2.801303083075
5000.000000000000	12.417197225474	2.764468818568
5000.000000000000	12.146003533846	2.725350857850
5000.000000000000	11.862823203134	2.683965551107
5000.000000000000	11.567935698137	2.640330693183
5000.000000000000	11.261632037220	2.594457608407
5000.000000000000	10.944214505115	2.546348281609
5000.000000000000	10.615996354605	2.495999114329
5000.000000000000	10.277301497378	2.443408121893
5000.000000000000	9.928464184366	2.388579776248
5000.000000000000	9.569828675882	2.331523132199
5000.000000000000	9.201748901875	2.272243585016
5000.000000000000	8.824588112642	2.210733533638
5000.000000000000	8.438718520348	2.146968907597
5000.000000000000	8.044520931692	2.080915395281
5000.000000000000	7.642384372104	2.012541845551
5000.000000000000	7.232705701817	1.941832659274
5000.000000000000	6.815889224217	1.868790024211
5000.000000000000	6.392346286846	1.793421949897
5000.000000000000	5.962494875446	1.715720762231
5000.000000000000	5.526759201465	1.635643817572
5000.000000000000	5.085569283406	1.553108747750
5000.000000000000	4.639360522453	1.468008075572
5000.000000000000	4.188573272780	1.380235992205
5000.000000000000	3.733652406980	1.289710417668
5000.000000000000	3.275046877024	1.196372869111
5000.000000000000	2.813209271201	1.100159444754
5000.000000000000	2.348595367471	1.000954228492
5000.000000000000	1.881663683662	0.898552423615
5000.000000000000	1.412875024973	0.792664808225
5000.000000000000	0.942692029213	0.682982817339
5000.000000000000	0.471578710233	0.569298055090
5000.000000000000	0.000000000000	0.451642139806
5000.000000000000	-0.471578710233	0.330395955398
5000.000000000000	-0.942692029213	0.206321128966
5000.000000000000	-1.412875024973	0.080491320013
5000.000000000000	-1.881663683662	-0.045862774767
5000.000000000000	-2.348595367471	-0.171548259918
5000.000000000000	-2.813209271201	-0.295583659477
5000.000000000000	-3.275046877024	-0.417299828262
5000.000000000000	-3.733652406980	-0.536345942182
5000.000000000000	-4.188573272780	-0.652614254067
5000.000000000000	-4.639360522453	-0.766124434692
5000.000000000000	-5.085569283406	-0.876916101052
5000.000000000000	-5.526759201465	-0.984985343158
5000.000000000000	-5.962494875446	-1.090275708371
5000.000000000000	-6.392346286846	-1.192708948093
5000.000000000000	-6.815889224217	-1.292226994024
5000.000000000000	-7.232705701817	-1.388818550447
5000.000000000000	-7.642384372104	-1.482517797764
5000.000000000000	-8.044520931692	-1.573380132776
5000.000000000000	-8.438718520348	-1.661451466684
5000.000000000000	-8.824588112642	-1.746748493292
5000.000000000000	-9.201748901875	-1.829258814173
5000.000000000000	-9.569828675882	-1.908957812097
5000.000000000000	-9.928464184366	-1.985830594021
5000.000000000000	-10.277301497378	-2.059886281229
5000.000000000000	-10.615996354605	-2.131157912266
5000.000000000000	-10.944214505115	-2.199690025672
5000.000000000000	-11.261632037220	-2.265522425554
5000.000000000000	-11.567935698137	-2.328679506054
5000.000000000000	-11.862823203134	-2.389170100499
5000.000000000000	-12.146003533846	-2.446996284058
5000.000000000000	-12.417197225474	-2.502164810396
5000.000000000000	-12.676136642587	-2.554694298463
5000.000000000000	-12.922566243243	-2.604614637339
5000.000000000000	-13.156242831177	-2.651959914687
5000.000000000000	-13.376935795808	-2.696759570033
5000.000000000000	-13.584427339827	-2.739032735968
5000.000000000000	-13.778512694129	-2.778788199465
5000.000000000000	-13.959000319901	-2.816028977532
5000.000000000000	-14.125712097649	-2.850758260645
5000.000000000000	-14.278483502974	-2.882983485918
5000.000000000000	-14.417163768943	-2.912717098949
5000.000000000000	-14.541616034878	-2.939974701835
5000.000000000000	-14.651717481418	-2.964772395621
5000.000000000000	-14.747359451726	-2.987124778161
5000.000000000000	-14.828447558726	-3.007043890948
5000.000000000000	-14.894901778245	-3.024538518370
5000.000000000000	-14.946656527993	-3.039613326582
5000.000000000000	-14.983660732279	-3.052268187765
5000.000000000000	-15.005877872422	-3.062498778184
5000.000000000000	-15.013286022786	-3.070299312268
5000.000000000000	-15.005877872422	-3.075666980472
5000.000000000000	-14.983660732279	-3.078606117288
5000.000000000000	-14.946656527993	-3.079129549398
5000.000000000000	-14.894901778245	-3.077255679732
5000.000000000000	-14.828447558726	-3.073002251370
5000.000000000000	-14.747359451726	-3.066380003509
5000.000000000000	-14.651717481418	-3.057390018440
5000.000000000000	-14.541616034878	-3.046026801440
5000.000000000000	-14.417163768943	-3.032285841918
5000.000000000000	-14.278483502974	-3.016171494161
5000.000000000000	-14.125712097649	-2.997700388150
5000.000000000000	-13.959000319901	-2.976897874863
5000.000000000000	-13.778512694129	-2.953789067594
5000.000000000000	-13.584427339827	-2.928389476072
5000.000000000000	-13.376935795808	-2.900700841031
5000.000000000000	-13.156242831177	-2.870714955470
5000.000000000000	-12.922566243243	-2.838423506464
5000.000000000000	-12.676136642587	-2.803828117657
5000.000000000000	-12.417197225474	-2.766944295193
5000.000000000000	-12.146003533846	-2.727796417939
5000.000000000000	-11.862823203134	-2.686406383065
5000.000000000000	-11.567935698137	-2.642782717654
5000.000000000000	-11.261632037220	-2.596917146450
5000.000000000000	-10.944214505115	-2.548791342024
5000.000000000000	-10.615996354605	-2.498390228905
5000.000000000000	-10.277301497378	-2.445713635973
5000.000000000000	-9.928464184366	-2.390778364534
5000.000000000000	-9.569828675883	-2.333608137271
5000.000000000000	-9.201748901875	-2.274216472609
5000.000000000000	-8.824588112642	-2.212592686049
5000.000000000000	-8.438718520348	-2.148700423258
5000.000000000000	-8.044520931692	-2.082491233719
5000.000000000000	-7.642384372104	-2.013926366728
5000.000000000000	-7.232705701817	-1.942993799225
5000.000000000000	-6.815889224217	-1.869708724153
5000.000000000000	-6.392346286846	-1.794094461336
5000.000000000000	-5.962494875446	-1.716152482445
5000.000000000000	-5.526759201465	-1.635838062337
5000.000000000000	-5.085569283406	-1.553056636448
5000.000000000000	-4.639360522453	-1.467684914708
5000.000000000000	-4.188573272780	-1.379605656724
5000.000000000000	-3.733652406980	-1.288734497781
5000.000000000000	-3.275046877024	-1.195018557804
5000.000000000000	-2.813209271201	-1.098401014715
5000.000000000000	-2.348595367471	-0.998767128448
5000.000000000000	-1.881663683662	-0.895904193484
5000.000000000000	-1.412875024973	-0.789510129280
5000.000000000000	-0.942692029213	-0.679269012733
5000.000000000000	-0.471578710233	-0.564982371815
5000.000000000000	-0.000000000000	-0.446715565770
5000.000000000000	0.000000000000	-0.435852231341
5000.000000000000	0.471495384150	-0.319975397278
5000.000000000000	0.942525459281	-0.201427287801
5000.000000000000	1.412625375576	-0.081304562673
5000.000000000000	1.881331201173	0.039174154511
5000.000000000000	2.348180380011	0.158861536430
5000.000000000000	2.812712188313	0.276841278659
5000.000000000000	3.274468189268	0.392508875547
5000.000000000000	3.732992685451	0.505559946513
5000.000000000000	4.187833168544	0.615906975793
5000.000000000000	4.638540765902	0.723567587343
5000.000000000000	5.084670683542	0.828569555084
5000.000000000000	5.525782645098	0.930901278513
5000.000000000000	5.961441326318	1.030511177277
5000.000000000000	6.391216784683	1.127337881628
5000.000000000000	6.814684883702	1.221344292355
5000.000000000000	7.231427711488	1.312534283737
5000.000000000000	7.641033993184	1.400945531989
5000.000000000000	8.043099496842	1.486626653515
5000.000000000000	8.437227432351	1.569614029330
5000.000000000000	8.823028843023	1.649921014517
5000.000000000000	9.200122989445	1.727542949377
5000.000000000000	9.568137725220	1.802471822495
5000.000000000000	9.926709864236	1.874710067263
5000.000000000000	10.275485539082	1.944275503998
5000.000000000000	10.614120550275	2.011196326401
5000.000000000000	10.942280705944	2.075501497421
5000.000000000000	11.259642151633	2.137214038670
5000.000000000000	11.565891689912	2.196351655294
5000.000000000000	11.860727089460	2.252933423404
5000.000000000000	12.143857383333	2.306986847341
5000.000000000000	12.415003156115	2.358549327412
5000.000000000000	12.673896819663	2.407661980243
5000.000000000000	12.920282877188	2.454359127265
5000.000000000000	13.153918175398	2.498660023181
5000.000000000000	13.374572144461	2.540568367599
5000.000000000000	13.582027025549	2.580080436642
5000.000000000000	13.776078085741	2.617197255419
5000.000000000000	13.956533820068	2.651933546124
5000.000000000000	14.123216140507	2.684317976528
5000.000000000000	14.275960551733	2.714384455939
5000.000000000000	14.414616313451	2.742159687851
5000.000000000000	14.539046589166	2.767654520209
5000.000000000000	14.649128581217	2.790864369681
5000.000000000000	14.744753651970	2.811778486837
5000.000000000000	14.825827431024	2.830392427243
5000.000000000000	14.892269908347	2.846716107991
5000.000000000000	14.944015513236	2.860772499274
5000.000000000000	14.981013179027	2.872587726942
5000.000000000000	15.003226393489	2.882178665612
5000.000000000000	15.010633234863	2.889545734897
5000.000000000000	15.003226393489	2.894675537732
5000.000000000000	14.981013179027	2.897552023071
5000.000000000000	14.944015513236	2.898169612490
5000.000000000000	14.892269908347	2.896540400845
5000.000000000000	14.825827431024	2.892690981790
5000.000000000000	14.744753651970	2.886650633266
5000.000000000000	14.649128581217	2.878437818320
5000.000000000000	14.539046589166	2.868053051903
5000.000000000000	14.414616313451	2.855482454503
5000.000000000000	14.275960551733	2.840709961260
5000.000000000000	14.123216140507	2.823730977755
5000.000000000000	13.956533820068	2.804559383608
5000.000000000000	13.776078085741	2.783223730743
5000.000000000000	13.582027025549	2.759754905820
5000.000000000000	13.374572144461	2.734172571256
5000.000000000000	13.153918175398	2.706478338928
5000.000000000000	12.920282877188	2.676659497251
5000.000000000000	12.673896819663	2.644700727388
5000.000000000000	12.415003156115	2.610596492479
5000.000000000000	12.143857383333	2.574356548849
5000.000000000000	11.860727089460	2.536001424459
5000.000000000000	11.565891689912	2.495550999367
5000.000000000000	11.259642151633	2.453013586688
5000.000000000000	10.942280705944	2.408382472661
5000.000000000000	10.614120550275	2.361641982330
5000.000000000000	10.275485539082	2.312778865757
5000.000000000000	9.926709864236	2.261791165654
5000.000000000000	9.568137725220	2.208688168585
5000.000000000000	9.200122989445	2.153480807581
5000.000000000000	8.823028843023	2.096168384088
5000.000000000000	8.437227432351	2.036730451915
5000.000000000000	8.043099496842	1.975129934918
5000.000000000000	7.641033993184	1.911326416453
5000.000000000000	7.231427711488	1.845291393445
5000.000000000000	6.814684883702	1.777014873610
5000.000000000000	6.391216784683	1.706497115446
5000.000000000000	5.961441326318	1.633728427066
5000.000000000000	5.525782645098	1.558668310698
5000.000000000000	5.084670683542	1.481237250209
5000.000000000000	4.638540765902	1.401327867694
5000.000000000000	4.187833168544	1.318830031103
5000.000000000000	3.732992685451	1.233653819099
5000.000000000000	3.274468189268	1.145732287898
5000.000000000000	2.812712188313	1.054995757590
5000.000000000000	2.348180380011	0.961327177852
5000.000000000000	1.881331201173	0.864524874463
5000.000000000000	1.412625375576	0.764304466462
5000.000000000000	0.942525459281	0.660360481496
5000.000000000000	0.471495384150	0.552483028065
5000.000000000000	0.000000000000	0.440696506985
5000.000000000000	-0.471495384150	0.325369552547
5000.000000000000	-0.942525459281	0.207248252760
5000.000000000000	-1.412625375576	0.087389129848
5000.000000000000	-1.881331201173	-0.032994965577
5000.000000000000	-2.348180380011	-0.152729587995
5000.000000000000	-2.812712188313	-0.270852302259
5000.000000000000	-3.274468189268	-0.386712836993
5000.000000000000	-3.732992685451	-0.499977228407
5000.000000000000	-4.187833168543	-0.610550136549
5000.000000000000	-4.638540765902	-0.718457309334
5000.000000000000	-5.084670683542	-0.823737982463
5000.000000000000	-5.525782645098	-0.926383510723
5000.000000000000	-5.961441326318	-1.026332068568
5000.000000000000	-6.391216784683	-1.123503189873
5000.000000000000	-6.814684883702	-1.217841892772
5000.000000000000	-7.231427711488	-1.309344762720
5000.000000000000	-7.641033993184	-1.398055759828
5000.000000000000	-8.043099496842	-1.484038153063
5000.000000000000	-8.437227432351	-1.567341061387
5000.000000000000	-8.823028843023	-1.647979446408
5000.000000000000	-9.200122989445	-1.725936586429
5000.000000000000	-9.568137725220	-1.801184679311
5000.000000000000	-9.926709864236	-1.873709902750
5000.000000000000	-10.275485539082	-1.943527518798
5000.000000000000	-10.614120550275	-2.010679809528
5000.000000000000	-10.942280705944	-2.075219921827
5000.000000000000	-11.259642151633	-2.137192109545
5000.000000000000	-11.565891689912	-2.196619661512
5000.000000000000	-11.860727089460	-2.253506295387
5000.000000000000	-12.143857383333	-2.307848707872
5000.000000000000	-12.415003156115	-2.359652039651
5000.000000000000	-12.673896819663	-2.408939269769
5000.000000000000	-12.920282877188	-2.455749836602
5000.000000000000	-13.153918175398	-2.500129174600
5000.000000000000	-13.374572144461	-2.542115607595
5000.000000000000	-13.582027025549	-2.581731739667
5000.000000000000	-13.776078085741	-2.618984244468
5000.000000000000	-13.956533820068	-2.653871042207
5000.000000000000	-14.123216140507	-2.686391165146
5000.000000000000	-14.275960551733	-2.716551971384
5000.000000000000	-14.414616313451	-2.744370648668
5000.000000000000	-14.539046589166	-2.769870429912
5000.000000000000	-14.649128581217	-2.793074510955
5000.000000000000	-14.744753651970	-2.814001092622
5000.000000000000	-14.825827431024	-2.832661484297
5000.000000000000	-14.892269908347	-2.849061091006
5000.000000000000	-14.944015513236	-2.863201746008
5000.000000000000	-14.981013179027	-2.875083854780
5000.000000000000	-15.003226393489	-2.884707772190
5000.000000000000	-15.010633234863	-2.892074772387
5000.000000000000	-15.003226393489	-2.897188139611
5000.000000000000	-14.981013179027	-2.900054303611
5000.000000000000	-14.944015513236	-2.900683237651
5000.000000000000	-14.892269908347	-2.899087299506
5000.000000000000	-14.825827431024	-2.895278551011
5000.000000000000	-14.744753651970	-2.889265794614
5000.000000000000	-14.649128581217	-2.881053169360
5000.000000000000	-14.539046589166	-2.870641516144
5000.000000000000	-14.414616313451	-2.858032065967
5000.000000000000	-14.275960551733	-2.843230348802
5000.000000000000	-14.123216140507	-2.826247753072
5000.000000000000	-13.956533820068	-2.807099400273
5000.000000000000	-13.776078085741	-2.785799318692
5000.000000000000	-13.582027025549	-2.762355846919
5000.000000000000	-13.374572144461	-2.736770384924
5000.000000000000	-13.153918175398	-2.709040686690
5000.000000000000	-12.920282877188	-2.679166903540
5000.000000000000	-12.673896819663	-2.647156443817
5000.000000000000	-12.415003156115	-2.613023980136
5000.000000000000	-12.143857383333	-2.576785746550
5000.000000000000	-11.860727089460	-2.538451065095
5000.000000000000	-11.565891689912	-2.498016402974
5000.000000000000	-11.259642151633	-2.455466406213
5000.000000000000	-10.942280705944	-2.410782397218
5000.000000000000	-10.614120550275	-2.363953935528
5000.000000000000	-10.275485539082	-2.314986297226
5000.000000000000	-9.926709864236	-2.263898223249
5000.000000000000	-9.568137725220	-2.210709659605
5000.000000000000	-9.200122989445	-2.155425565892
5000.000000000000	-8.823028843023	-2.098025291088
5000.000000000000	-8.437227432351	-2.038464929016
5000.000000000000	-8.043099496842	-1.976693016287
5000.000000000000	-7.641033993184	-1.912671645848
5000.000000000000	-7.231427711488	-1.846390522485
5000.000000000000	-6.814684883702	-1.777864000174
5000.000000000000	-6.391216784683	-1.707110115124
5000.000000000000	-5.961441326318	-1.634121420823
5000.000000000000	-5.525782645098	-1.558843678201
5000.000000000000	-5.084670683542	-1.481175712140
5000.000000000000	-4.638540765902	-1.400992425713
5000.000000000000	-4.187833168544	-1.318178725194
5000.000000000000	-3.732992685451	-1.232653195011
5000.000000000000	-3.274468189268	-1.144363087174
5000.000000000000	-2.812712188313	-1.053246992321
5000.000000000000	-2.348180380011	-0.959181941074
5000.000000000000	-1.881331201173	-0.861946949937
5000.000000000000	-1.412625375576	-0.761235680450
5000.000000000000	-0.942525459281	-0.656733959205
5000.000000000000	-0.471495384150	-0.548249329306
5000.000000000000	-0.000000000000	-0.435852231341
5000.000000000000	0.000000000000	-0.426418197936
5000.000000000000	0.471412285820	-0.316023991474
5000.000000000000	0.942359344628	-0.202982109700
5000.000000000000	1.412376408535	-0.088374877007
5000.000000000000	1.880999627446	0.026593414272
5000.000000000000	2.347766526820	0.140790901286
5000.000000000000	2.812216464081	0.253318443287
5000.000000000000	3.273891083216	0.363589326743
5000.000000000000	3.732334767112	0.471314855412
5000.000000000000	4.187095087204	0.576417823966
5000.000000000000	4.637723249959	0.678918727124
5000.000000000000	5.083774539786	0.778841266139
5000.000000000000	5.524808757913	0.876166054457
5000.000000000000	5.960390656814	0.970834749133
5000.000000000000	6.390090369744	1.062784405972
5000.000000000000	6.813483834963	1.151983233725
5000.000000000000	7.230153214240	1.238445780253
5000.000000000000	7.639687305201	1.322221847785
5000.000000000000	8.041681947142	1.403369289450
5000.000000000000	8.435740419886	1.481928185417
5000.000000000000	8.821473835294	1.557910299226
5000.000000000000	9.198501521057	1.631306924947
5000.000000000000	9.566451396367	1.702107364330
5000.000000000000	9.924960339120	1.770315476644
5000.000000000000	10.273674544273	1.835954926241
5000.000000000000	10.612249873007	1.899061999871
5000.000000000000	10.940352192349	1.959672661024
5000.000000000000	11.257657704922	2.017813215893
5000.000000000000	11.563853268493	2.073500471225
5000.000000000000	11.858636705010	2.126750322451
5000.000000000000	12.141717098809	2.177587969306
5000.000000000000	12.412815083719	2.226051997180
5000.000000000000	12.671663118758	2.272188775063
5000.000000000000	12.918005752168	2.316040132948
5000.000000000000	13.151599873510	2.357631876598
5000.000000000000	13.372214953589	2.396970471113
5000.000000000000	13.579633271955	2.434050339910
5000.000000000000	13.773650131772	2.468867740625
5000.000000000000	13.954074061821	2.501433110404
5000.000000000000	14.120727005467	2.531774617761
5000.000000000000	14.273444496374	2.559930892090
5000.000000000000	14.412075820818	2.585937336016
5000.000000000000	14.536484166417	2.609814173790
5000.000000000000	14.646546757155	2.631563225052
5000.000000000000	14.742154974543	2.651175074967
5000.000000000000	14.823214464813	2.668642084305
5000.000000000000	14.889645232034	2.683969295229
5000.000000000000	14.941381717060	2.697176730902
5000.000000000000	14.978372862226	2.708291919395
5000.000000000000	15.000582161738	2.717337427317
5000.000000000000	15.007987697699	2.724321166536
5000.000000000000	15.000582161738	2.729235476365
5000.000000000000	14.978372862226	2.732065598053
5000.000000000000	14.941381717060	2.732802436347
5000.000000000000	14.889645232034	2.731451903686
5000.000000000000	14.823214464813	2.728035212518
5000.000000000000	14.742154974543	2.722579940773
5000.000000000000	14.646546757155	2.715107235535
5000.000000000000	14.536484166417	2.705622810133
5000.000000000000	14.412075820818	2.694117081820
5000.000000000000	14.273444496374	2.680574314992
5000.000000000000	14.120727005467	2.664985291144
5000.000000000000	13.954074061821	2.647356011686
5000.000000000000	13.773650131772	2.627707405342
5000.000000000000	13.579633271955	2.606066407338
5000.000000000000	13.372214953589	2.582453821498
5000.000000000000	13.151599873510	2.556876063222
5000.000000000000	12.918005752168	2.529325292801
5000.000000000000	12.671663118758	2.499787273107
5000.000000000000	12.412815083719	2.468251740915
5000.000000000000	12.141717098809	2.434718915017
5000.000000000000	11.858636705010	2.399198570123
5000.000000000000	11.563853268493	2.361702989448
5000.000000000000	11.257657704922	2.322238911604
5000.000000000000	10.940352192349	2.280803894291
5000.000000000000	10.612249873007	2.237389197876
5000.000000000000	10.273674544273	2.191986589802
5000.000000000000	9.924960339120	2.144593567332
5000.000000000000	9.566451396367	2.095212437195
5000.000000000000	9.198501521057	2.043842990723
5000.000000000000	8.821473835294	1.990473366003
5000.000000000000	8.435740419886	1.935075716561
5000.000000000000	8.041681947142	1.877610792057
5000.000000000000	7.639687305201	1.818039714289
5000.000000000000	7.230153214240	1.756335730340
5000.000000000000	6.813483834963	1.692487383636
5000.000000000000	6.390090369744	1.626488878268
5000.000000000000	5.960390656814	1.558321332998
5000.000000000000	5.524808757913	1.487935355503
5000.000000000000	5.083774539786	1.415246220885
5000.000000000000	4.637723249959	1.340146353645
5000.000000000000	4.187095087204	1.262528829898
5000.000000000000	3.732334767112	1.182306644679
5000.000000000000	3.273891083216	1.099411814039
5000.000000000000	2.812216464081	1.013768264921
5000.000000000000	2.347766526820	0.925249119207
5000.000000000000	1.880999627446	0.833643835157
5000.000000000000	1.412376408535	0.738664603711
5000.000000000000	0.942359344628	0.640009807955
5000.000000000000	0.471412285820	0.537478353320
5000.000000000000	0.000000000000	0.431102425572
5000.000000000000	-0.471412285820	0.321250439843
5000.000000000000	-0.942359344628	0.208655601003
5000.000000000000	-1.412376408535	0.094349041159
5000.000000000000	-1.880999627446	-0.020489017653
5000.000000000000	-2.347766526820	-0.134715744532
5000.000000000000	-2.812216464081	-0.247391632309
5000.000000000000	-3.273891083216	-0.357876837192
5000.000000000000	-3.732334767112	-0.465836778893
5000.000000000000	-4.187095087204	-0.571170084828
5000.000000000000	-4.637723249959	-0.673897866432
5000.000000000000	-5.083774539786	-0.774060788525
5000.000000000000	-5.524808757913	-0.871658228146
5000.000000000000	-5.960390656814	-0.966639617276
5000.000000000000	-6.390090369744	-1.058933980499
5000.000000000000	-6.813483834963	-1.148490348356
5000.000000000000	-7.230153214240	-1.235303448249
5000.000000000000	-7.639687305201	-1.319412510709
5000.000000000000	-8.041681947142	-1.400877752150
5000.000000000000	-8.435740419886	-1.479750344346
5000.000000000000	-8.821473835294	-1.556052729245
5000.000000000000	-9.198501521057	-1.629778111747
5000.000000000000	-9.566451396367	-1.700906467026
5000.000000000000	-9.924960339120	-1.769426014470
5000.000000000000	-10.273674544273	-1.835347834770
5000.000000000000	-10.612249873007	-1.898706800943
5000.000000000000	-10.940352192349	-1.959550350118
5000.000000000000	-11.257657704922	-2.017922937280
5000.000000000000	-11.563853268493	-2.073855164044
5000.000000000000	-11.858636705010	-2.127362679790
5000.000000000000	-12.141717098809	-2.178453858978
5000.000000000000	-12.412815083719	-2.227140616035
5000.000000000000	-12.671663118758	-2.273445854055
5000.000000000000	-12.918005752168	-2.317403858445
5000.000000000000	-13.151599873510	-2.359054323959
5000.000000000000	-13.372214953589	-2.398433989589
5000.000000000000	-13.579633271955	-2.435570434860
5000.000000000000	-13.773650131772	-2.470480635230
5000.000000000000	-13.954074061821	-2.503173947689
5000.000000000000	-14.120727005467	-2.533657111467
5000.000000000000	-14.273444496374	-2.561938556374
5000.000000000000	-14.412075820818	-2.588030506015
5000.000000000000	-14.536484166417	-2.611948921754
5000.000000000000	-14.646546757155	-2.633712201862
5000.000000000000	-14.742154974543	-2.653339431690
5000.000000000000	-14.823214464813	-2.670848390595
5000.000000000000	-14.889645232034	-2.686253247353
5000.000000000000	-14.941381717060	-2.699562286379
5000.000000000000	-14.978372862226	-2.710776735252
5000.000000000000	-15.000582161738	-2.719891998975
5000.000000000000	-15.007987697699	-2.726901774860
5000.000000000000	-15.000582161738	-2.731803848400
5000.000000000000	-14.978372862226	-2.734604868881
5000.000000000000	-14.941381717060	-2.735321247802
5000.000000000000	-14.889645232034	-2.733974990736
5000.000000000000	-14.823214464813	-2.730586060383
5000.000000000000	-14.742154974543	-2.725165171169
5000.000000000000	-14.646546757155	-2.717711176760
5000.000000000000	-14.536484166417	-2.708214967360
5000.000000000000	-14.412075820818	-2.696668123399
5000.000000000000	-14.273444496374	-2.683071590508
5000.000000000000	-14.120727005467	-2.667439258808
5000.000000000000	-13.954074061821	-2.649794022337
5000.000000000000	-13.773650131772	-2.630158263598
5000.000000000000	-13.579633271955	-2.608544194010
5000.000000000000	-13.372214953589	-2.584949868092
5000.000000000000	-13.151599873510	-2.559363518516
5000.000000000000	-12.918005752168	-2.531773850737
5000.000000000000	-12.671663118758	-2.502180077777
5000.000000000000	-12.412815083719	-2.470595252921
5000.000000000000	-12.141717098809	-2.437040263647
5000.000000000000	-11.858636705010	-2.401531586884
5000.000000000000	-11.563853268493	-2.364070112626
5000.000000000000	-11.257657704922	-2.324638256471
5000.000000000000	-10.940352192349	-2.283207916161
5000.000000000000	-10.612249873007	-2.239755145716
5000.000000000000	-10.273674544273	-2.194272760192
5000.000000000000	-9.924960339120	-2.146772554764
5000.000000000000	-9.566451396367	-2.097274589843
5000.000000000000	-9.198501521057	-2.045788927162
5000.000000000000	-8.821473835294	-1.992300529245
5000.000000000000	-8.435740419886	-1.936767163155
5000.000000000000	-8.041681947142	-1.879132997816
5000.000000000000	-7.639687305201	-1.819350962775
5000.000000000000	-7.230153214240	-1.757400568496
5000.000000000000	-6.813483834963	-1.693289075919
5000.000000000000	-6.390090369744	-1.627032743469
5000.000000000000	-5.960390656814	-1.558626774172
5000.000000000000	-5.524808757913	-1.488020550451
5000.000000000000	-5.083774539786	-1.415113400432
5000.000000000000	-4.637723249959	-1.339775153374
5000.000000000000	-4.187095087204	-1.261880613755
5000.000000000000	-3.732334767112	-1.181336554645
5000.000000000000	-3.273891083216	-1.098081089335
5000.000000000000	-2.812216464081	-1.012049536209
5000.000000000000	-2.347766526820	-0.923121909822
5000.000000000000	-1.880999627446	-0.831083884108
5000.000000000000	-1.412376408535	-0.735635198684
5000.000000000000	-0.942359344628	-0.636463283836
5000.000000000000	-0.471412285820	-0.533370945698
5000.000000000000	-0.000000000000	-0.426418197936
5000.000000000000	0.000000000000	-0.417324927576
5000.000000000000	0.471340276909	-0.311914999076
5000.000000000000	0.942215397871	-0.203884129011
5000.000000000000	1.412160665990	-0.094298530708
5000.000000000000	1.880712302024	0.015656054236
5000.000000000000	2.347407902077	0.124866468077
5000.000000000000	2.811786893937	0.232449646245
5000.000000000000	3.273390991603	0.337829999265
5000.000000000000	3.731764647562	0.440724123470
5000.000000000000	4.186455502355	0.541055343878
5000.000000000000	4.637014831005	0.638842628776
5000.000000000000	5.082997985850	0.734109347762
5000.000000000000	5.523964835360	0.826839351151
5000.000000000000	5.959480198494	0.916981498740
5000.000000000000	6.389114274170	1.004482215989
5000.000000000000	6.812443065423	1.089318069330
5000.000000000000	7.229048797848	1.171507902913
5000.000000000000	7.638520331882	1.251100337500
5000.000000000000	8.040453568559	1.328147558842
5000.000000000000	8.434451848299	1.402682550169
5000.000000000000	8.820126342369	1.474712348375
5000.000000000000	9.197096436605	1.544228748997
5000.000000000000	9.564990107038	1.611227439259
5000.000000000000	9.923444287030	1.675722751528
5000.000000000000	10.272105225583	1.737749519147
5000.000000000000	10.610628836444	1.797352442567
5000.000000000000	10.938681037681	1.854571112704
5000.000000000000	11.255938081376	1.909430811260
5000.000000000000	11.562086873131	1.961944683073
5000.000000000000	11.856825281050	2.012125115191
5000.000000000000	12.139862433908	2.059996187228
5000.000000000000	12.410919008207	2.105598525117
5000.000000000000	12.669727503834	2.148982921927
5000.000000000000	12.916032508049	2.190196370648
5000.000000000000	13.149590947550	2.229269082081
5000.000000000000	13.370172328356	2.266210596847
5000.000000000000	13.577558963273	2.301017580681
5000.000000000000	13.771546186733	2.333688749893
5000.000000000000	13.951942556765	2.364237993047
5000.000000000000	14.118570043932	2.392697795419
5000.000000000000	14.271264207021	2.419110884737
5000.000000000000	14.409874355329	2.443515073611
5000.000000000000	14.534263697373	2.465930328451
5000.000000000000	14.644309475890	2.486355735971
5000.000000000000	14.739903088984	2.504778117414
5000.000000000000	14.820950197299	2.521187125545
5000.000000000000	14.887370817125	2.535587876348
5000.000000000000	14.939099399328	2.548003734016
5000.000000000000	14.976084894043	2.558467795197
5000.000000000000	14.998290801052	2.567008335954
5000.000000000000	15.005695205806	2.573636994517
5000.000000000000	14.998290801052	2.578346720089
5000.000000000000	14.976084894043	2.581120622653
5000.000000000000	14.939099399328	2.581946362498
5000.000000000000	14.887370817125	2.580827484871
5000.000000000000	14.820950197299	2.577785012474
5000.000000000000	14.739903088984	2.572848459788
5000.000000000000	14.644309475890	2.566041707902
5000.000000000000	14.534263697373	2.557372153626
5000.000000000000	14.409874355329	2.546829507576
5000.000000000000	14.271264207021	2.534394844361
5000.000000000000	14.118570043932	2.520054474667
5000.000000000000	13.951942556765	2.503810479257
5000.000000000000	13.771546186733	2.485681861556
5000.000000000000	13.577558963273	2.465695881728
5000.000000000000	13.370172328356	2.443874839030
5000.000000000000	13.149590947550	2.420226006055
5000.000000000000	12.916032508049	2.394740254344
5000.000000000000	12.669727503834	2.367399589696
5000.000000000000	12.410919008207	2.338188619894
5000.000000000000	12.139862433908	2.307103002950
5000.000000000000	11.856825281050	2.274150210460
5000.000000000000	11.562086873131	2.239342898437
5000.000000000000	11.255938081376	2.202689635376
5000.000000000000	10.938681037681	2.164188946516
5000.000000000000	10.610628836444	2.123829978110
5000.000000000000	10.272105225583	2.081598430819
5000.000000000000	9.923444287030	2.037482877277
5000.000000000000	9.564990107038	1.991476514121
5000.000000000000	9.197096436605	1.943572837232
5000.000000000000	8.820126342369	1.893758330212
5000.000000000000	8.434451848299	1.842007803736
5000.000000000000	8.040453568559	1.788286559515
5000.000000000000	7.638520331882	1.732558782991
5000.000000000000	7.229048797848	1.674796576545
5000.000000000000	6.812443065423	1.614982393384
5000.000000000000	6.389114274170	1.553100982377
5000.000000000000	5.959480198494	1.489123716250
5000.000000000000	5.523964835360	1.422994174295
5000.000000000000	5.082997985850	1.354624775395
5000.000000000000	4.637014831005	1.283908513837
5000.000000000000	4.186455502355	1.210740037833
5000.000000000000	3.731764647562	1.135032218502
5000.000000000000	3.273390991603	1.056713802074
5000.000000000000	2.811786893937	0.975702912760
5000.000000000000	2.347407902077	0.891866662335
5000.000000000000	1.880712302024	0.804990980668
5000.000000000000	1.412160665990	0.714788426608
5000.000000000000	0.942215397871	0.620960745133
5000.000000000000	0.471340276909	0.523310123832
5000.000000000000	0.000000000000	0.421868019900
5000.000000000000	-0.471340276909	0.316995171839
5000.000000000000	-0.942215397871	0.209409680336
5000.000000000000	-1.412160665990	0.100122461654
5000.000000000000	-1.880712302024	-0.009707441905
5000.000000000000	-2.347407902077	-0.118955149448
5000.000000000000	-2.811786893937	-0.226693362385
5000.000000000000	-3.273390991603	-0.332288716578
5000.000000000000	-3.731764647562	-0.435409522027
5000.000000000000	-4.186455502355	-0.535956621483
5000.000000000000	-4.637014831005	-0.633954800077
5000.000000000000	-5.082997985850	-0.729450255390
5000.000000000000	-5.523964835360	-0.822448517078
5000.000000000000	-5.959480198494	-0.912903903822
5000.000000000000	-6.389114274170	-1.000747801818
5000.000000000000	-6.812443065423	-1.085929259653
5000.000000000000	-7.229048797848	-1.168442211460
5000.000000000000	-7.638520331882	-1.248326258291
5000.000000000000	-8.040453568559	-1.325644396191
5000.000000000000	-8.434451848299	-1.400452760069
5000.000000000000	-8.820126342369	-1.472779371598
5000.000000000000	-9.197096436605	-1.542621656295
5000.000000000000	-9.564990107038	-1.609961264704
5000.000000000000	-9.923444287030	-1.674785913608
5000.000000000000	-10.272105225583	-1.737105789899
5000.000000000000	-10.610628836444	-1.796956700850
5000.000000000000	-10.938681037681	-1.854390195673
5000.000000000000	-11.255938081376	-1.909457620860
5000.000000000000	-11.562086873131	-1.962197171789
5000.000000000000	-11.856825281050	-2.012630064378
5000.000000000000	-12.139862433908	-2.060766286397
5000.000000000000	-12.410919008207	-2.106615387899
5000.000000000000	-12.669727503834	-2.150195929330
5000.000000000000	-12.916032508049	-2.191538940204
5000.000000000000	-13.149590947550	-2.230684517173
5000.000000000000	-13.370172328356	-2.267674191053
5000.000000000000	-13.577558963273	-2.302543205169
5000.000000000000	-13.771546186733	-2.335316059301
5000.000000000000	-13.951942556765	-2.366006532637
5000.000000000000	-14.118570043932	-2.394621298540
5000.000000000000	-14.271264207021	-2.421165141277
5000.000000000000	-14.409874355329	-2.445645798029
5000.000000000000	-14.534263697373	-2.468077074217
5000.000000000000	-14.644309475890	-2.488479545543
5000.000000000000	-14.739903088984	-2.506878663125
5000.000000000000	-14.820950197299	-2.523300594431
5000.000000000000	-14.887370817125	-2.537766863940
5000.000000000000	-14.939099399328	-2.550289654893
5000.000000000000	-14.976084894043	-2.560869953792
5000.000000000000	-14.998290801052	-2.569499999817
5000.000000000000	-15.005695205806	-2.576169695892
5000.000000000000	-14.998290801052	-2.580874486235
5000.000000000000	-14.976084894043	-2.583620947615
5000.000000000000	-14.939099399328	-2.584426978813
5000.000000000000	-14.887370817125	-2.583316018061
5000.000000000000	-14.820950197299	-2.580307976740
5000.000000000000	-14.739903088984	-2.575411699260
5000.000000000000	-14.644309475890	-2.568623314746
5000.000000000000	-14.534263697373	-2.559931792170
5000.000000000000	-14.409874355329	-2.549328897522
5000.000000000000	-14.271264207021	-2.536817948353
5000.000000000000	-14.118570043932	-2.522416077037
5000.000000000000	-13.951942556765	-2.506148225595
5000.000000000000	-13.771546186733	-2.488035935074
5000.000000000000	-13.577558963273	-2.468087326793
5000.000000000000	-13.370172328356	-2.446294359363
5000.000000000000	-13.149590947550	-2.422639407549
5000.000000000000	-12.916032508049	-2.397107644830
5000.000000000000	-12.669727503834	-2.369697918969
5000.000000000000	-12.410919008207	-2.340425243508
5000.000000000000	-12.139862433908	-2.309312726658
5000.000000000000	-11.856825281050	-2.276377141696
5000.000000000000	-11.562086873131	-2.241616599904
5000.000000000000	-11.255938081376	-2.205008130866
5000.000000000000	-10.938681037681	-2.166517431554
5000.000000000000	-10.610628836444	-2.126115654422
5000.000000000000	-10.272105225583	-2.083793283550
5000.000000000000	-9.923444287030	-2.039562088107
5000.000000000000	-9.564990107038	-1.993442750960
5000.000000000000	-9.197096436605	-1.945444459535
5000.000000000000	-8.820126342369	-1.895548340842
5000.000000000000	-8.434451848299	-1.843705392771
5000.000000000000	-8.040453568559	-1.789851626332
5000.000000000000	-7.638520331882	-1.733932720179
5000.000000000000	-7.229048797848	-1.675923737702
5000.000000000000	-6.812443065423	-1.615830859997
5000.000000000000	-6.389114274170	-1.553671613543
5000.000000000000	-5.959480198494	-1.489442753065
5000.000000000000	-5.523964835360	-1.423093409723
5000.000000000000	-5.082997985850	-1.354519725329
5000.000000000000	-4.637014831005	-1.283585688355
5000.000000000000	-4.186455502355	-1.210159062710
5000.000000000000	-3.731764647562	-1.134140258143
5000.000000000000	-3.273390991603	-1.055463153118
5000.000000000000	-2.811786893937	-0.974061450603
5000.000000000000	-2.347407902077	-0.889815669612
5000.000000000000	-1.880712302024	-0.802512993044
5000.000000000000	-1.412160665990	-0.711854431204
5000.000000000000	-0.942215397871	-0.617527393343
5000.000000000000	-0.471340276909	-0.519332547011
5000.000000000000	-0.000000000000	-0.417324927576
5000.000000000000	0.000000000000	-0.409101424299
5000.000000000000	0.471321903115	-0.308130405437
5000.000000000000	0.942178668414	-0.204560672952
5000.000000000000	1.412105617119	-0.099428928934
5000.000000000000	1.880638988065	0.006101809109
5000.000000000000	2.347316395382	0.110928255449
5000.000000000000	2.811677284812	0.214165098130
5000.000000000000	3.273263388220	0.315229053083
5000.000000000000	3.731619175849	0.413832251544
5000.000000000000	4.186292305875	0.509902649800
5000.000000000000	4.636834070813	0.603472923783
5000.000000000000	5.082799840335	0.694583596378
5000.000000000000	5.523749500068	0.783231262392
5000.000000000000	5.959247885935	0.869367599584
5000.000000000000	6.388865213608	0.952931928416
5000.000000000000	6.812177502651	1.033889365080
5000.000000000000	7.228766994944	1.112251023987
5000.000000000000	7.638222566952	1.188067575939
5000.000000000000	8.040140135460	1.261403688542
5000.000000000000	8.434123056353	1.332310086455
5000.000000000000	8.819782516053	1.400808614587
5000.000000000000	9.196737915235	1.466896210620
5000.000000000000	9.564617244430	1.530562455918
5000.000000000000	9.923057451155	1.591808762504
5000.000000000000	10.271704798201	1.650658242714
5000.000000000000	10.610215212729	1.707152276415
5000.000000000000	10.938254625829	1.761337994575
5000.000000000000	11.255499302205	1.813255502385
5000.000000000000	11.561636159663	1.862932486927
5000.000000000000	11.856363078084	1.910388305907
5000.000000000000	12.139389197583	1.955643532783
5000.000000000000	12.410435205550	1.998727960224
5000.000000000000	12.669233612300	2.039681704454
5000.000000000000	12.915529015049	2.078548867977
5000.000000000000	13.149078349971	2.115367983510
5000.000000000000	13.369651132069	2.150165257476
5000.000000000000	13.577029682637	2.182954577011
5000.000000000000	13.771009344084	2.213743877951
5000.000000000000	13.951398681901	2.242543636670
5000.000000000000	14.118019673593	2.269372269350
5000.000000000000	14.270707884356	2.294255511164
5000.000000000000	14.409312629360	2.317220773776
5000.000000000000	14.533697122456	2.338290498181
5000.000000000000	14.643738611168	2.357478805065
5000.000000000000	14.739328497830	2.374793287882
5000.000000000000	14.820372446765	2.390240316732
5000.000000000000	14.886790477381	2.403830009387
5000.000000000000	14.938517043099	2.415577454392
5000.000000000000	14.975501096045	2.425499460937
5000.000000000000	14.997706137423	2.433609224143
5000.000000000000	15.005110253539	2.439912757996
5000.000000000000	14.997706137423	2.444409796182
5000.000000000000	14.975501096045	2.447098852753
5000.000000000000	14.938517043099	2.447983253164
5000.000000000000	14.886790477381	2.447074111305
5000.000000000000	14.820372446765	2.444388046884
5000.000000000000	14.739328497830	2.439940794164
5000.000000000000	14.643738611168	2.433740603651
5000.000000000000	14.533697122456	2.425785675528
5000.000000000000	14.409312629360	2.416067487599
5000.000000000000	14.270707884356	2.404578225211
5000.000000000000	14.118019673593	2.391317877261
5000.000000000000	13.951398681901	2.376296637028
5000.000000000000	13.771009344084	2.359531059873
5000.000000000000	13.577029682637	2.341036264845
5000.000000000000	13.369651132069	2.320818920912
5000.000000000000	13.149078349971	2.298875255525
5000.000000000000	12.915529015049	2.275195138587
5000.000000000000	12.669233612300	2.249769423715
5000.000000000000	12.410435205550	2.222595651376
5000.000000000000	12.139389197583	2.193678318306
5000.000000000000	11.856363078084	2.163023550301
5000.000000000000	11.561636159663	2.130631853552
5000.000000000000	11.255499302205	2.096494101637
5000.000000000000	10.938254625829	2.060593915102
5000.000000000000	10.610215212729	2.022915241208
5000.000000000000	10.271704798201	1.983450031371
5000.000000000000	9.923057451155	1.942200160468
5000.000000000000	9.564617244430	1.899170976382
5000.000000000000	9.196737915235	1.854359351558
5000.000000000000	8.819782516053	1.807743387129
5000.000000000000	8.434123056353	1.759280959114
5000.000000000000	8.040140135460	1.708919501321
5000.000000000000	7.638222566952	1.656612299331
5000.000000000000	7.228766994944	1.602331471302
5000.000000000000	6.812177502651	1.546068340701
5000.000000000000	6.388865213608	1.487818529472
5000.000000000000	5.959247885935	1.427558448817
5000.000000000000	5.523749500068	1.365226366641
5000.000000000000	5.082799840335	1.300720316104
5000.000000000000	4.636834070813	1.233916196931
5000.000000000000	4.186292305875	1.164696836751
5000.000000000000	3.731619175849	1.092973815228
5000.000000000000	3.273263388220	1.018684788534
5000.000000000000	2.811677284812	0.941761255521
5000.000000000000	2.347316395382	0.862080109862
5000.000000000000	1.880638988065	0.779427397113
5000.000000000000	1.412105617119	0.693505208460
5000.000000000000	0.942178668414	0.603998799072
5000.000000000000	0.471321903115	0.510695202981
5000.000000000000	0.000000000000	0.413618022147
5000.000000000000	-0.471321903115	0.313128615090
5000.000000000000	-0.942178668414	0.209949861592
5000.000000000000	-1.412105617119	0.105094188589
5000.000000000000	-1.880638988065	-0.000287472233
5000.000000000000	-2.347316395382	-0.105089544354
5000.000000000000	-2.811677284812	-0.208410835728
5000.000000000000	-3.273263388220	-0.309642560932
5000.000000000000	-3.731619175849	-0.408468000212
5000.000000000000	-4.186292305875	-0.504789654877
5000.000000000000	-4.636834070813	-0.598623199207
5000.000000000000	-5.082799840335	-0.690002354069
5000.000000000000	-5.523749500068	-0.778925183141
5000.000000000000	-5.959247885935	-0.865348590489
5000.000000000000	-6.388865213608	-0.949215865187
5000.000000000000	-6.812177502651	-1.030491465207
5000.000000000000	-7.228766994944	-1.109180749515
5000.000000000000	-7.638222566952	-1.185325795522
5000.000000000000	-8.040140135460	-1.258983400437
5000.000000000000	-8.434123056353	-1.330200081331
5000.000000000000	-8.819782516053	-1.398998014030
5000.000000000000	-9.196737915235	-1.465377543894
5000.000000000000	-9.564617244430	-1.529331896823
5000.000000000000	-9.923057451155	-1.590863763941
5000.000000000000	-10.271704798201	-1.649994184097
5000.000000000000	-10.610215212729	-1.706760148173
5000.000000000000	-10.938254625829	-1.761204404081
5000.000000000000	-11.255499302205	-1.813364851053
5000.000000000000	-11.561636159663	-1.863269867792
5000.000000000000	-11.856363078084	-1.910941247127
5000.000000000000	-12.139389197583	-1.956401409464
5000.000000000000	-12.410435205550	-1.999679324031
5000.000000000000	-12.669233612300	-2.040811125388
5000.000000000000	-12.915529015049	-2.079835360615
5000.000000000000	-13.149078349971	-2.116786383618
5000.000000000000	-13.369651132069	-2.151690363281
5000.000000000000	-13.577029682637	-2.184566298532
5000.000000000000	-13.771009344084	-2.215430918433
5000.000000000000	-13.951398681901	-2.244303801177
5000.000000000000	-14.118019673593	-2.271209110127
5000.000000000000	-14.270707884356	-2.296172858409
5000.000000000000	-14.409312629360	-2.319217797899
5000.000000000000	-14.533697122456	-2.340359706679
5000.000000000000	-14.643738611168	-2.359607889923
5000.000000000000	-14.739328497830	-2.376969761923
5000.000000000000	-14.820372446765	-2.392456433005
5000.000000000000	-14.886790477381	-2.406085303063
5000.000000000000	-14.938517043099	-2.417877470384
5000.000000000000	-14.975501096045	-2.427851201676
5000.000000000000	-14.997706137423	-2.436015548443
5000.000000000000	-15.005110253539	-2.442368505740
5000.000000000000	-14.997706137423	-2.446901531037
5000.000000000000	-14.975501096045	-2.449608278507
5000.000000000000	-14.938517043099	-2.450492533994
5000.000000000000	-14.886790477381	-2.449570459379
5000.000000000000	-14.820372446765	-2.446865461601
5000.000000000000	-14.739328497830	-2.442398436814
5000.000000000000	-14.643738611168	-2.436179093904
5000.000000000000	-14.533697122456	-2.428203633451
5000.000000000000	-14.409312629360	-2.418460374483
5000.000000000000	-14.270707884356	-2.406940130071
5000.000000000000	-14.118019673593	-2.393645141699
5000.000000000000	-13.951398681901	-2.378591084983
5000.000000000000	-13.771009344084	-2.361800733380
5000.000000000000	-13.577029682637	-2.343292906256
5000.000000000000	-13.369651132069	-2.323073266109
5000.000000000000	-13.149078349971	-2.301132511878
5000.000000000000	-12.915529015049	-2.277453075158
5000.000000000000	-12.669233612300	-2.252020223090
5000.000000000000	-12.410435205550	-2.224830703833
5000.000000000000	-12.139389197583	-2.195893509112
5000.000000000000	-11.856363078084	-2.165222176574
5000.000000000000	-11.561636159663	-2.132823366819
5000.000000000000	-11.255499302205	-2.098688900519
5000.000000000000	-10.938254625829	-2.062796394455
5000.000000000000	-10.610215212729	-2.025118235830
5000.000000000000	-10.271704798201	-1.985633198001
5000.000000000000	-9.923057451155	-1.944333016496
5000.000000000000	-9.564617244430	-1.901219169428
5000.000000000000	-9.196737915235	-1.856291330548
5000.000000000000	-8.819782516053	-1.809534651737
5000.000000000000	-8.434123056353	-1.760914428460
5000.000000000000	-8.040140135460	-1.710382535280
5000.000000000000	-7.638222566952	-1.657892506775
5000.000000000000	-7.228766994944	-1.603413861723
5000.000000000000	-6.812177502651	-1.546935453773
5000.000000000000	-6.388865213608	-1.488453428824
5000.000000000000	-5.959247885935	-1.427948805836
5000.000000000000	-5.523749500068	-1.365367124866
5000.000000000000	-5.082799840335	-1.300612964224
5000.000000000000	-4.636834070813	-1.233564200947
5000.000000000000	-4.186292305875	-1.164098545209
5000.000000000000	-3.731619175849	-1.092115347058
5000.000000000000	-3.273263388220	-1.017535558680
5000.000000000000	-2.811677284812	-0.940273926249
5000.000000000000	-2.347316395382	-0.860195346405
5000.000000000000	-1.880638988065	-0.777082471688
5000.000000000000	-1.412105617119	-0.690644680803
5000.000000000000	-0.942178668414	-0.600585302834
5000.000000000000	-0.471321903115	-0.506718584864
5000.000000000000	-0.000000000000	-0.409101424299
5000.000000000000	0.000000000000	-0.401595514369
5000.000000000000	0.471319865734	-0.304677054183
5000.000000000000	0.942174595664	-0.205183864490
5000.000000000000	1.412099513018	-0.104142175530
5000.000000000000	1.880630858637	-0.002699763387
5000.000000000000	2.347306248651	0.098057744907
5000.000000000000	2.811665130790	0.197261397195
5000.000000000000	3.273249238902	0.294339506525
5000.000000000000	3.731603045200	0.389009396046
5000.000000000000	4.186274209813	0.481198696357
5000.000000000000	4.636814027197	0.570937134578
5000.000000000000	5.082777868945	0.658263080169
5000.000000000000	5.523725622588	0.743174044263
5000.000000000000	5.959222125928	0.825625830673
5000.000000000000	6.388837596496	0.905563280992
5000.000000000000	6.812148055690	0.982955869981
5000.000000000000	7.228735747194	1.057816164334
5000.000000000000	7.638189549251	1.130193493433
5000.000000000000	8.040105380392	1.200150320282
5000.000000000000	8.434086598217	1.267736961909
5000.000000000000	8.819744390829	1.332978511286
5000.000000000000	9.196698160548	1.395878744064
5000.000000000000	9.564575899513	1.456435594880
5000.000000000000	9.923014556811	1.514657283337
5000.000000000000	10.271660396761	1.570569731774
5000.000000000000	10.610169348012	1.624212608769
5000.000000000000	10.938207343098	1.675628549573
5000.000000000000	11.255450648122	1.724853532113
5000.000000000000	11.561586182243	1.771914464141
5000.000000000000	11.856311826650	1.816834569789
5000.000000000000	12.139336722714	1.859641907260
5000.000000000000	12.410381559032	1.900374569813
5000.000000000000	12.669178847075	1.939078661995
5000.000000000000	12.915473185165	1.975800098211
5000.000000000000	13.149021510524	2.010575354413
5000.000000000000	13.369593339154	2.043426961684
5000.000000000000	13.576970993288	2.074366480524
5000.000000000000	13.770949816220	2.103402988057
5000.000000000000	13.951338374269	2.130551754360
5000.000000000000	14.117958645709	2.155837836359
5000.000000000000	14.270646196447	2.179292643377
5000.000000000000	14.409250342306	2.200945958159
5000.000000000000	14.533634297726	2.220818637675
5000.000000000000	14.643675310762	2.238920606465
5000.000000000000	14.739264784218	2.255255263750
5000.000000000000	14.820308382825	2.269827315847
5000.000000000000	14.886726126336	2.282648919277
5000.000000000000	14.938452468456	2.293740186213
5000.000000000000	14.975436361531	2.303123779727
5000.000000000000	14.997641306924	2.310817154019
5000.000000000000	15.005045391034	2.316827537735
5000.000000000000	14.997641306924	2.321153033109
5000.000000000000	14.975436361531	2.323789294737
5000.000000000000	14.938452468456	2.324737630143
5000.000000000000	14.886726126336	2.324009337216
5000.000000000000	14.820308382825	2.321623352424
5000.000000000000	14.739264784218	2.317598456118
5000.000000000000	14.643675310762	2.311944770786
5000.000000000000	14.533634297726	2.304659885832
5000.000000000000	14.409250342306	2.295732213918
5000.000000000000	14.270646196447	2.285149765134
5000.000000000000	14.117958645709	2.272909133503
5000.000000000000	13.951338374269	2.259019248534
5000.000000000000	13.770949816220	2.243497553407
5000.000000000000	13.576970993288	2.226360856666
5000.000000000000	13.369593339154	2.207616351658
5000.000000000000	13.149021510524	2.187258187594
5000.000000000000	12.915473185165	2.165271549254
5000.000000000000	12.669178847075	2.141641563415
5000.000000000000	12.410381559032	2.116361382650
5000.000000000000	12.139336722714	2.089434370552
5000.000000000000	11.856311826650	2.060869091490
5000.000000000000	11.561586182243	2.030670423118
5000.000000000000	11.255450648122	1.998832616176
5000.000000000000	10.938207343098	1.965338864117
5000.000000000000	10.610169348012	1.930167642127
5000.000000000000	10.271660396761	1.893301460260
5000.000000000000	9.923014556811	1.854731797044
5000.000000000000	9.564575899513	1.814456239756
5000.000000000000	9.196698160548	1.772469004653
5000.000000000000	8.819744390829	1.728750790274
5000.000000000000	8.434086598217	1.683265061165
5000.000000000000	8.040105380392	1.635964228938
5000.000000000000	7.638189549251	1.586802718257
5000.000000000000	7.228735747194	1.535748601112
5000.000000000000	6.812148055690	1.482785064577
5000.000000000000	6.388837596496	1.427898392011
5000.000000000000	5.959222125928	1.371057629156
5000.000000000000	5.523725622588	1.312197532356
5000.000000000000	5.082777868945	1.251216212474
5000.000000000000	4.636814027197	1.187991123321
5000.000000000000	4.186274209813	1.122405421477
5000.000000000000	3.731603045200	1.054368035924
5000.000000000000	3.273249238902	0.983811171730
5000.000000000000	2.811665130790	0.910660097730
5000.000000000000	2.347306248651	0.834787437229
5000.000000000000	1.880630858637	0.755978815780
5000.000000000000	1.412099513018	0.673939624491
5000.000000000000	0.942174595664	0.588359836454
5000.000000000000	0.471319865734	0.499029120954
5000.000000000000	0.000000000000	0.405968546471
5000.000000000000	-0.471319865734	0.309530540068
5000.000000000000	-0.942174595664	0.210423833725
5000.000000000000	-1.412099513018	0.109644495051
5000.000000000000	-1.880630858637	0.008328314332
5000.000000000000	-2.347306248651	-0.092430682519
5000.000000000000	-2.811665130790	-0.191738776609
5000.000000000000	-3.273249238902	-0.288991798007
5000.000000000000	-3.731603045200	-0.383876711887
5000.000000000000	-4.186274209813	-0.476300199435
5000.000000000000	-4.636814027197	-0.566282795063
5000.000000000000	-5.082777868945	-0.653862810376
5000.000000000000	-5.523725622588	-0.739041367656
5000.000000000000	-5.959222125928	-0.821776321685
5000.000000000000	-6.388837596496	-0.902010465263
5000.000000000000	-6.812148055690	-0.979707958314
5000.000000000000	-7.228735747194	-1.054875766558
5000.000000000000	-7.638189549251	-1.127560194724
5000.000000000000	-8.040105380392	-1.197824070797
5000.000000000000	-8.434086598217	-1.265719727496
5000.000000000000	-8.819744390829	-1.331272790074
5000.000000000000	-9.196698160548	-1.394483634576
5000.000000000000	-9.564575899513	-1.455342837764
5000.000000000000	-9.923014556811	-1.513850018527
5000.000000000000	-10.271660396761	-1.570025355022
5000.000000000000	-10.610169348012	-1.623908788722
5000.000000000000	-10.938207343098	-1.675549481098
5000.000000000000	-11.255450648122	-1.724993023555
5000.000000000000	-11.561586182243	-1.772273859438
5000.000000000000	-11.856311826650	-1.817416130593
5000.000000000000	-12.139336722714	-1.860440757764
5000.000000000000	-12.410381559032	-1.901373287522
5000.000000000000	-12.669178847075	-1.940247482958
5000.000000000000	-12.915473185165	-1.977102995346
5000.000000000000	-13.149021510524	-2.011979304999
5000.000000000000	-13.369593339154	-2.044910066460
5000.000000000000	-13.576970993288	-2.075921112858
5000.000000000000	-13.770949816220	-2.105032603475
5000.000000000000	-13.951338374269	-2.132263138981
5000.000000000000	-14.117958645709	-2.157632810225
5000.000000000000	-14.270646196447	-2.181163420601
5000.000000000000	-14.409250342306	-2.202876417576
5000.000000000000	-14.533634297726	-2.222790690396
5000.000000000000	-14.643675310762	-2.240922240385
5000.000000000000	-14.739264784218	-2.257286023087
5000.000000000000	-14.820308382825	-2.271898322652
5000.000000000000	-14.886726126336	-2.284777329892
5000.000000000000	-14.938452468456	-2.295940745975
5000.000000000000	-14.975436361531	-2.305401488794
5000.000000000000	-14.997641306924	-2.313164353339
5000.000000000000	-15.005045391034	-2.319226410375
5000.000000000000	-14.997641306924	-2.323581845673
5000.000000000000	-14.975436361531	-2.326229057559
5000.000000000000	-14.938452468456	-2.327176015965
5000.000000000000	-14.886726126336	-2.326440464173
5000.000000000000	-14.820308382825	-2.324044371472
5000.000000000000	-14.739264784218	-2.320005502420
5000.000000000000	-14.643675310762	-2.314330913019
5000.000000000000	-14.533634297726	-2.307016290175
5000.000000000000	-14.409250342306	-2.298051703545
5000.000000000000	-14.270646196447	-2.287430484076
5000.000000000000	-14.117958645709	-2.275155942590
5000.000000000000	-13.951338374269	-2.261241809111
5000.000000000000	-13.770949816220	-2.245706006802
5000.000000000000	-13.576970993288	-2.228561449757
5000.000000000000	-13.369593339154	-2.209809451531
5000.000000000000	-13.149021510524	-2.189439800207
5000.000000000000	-12.915473185165	-2.167437447730
5000.000000000000	-12.669178847075	-2.143791578186
5000.000000000000	-12.410381559032	-2.118501205097
5000.000000000000	-12.139336722714	-2.091573523913
5000.000000000000	-11.856311826650	-2.063015835374
5000.000000000000	-11.561586182243	-2.032826120798
5000.000000000000	-11.255450648122	-2.000988515844
5000.000000000000	-10.938207343098	-1.967477057203
5000.000000000000	-10.610169348012	-1.932265775846
5000.000000000000	-10.271660396761	-1.895338769621
5000.000000000000	-9.923014556811	-1.856693282033
5000.000000000000	-9.564575899513	-1.816332771936
5000.000000000000	-9.196698160548	-1.774253317867
5000.000000000000	-8.819744390829	-1.730431548330
5000.000000000000	-8.434086598217	-1.684822309513
5000.000000000000	-8.040105380392	-1.637368925948
5000.000000000000	-7.638189549251	-1.588021014144
5000.000000000000	-7.228735747194	-1.536749140546
5000.000000000000	-6.812148055690	-1.483546062522
5000.000000000000	-6.388837596496	-1.428411327465
5000.000000000000	-5.959222125928	-1.371326012286
5000.000000000000	-5.523725622588	-1.312231441785
5000.000000000000	-5.082777868945	-1.251025006090
5000.000000000000	-4.636814027197	-1.187577090317
5000.000000000000	-4.186274209813	-1.121760137213
5000.000000000000	-3.731603045200	-1.053471532791
5000.000000000000	-3.273249238902	-0.982632785130
5000.000000000000	-2.811665130790	-0.909159715578
5000.000000000000	-2.347306248651	-0.832916864270
5000.000000000000	-1.880630858637	-0.753684314359
5000.000000000000	-1.412099513018	-0.671167370588
5000.000000000000	-0.942174595664	-0.585065334483
5000.000000000000	-0.471319865734	-0.495189662480
5000.000000000000	-0.000000000000	-0.401595514369
5000.000000000000	0.000000000000	-0.396067728714
5000.000000000000	0.471285691375	-0.302768847333
5000.000000000000	0.942106280671	-0.206904058996
5000.000000000000	1.411997124810	-0.109491077032
5000.000000000000	1.880494498260	-0.011672457835
5000.000000000000	2.347136050675	0.085470564651
5000.000000000000	2.811461263180	0.181075745395
5000.000000000000	3.273011902851	0.274582013812
5000.000000000000	3.731332474929	0.365719938835
5000.000000000000	4.185970672344	0.454429265738
5000.000000000000	4.636477822084	0.540746439487
5000.000000000000	5.082409327981	0.624708868372
5000.000000000000	5.523325109479	0.706306712237
5000.000000000000	5.958790035933	0.785486607868
5000.000000000000	6.388374356035	0.862188148005
5000.000000000000	6.811654121925	0.936383462061
5000.000000000000	7.228211607578	1.008095758399
5000.000000000000	7.637635721047	1.077388970307
5000.000000000000	8.039522410162	1.144337922451
5000.000000000000	8.433475061281	1.208997785417
5000.000000000000	8.819104890701	1.271389377533
5000.000000000000	9.196031328337	1.331505975382
5000.000000000000	9.563882393303	1.389334786381
5000.000000000000	9.922295061007	1.444879144460
5000.000000000000	10.270915621420	1.498169017846
5000.000000000000	10.609400028137	1.549255649304
5000.000000000000	10.937414237914	1.598195674184
5000.000000000000	11.254634540329	1.645035360367
5000.000000000000	11.560747877241	1.689804157792
5000.000000000000	11.855452151744	1.732520117255
5000.000000000000	12.138456526300	1.773202327158
5000.000000000000	12.409481709758	1.811881735337
5000.000000000000	12.668260232983	1.848603459941
5000.000000000000	12.914536712815	1.883419438380
5000.000000000000	13.148068104103	1.916376272400
5000.000000000000	13.368623939558	1.947505794338
5000.000000000000	13.575986557198	1.976823847610
5000.000000000000	13.769951315154	2.004337573021
5000.000000000000	13.950326793629	2.030056430413
5000.000000000000	14.116934983803	2.054000270349
5000.000000000000	14.269611463505	2.076199943486
5000.000000000000	14.408205559484	2.096690643318
5000.000000000000	14.532580496099	2.115502456647
5000.000000000000	14.642613530304	2.132653924862
5000.000000000000	14.738196072780	2.148152200146
5000.000000000000	14.819233795095	2.161999178833
5000.000000000000	14.885646722802	2.174199465993
5000.000000000000	14.937369314360	2.184765253065
5000.000000000000	14.974350525815	2.193715457130
5000.000000000000	14.996553861176	2.201070193501
5000.000000000000	15.003957408433	2.206844455588
5000.000000000000	14.996553861176	2.211045085888
5000.000000000000	14.974350525815	2.213672764211
5000.000000000000	14.937369314360	2.214727432448
5000.000000000000	14.885646722802	2.214213449083
5000.000000000000	14.819233795095	2.212141108910
5000.000000000000	14.738196072780	2.208523649085
5000.000000000000	14.642613530304	2.203371822325
5000.000000000000	14.532580496099	2.196689642718
5000.000000000000	14.408205559484	2.188474068897
5000.000000000000	14.269611463505	2.178718793539
5000.000000000000	14.116934983803	2.167419674299
5000.000000000000	13.950326793629	2.154578363864
5000.000000000000	13.769951315154	2.140201958080
5000.000000000000	13.575986557198	2.124299098693
5000.000000000000	13.368623939558	2.106875196211
5000.000000000000	13.148068104103	2.087929826433
5000.000000000000	12.914536712815	2.067457696489
5000.000000000000	12.668260232983	2.045452042346
5000.000000000000	12.409481709758	2.021907667402
5000.000000000000	12.138456526300	1.996821217010
5000.000000000000	11.855452151744	1.970188455668
5000.000000000000	11.560747877241	1.942000744152
5000.000000000000	11.254634540329	1.912243810193
5000.000000000000	10.937414237914	1.880900459108
5000.000000000000	10.609400028137	1.847955903412
5000.000000000000	10.270915621420	1.813401924983
5000.000000000000	9.922295061007	1.777236036620
5000.000000000000	9.563882393303	1.739454629907
5000.000000000000	9.196031328337	1.700043259368
5000.000000000000	8.819104890701	1.658970008747
5000.000000000000	8.433475061281	1.616187106261
5000.000000000000	8.039522410162	1.571641468595
5000.000000000000	7.637635721047	1.525289001170
5000.000000000000	7.228211607578	1.477103907799
5000.000000000000	6.811654121925	1.427075719929
5000.000000000000	6.388374356035	1.375193185951
5000.000000000000	5.958790035933	1.321422298554
5000.000000000000	5.523325109479	1.265690690514
5000.000000000000	5.082409327981	1.207888707306
5000.000000000000	4.636477822084	1.147888671805
5000.000000000000	4.185970672344	1.085572468226
5000.000000000000	3.731332474929	1.020850208570
5000.000000000000	3.273011902851	0.953654755859
5000.000000000000	2.811461263180	0.883908973323
5000.000000000000	2.347136050675	0.811479673830
5000.000000000000	1.880494498260	0.736145517493
5000.000000000000	1.411997124810	0.657607333454
5000.000000000000	0.942106280671	0.575555522014
5000.000000000000	0.471285691375	0.489784817691
5000.000000000000	0.000000000000	0.400322278361
5000.000000000000	-0.471285691375	0.307521697095
5000.000000000000	-0.942106280671	0.212083977425
5000.000000000000	-1.411997124810	0.114987210887
5000.000000000000	-1.880494498260	0.017342736547
5000.000000000000	-2.347136050675	-0.079779349316
5000.000000000000	-2.811461263180	-0.175501503101
5000.000000000000	-3.273011902851	-0.269223887043
5000.000000000000	-3.731332474929	-0.360626970011
5000.000000000000	-4.185970672344	-0.449605732234
5000.000000000000	-4.636477822084	-0.536171292788
5000.000000000000	-5.082409327981	-0.620360561239
5000.000000000000	-5.523325109479	-0.702182548006
5000.000000000000	-5.958790035933	-0.781608712753
5000.000000000000	-6.388374356035	-0.858594803182
5000.000000000000	-6.811654121925	-0.933111539642
5000.000000000000	-7.228211607578	-1.005163918359
5000.000000000000	-7.637635721047	-1.074790236941
5000.000000000000	-8.039522410162	-1.142044959568
5000.000000000000	-8.433475061281	-1.206977476789
5000.000000000000	-8.819104890701	-1.269618686454
5000.000000000000	-9.196031328337	-1.329980816036
5000.000000000000	-9.563882393303	-1.388067739592
5000.000000000000	-9.922295061007	-1.443887963233
5000.000000000000	-10.270915621420	-1.497462674879
5000.000000000000	-10.609400028137	-1.548825657614
5000.000000000000	-10.937414237914	-1.598017167342
5000.000000000000	-11.254634540329	-1.645076844839
5000.000000000000	-11.560747877241	-1.690040059653
5000.000000000000	-11.855452151744	-1.732938856929
5000.000000000000	-12.138456526300	-1.773805371742
5000.000000000000	-12.409481709758	-1.812674326167
5000.000000000000	-12.668260232983	-1.849582533578
5000.000000000000	-12.914536712815	-1.884565946341
5000.000000000000	-13.148068104103	-1.917656701207
5000.000000000000	-13.368623939558	-1.948882512986
5000.000000000000	-13.575986557198	-1.978268838261
5000.000000000000	-13.769951315154	-2.005841977269
5000.000000000000	-13.950326793629	-2.031630410396
5000.000000000000	-14.116934983803	-2.055662878214
5000.000000000000	-14.269611463505	-2.077964205144
5000.000000000000	-14.408205559484	-2.098551859882
5000.000000000000	-14.532580496099	-2.117436212954
5000.000000000000	-14.642613530304	-2.134625202562
5000.000000000000	-14.738196072780	-2.150131018293
5000.000000000000	-14.819233795095	-2.163974545683
5000.000000000000	-14.885646722802	-2.176184124316
5000.000000000000	-14.937369314360	-2.186788428525
5000.000000000000	-14.974350525815	-2.195807097755
5000.000000000000	-14.996553861176	-2.203244686550
5000.000000000000	-15.003957408433	-2.209092123341
5000.000000000000	-14.996553861176	-2.213335712400
5000.000000000000	-14.974350525815	-2.215969135036
5000.000000000000	-14.937369314360	-2.217001705982
5000.000000000000	-14.885646722802	-2.216457852237
5000.000000000000	-14.819233795095	-2.214367636336
5000.000000000000	-14.738196072780	-2.210753406745
5000.000000000000	-14.642613530304	-2.205620181790
5000.000000000000	-14.532580496099	-2.198955504652
5000.000000000000	-14.408205559484	-2.190739155797
5000.000000000000	-14.269611463505	-2.180957319611
5000.000000000000	-14.116934983803	-2.169613007163
5000.000000000000	-13.950326793629	-2.156726507503
5000.000000000000	-13.769951315154	-2.142325357433
5000.000000000000	-13.575986557198	-2.126429490073
5000.000000000000	-13.368623939558	-2.109040179447
5000.000000000000	-13.148068104103	-2.090139293549
5000.000000000000	-12.914536712815	-2.069699338209
5000.000000000000	-12.668260232983	-2.047698342459
5000.000000000000	-12.409481709758	-2.024130660040
5000.000000000000	-12.138456526300	-1.999007112157
5000.000000000000	-11.855452151744	-1.972344271367
5000.000000000000	-11.560747877241	-1.944149307118
5000.000000000000	-11.254634540329	-1.914409647473
5000.000000000000	-10.937414237914	-1.883093921034
5000.000000000000	-10.609400028137	-1.850163779256
5000.000000000000	-10.270915621420	-1.815589371221
5000.000000000000	-9.922295061007	-1.779358689293
5000.000000000000	-9.563882393303	-1.741474488432
5000.000000000000	-9.196031328337	-1.701940095165
5000.000000000000	-8.819104890701	-1.660742589812
5000.000000000000	-8.433475061281	-1.617844027208
5000.000000000000	-8.039522410162	-1.573186872837
5000.000000000000	-7.637635721047	-1.526711064484
5000.000000000000	-7.228211607578	-1.478372305879
5000.000000000000	-6.811654121925	-1.428149383107
5000.000000000000	-6.388374356035	-1.376034126879
5000.000000000000	-5.958790035933	-1.322008115937
5000.000000000000	-5.523325109479	-1.266019125643
5000.000000000000	-5.082409327981	-1.207971839453
5000.000000000000	-4.636477822084	-1.147739658730
5000.000000000000	-4.185970672344	-1.085191340941
5000.000000000000	-3.731332474929	-1.020215319595
5000.000000000000	-3.273011902851	-0.952723226145
5000.000000000000	-2.811461263180	-0.882624848484
5000.000000000000	-2.347136050675	-0.809785092310
5000.000000000000	-1.880494498260	-0.733989785861
5000.000000000000	-1.411997124810	-0.654951364980
5000.000000000000	-0.942106280671	-0.572372856320
5000.000000000000	-0.471285691375	-0.486062961602
5000.000000000000	-0.000000000000	-0.396067728714
5000.000000000000	0.000000000000	-0.389515416978
5000.000000000000	0.471217286143	-0.299449363218
5000.000000000000	0.941969537716	-0.206848592191
5000.000000000000	1.411792179081	-0.112718867266
5000.000000000000	1.880221552012	-0.018182713047
5000.000000000000	2.346795373274	0.075700834854
5000.000000000000	2.811053190834	0.168086487368
5000.000000000000	3.272536838277	0.258419662444
5000.000000000000	3.730790886959	0.346426577728
5000.000000000000	4.185363095460	0.432036485392
5000.000000000000	4.635804855890	0.515276570611
5000.000000000000	5.081671636615	0.596182492768
5000.000000000000	5.522523420952	0.674752174558
5000.000000000000	5.957925141415	0.750946339960
5000.000000000000	6.387447109073	0.824718444102
5000.000000000000	6.810665437600	0.896047920344
5000.000000000000	7.227162461601	0.964956013565
5000.000000000000	7.636527148799	1.031497760857
5000.000000000000	8.038355505670	1.095738218438
5000.000000000000	8.432250976140	1.157728375134
5000.000000000000	8.817824832934	1.217493783269
5000.000000000000	9.194696561206	1.275039750637
5000.000000000000	9.562494234062	1.330367123398
5000.000000000000	9.920854879603	1.383487816470
5000.000000000000	10.269424839137	1.434431319068
5000.000000000000	10.607860116198	1.483240206416
5000.000000000000	10.935826716026	1.529959584480
5000.000000000000	11.253000975184	1.574628281216
5000.000000000000	11.559069880970	1.617277247933
5000.000000000000	11.853731380328	1.657935114172
5000.000000000000	12.136694677931	1.696635942983
5000.000000000000	12.407680523169	1.733423022897
5000.000000000000	12.666421485727	1.768345519755
5000.000000000000	12.912662219515	1.801449820969
5000.000000000000	13.146159714656	1.832771094380
5000.000000000000	13.366683537314	1.862330594505
5000.000000000000	13.574016057100	1.890140641858
5000.000000000000	13.767952661849	1.916214333429
5000.000000000000	13.948301959546	1.940574022610
5000.000000000000	14.114885967207	1.963253331301
5000.000000000000	14.267540286529	1.984291450372
5000.000000000000	14.406114266130	2.003723237222
5000.000000000000	14.530471150221	2.021571175764
5000.000000000000	14.640488213572	2.037844062387
5000.000000000000	14.736056882624	2.052543099842
5000.000000000000	14.817082842638	2.065671531492
5000.000000000000	14.883486130775	2.077241843221
5000.000000000000	14.935201215006	2.087276174750
5000.000000000000	14.972177058786	2.095799880294
5000.000000000000	14.994377171422	2.102832471250
5000.000000000000	15.001779644083	2.108381790000
5000.000000000000	14.994377171422	2.112445204194
5000.000000000000	14.972177058786	2.115017160873
5000.000000000000	14.935201215006	2.116098374509
5000.000000000000	14.883486130775	2.115700789625
5000.000000000000	14.817082842638	2.113844997538
5000.000000000000	14.736056882624	2.110551462174
5000.000000000000	14.640488213572	2.105830842403
5000.000000000000	14.530471150221	2.099679432270
5000.000000000000	14.406114266130	2.092082763611
5000.000000000000	14.267540286529	2.083025495225
5000.000000000000	14.114885967207	2.072501835191
5000.000000000000	13.948301959546	2.060520292837
5000.000000000000	13.767952661849	2.047099851103
5000.000000000000	13.574016057100	2.032259724368
5000.000000000000	13.366683537314	2.016008658638
5000.000000000000	13.146159714656	1.998339944009
5000.000000000000	12.912662219515	1.979234821920
5000.000000000000	12.666421485727	1.958671918607
5000.000000000000	12.407680523169	1.936636811990
5000.000000000000	12.136694677931	1.913125985071
5000.000000000000	11.853731380328	1.888143100859
5000.000000000000	11.559069880970	1.861690414013
5000.000000000000	11.253000975184	1.833761120827
5000.000000000000	10.935826716026	1.804337638867
5000.000000000000	10.607860116198	1.773396713320
5000.000000000000	10.269424839137	1.740917518637
5000.000000000000	9.920854879603	1.706886696381
5000.000000000000	9.562494234062	1.671296143475
5000.000000000000	9.194696561206	1.634134289059
5000.000000000000	8.817824832934	1.595376417290
5000.000000000000	8.432250976140	1.554980989923
5000.000000000000	8.038355505670	1.512895594560
5000.000000000000	7.636527148799	1.469069835452
5000.000000000000	7.227162461601	1.423467117673
5000.000000000000	6.810665437600	1.376066601591
5000.000000000000	6.387447109073	1.326851724735
5000.000000000000	5.957925141415	1.275790032987
5000.000000000000	5.522523420952	1.222815602334
5000.000000000000	5.081671636615	1.167825492301
5000.000000000000	4.635804855890	1.110694313879
5000.000000000000	4.185363095460	1.051299619169
5000.000000000000	3.730790886959	0.989542054686
5000.000000000000	3.272536838277	0.925344195715
5000.000000000000	2.811053190834	0.858622522658
5000.000000000000	2.346795373274	0.789243883208
5000.000000000000	1.880221552012	0.716992277598
5000.000000000000	1.411792179081	0.641575017961
5000.000000000000	0.941969537716	0.562685155008
5000.000000000000	0.471217286143	0.480113120992
5000.000000000000	0.000000000000	0.393875095127
5000.000000000000	-0.471217286143	0.304311014426
5000.000000000000	-0.941969537716	0.212109750591
5000.000000000000	-1.411792179081	0.118242552964
5000.000000000000	-1.880221552012	0.023819243739
5000.000000000000	-2.346795373274	-0.070089321609
5000.000000000000	-2.811053190834	-0.162606943348
5000.000000000000	-3.272536838277	-0.253140311633
5000.000000000000	-3.730790886959	-0.341381467701
5000.000000000000	-4.185363095460	-0.427238534652
5000.000000000000	-4.635804855890	-0.510732341831
5000.000000000000	-5.081671636615	-0.591902309049
5000.000000000000	-5.522523420952	-0.670752432102
5000.000000000000	-5.957925141415	-0.747245149331
5000.000000000000	-6.387447109073	-0.821328849496
5000.000000000000	-6.810665437600	-0.892973446528
5000.000000000000	-7.227162461601	-0.962191180737
5000.000000000000	-7.636527148799	-1.029032876324
5000.000000000000	-8.038355505670	-1.093565154855
5000.000000000000	-8.432250976140	-1.155843610456
5000.000000000000	-8.817824832933	-1.215896849032
5000.000000000000	-9.194696561206	-1.273728226683
5000.000000000000	-9.562494234062	-1.329331615936
5000.000000000000	-9.920854879603	-1.382710565291
5000.000000000000	-10.269424839137	-1.433890018214
5000.000000000000	-10.607860116198	-1.482915441051
5000.000000000000	-10.935826716026	-1.529841827863
5000.000000000000	-11.253000975184	-1.574720155604
5000.000000000000	-11.559069880970	-1.617589016581
5000.000000000000	-11.853731380328	-1.658475007812
5000.000000000000	-12.136694677931	-1.697399969866
5000.000000000000	-12.407680523169	-1.734389633216
5000.000000000000	-12.666421485727	-1.769478356879
5000.000000000000	-12.912662219515	-1.802707793458
5000.000000000000	-13.146159714656	-1.834121190820
5000.000000000000	-13.366683537314	-1.863757261315
5000.000000000000	-13.574016057100	-1.891647069032
5000.000000000000	-13.767952661849	-1.917814939776
5000.000000000000	-13.948301959546	-1.942281813754
5000.000000000000	-14.114885967207	-1.965068375886
5000.000000000000	-14.267540286529	-1.986196152637
5000.000000000000	-14.406114266130	-2.005686661567
5000.000000000000	-14.530471150221	-2.023560155699
5000.000000000000	-14.640488213572	-2.039835512088
5000.000000000000	-14.736056882624	-2.054531505064
5000.000000000000	-14.817082842638	-2.067668189229
5000.000000000000	-14.883486130775	-2.079266643635
5000.000000000000	-14.935201215006	-2.089346365632
5000.000000000000	-14.972177058786	-2.097921476210
5000.000000000000	-14.994377171422	-2.104998237000
5000.000000000000	-15.001779644083	-2.110576072748
5000.000000000000	-14.994377171422	-2.114652315440
5000.000000000000	-14.972177058786	-2.117228406116
5000.000000000000	-14.935201215006	-2.118313962335
5000.000000000000	-14.883486130775	-2.117925989561
5000.000000000000	-14.817082842638	-2.116083258684
5000.000000000000	-14.736056882624	-2.112798890691
5000.000000000000	-14.640488213572	-2.108075559820
5000.000000000000	-14.530471150221	-2.101906430122
5000.000000000000	-14.406114266130	-2.094281591680
5000.000000000000	-14.267540286529	-2.085196330296
5000.000000000000	-14.114885967207	-2.074656204719
5000.000000000000	-13.948301959546	-2.062675603542
5000.000000000000	-13.767952661849	-2.049270326047
5000.000000000000	-13.574016057100	-2.034448472615
5000.000000000000	-13.366683537314	-2.018205186208
5000.000000000000	-13.146159714656	-2.000524634636
5000.000000000000	-12.912662219515	-1.981388235187
5000.000000000000	-12.666421485727	-1.960784143167
5000.000000000000	-12.407680523169	-1.938711988083
5000.000000000000	-12.136694677931	-1.915179565065
5000.000000000000	-11.853731380328	-1.890193162751
5000.000000000000	-11.559069880970	-1.863747403635
5000.000000000000	-11.253000975184	-1.835821163823
5000.000000000000	-10.935826716026	-1.806382647937
5000.000000000000	-10.607860116198	-1.775400957118
5000.000000000000	-10.269424839137	-1.742857010959
5000.000000000000	-9.920854879603	-1.708746442600
5000.000000000000	-9.562494234062	-1.673071598182
5000.000000000000	-9.194696561206	-1.635826574735
5000.000000000000	-8.817824832934	-1.596984186524
5000.000000000000	-8.432250976140	-1.556493509053
5000.000000000000	-8.038355505670	-1.514290828673
5000.000000000000	-7.636527148799	-1.470318523735
5000.000000000000	-7.227162461601	-1.424540598704
5000.000000000000	-6.810665437600	-1.376944222364
5000.000000000000	-6.387447109073	-1.327524026884
5000.000000000000	-5.957925141415	-1.276256263491
5000.000000000000	-5.522523420952	-1.223077077922
5000.000000000000	-5.081671636615	-1.167878301601
5000.000000000000	-4.635804855890	-1.110524755345
5000.000000000000	-4.185363095460	-1.050883827597
5000.000000000000	-3.730790886959	-0.988848711892
5000.000000000000	-3.272536838277	-0.924337627537
5000.000000000000	-2.811053190834	-0.857263833301
5000.000000000000	-2.346795373274	-0.787489861303
5000.000000000000	-1.880221552012	-0.714794323852
5000.000000000000	-1.411792179081	-0.638881628649
5000.000000000000	-0.941969537716	-0.559450499648
5000.000000000000	-0.471217286143	-0.476311208859
5000.000000000000	-0.000000000000	-0.389515416978
5000.000000000000	0.000000000000	-0.384570728747
5000.000000000000	0.471229832136	-0.297360175112
5000.000000000000	0.941994617321	-0.207634281517
5000.000000000000	1.411829767546	-0.116386384998
5000.000000000000	1.880271612243	-0.024722466435
5000.000000000000	2.346857855867	0.066313863295
5000.000000000000	2.811128034127	0.155886847664
5000.000000000000	3.272623968408	0.243443497068
5000.000000000000	3.730890217942	0.328705216275
5000.000000000000	4.185474529266	0.411594226628
5000.000000000000	4.635928282548	0.492133132955
5000.000000000000	5.081806934318	0.570358358700
5000.000000000000	5.522670456177	0.646273857674
5000.000000000000	5.958083769057	0.719848998114
5000.000000000000	6.387617172584	0.791044922306
5000.000000000000	6.810846769149	0.859845265088
5000.000000000000	7.227354882235	0.926271696004
5000.000000000000	7.636730468623	0.990377701412
5000.000000000000	8.038569524031	1.052227409914
5000.000000000000	8.432475481827	1.111873269660
5000.000000000000	8.818059604388	1.169344596869
5000.000000000000	9.194941366737	1.224651005447
5000.000000000000	9.562748832075	1.277795948186
5000.000000000000	9.921119018841	1.328791019151
5000.000000000000	10.269698258926	1.377663126562
5000.000000000000	10.608142546706	1.424452295036
5000.000000000000	10.936117878529	1.469203729112
5000.000000000000	11.253300582338	1.511960367216
5000.000000000000	11.559377637101	1.552760437351
5000.000000000000	11.854046981716	1.591640223655
5000.000000000000	12.137017813117	1.628638485155
5000.000000000000	12.408010873256	1.663798156103
5000.000000000000	12.666758724701	1.697163364964
5000.000000000000	12.913006014561	1.728773550191
5000.000000000000	13.146509726490	1.758658856748
5000.000000000000	13.367039420517	1.786840403924
5000.000000000000	13.574377460458	1.813335821450
5000.000000000000	13.768319228699	1.838166808716
5000.000000000000	13.948673328132	1.861363847010
5000.000000000000	14.115261771033	1.882964747611
5000.000000000000	14.267920154723	1.903007538081
5000.000000000000	14.406497823806	1.921521861614
5000.000000000000	14.530858018856	1.938524209969
5000.000000000000	14.640878011372	1.954020111614
5000.000000000000	14.736449224905	1.968012149477
5000.000000000000	14.817477342207	1.980509016416
5000.000000000000	14.883882398308	1.991530057834
5000.000000000000	14.935598859434	2.001102451613
5000.000000000000	14.972575687683	2.009252727279
5000.000000000000	14.994776391390	2.015997921232
5000.000000000000	15.002179061139	2.021342024418
5000.000000000000	14.994776391390	2.025280188602
5000.000000000000	14.972575687683	2.027808311495
5000.000000000000	14.935598859434	2.028932099547
5000.000000000000	14.883882398308	2.028669755277
5000.000000000000	14.817477342207	2.027046152005
5000.000000000000	14.736449224905	2.024081573402
5000.000000000000	14.640878011372	2.019781643118
5000.000000000000	14.530858018856	2.014134706607
5000.000000000000	14.406497823806	2.007118730785
5000.000000000000	14.267920154723	1.998714174152
5000.000000000000	14.115261771033	1.988915597143
5000.000000000000	13.948673328132	1.977735297948
5000.000000000000	13.768319228699	1.965196763939
5000.000000000000	13.574377460458	1.951321611107
5000.000000000000	13.367039420517	1.936117459270
5000.000000000000	13.146509726490	1.919573590634
5000.000000000000	12.913006014561	1.901666597357
5000.000000000000	12.666758724701	1.882372309340
5000.000000000000	12.408010873256	1.861676662467
5000.000000000000	12.137017813117	1.839579010833
5000.000000000000	11.854046981716	1.816086177808
5000.000000000000	11.559377637101	1.791201326120
5000.000000000000	11.253300582338	1.764914911844
5000.000000000000	10.936117878529	1.737203554246
5000.000000000000	10.608142546706	1.708037453939
5000.000000000000	10.269698258926	1.677391283565
5000.000000000000	9.921119018841	1.645250939922
5000.000000000000	9.562748832075	1.611610969259
5000.000000000000	9.194941366737	1.576463524730
5000.000000000000	8.818059604388	1.539785626547
5000.000000000000	8.432475481827	1.501533351438
5000.000000000000	8.038569524031	1.461647805680
5000.000000000000	7.636730468623	1.420070292522
5000.000000000000	7.227354882235	1.376757489091
5000.000000000000	6.810846769149	1.331686111992
5000.000000000000	6.387617172584	1.284841953594
5000.000000000000	5.958083769057	1.236197623606
5000.000000000000	5.522670456177	1.185691240477
5000.000000000000	5.081806934318	1.133219392609
5000.000000000000	4.635928282548	1.078650296072
5000.000000000000	4.185474529266	1.021850706073
5000.000000000000	3.730890217942	0.962709913808
5000.000000000000	3.272623968408	0.901142951519
5000.000000000000	2.811128034127	0.837065373163
5000.000000000000	2.346857855867	0.770349605214
5000.000000000000	1.880271612243	0.700788766255
5000.000000000000	1.411829767546	0.628098428214
5000.000000000000	0.941994617321	0.551975259866
5000.000000000000	0.471229832136	0.472207141358
5000.000000000000	0.000000000000	0.388802693185
5000.000000000000	-0.471229832136	0.302092225505
5000.000000000000	-0.941994617321	0.212755910602
5000.000000000000	-1.411829767546	0.121758708848
5000.000000000000	-1.880271612243	0.030205944176
5000.000000000000	-2.346857855867	-0.060836296659
5000.000000000000	-2.811128034127	-0.150498864195
5000.000000000000	-3.272623968408	-0.238198293060
5000.000000000000	-3.730890217942	-0.323637712344
5000.000000000000	-4.185474529266	-0.406734623746
5000.000000000000	-4.635928282548	-0.487514715851
5000.000000000000	-5.081806934318	-0.566016661906
5000.000000000000	-5.522670456177	-0.642239475892
5000.000000000000	-5.958083769057	-0.716139655720
5000.000000000000	-6.387617172584	-0.787662296750
5000.000000000000	-6.810846769149	-0.856778819218
5000.000000000000	-7.227354882235	-0.923507426878
5000.000000000000	-7.636730468623	-0.987906780418
5000.000000000000	-8.038569524031	-1.050049799065
5000.000000000000	-8.432475481827	-1.109994411350
5000.000000000000	-8.818059604388	-1.167767401741
5000.000000000000	-9.194941366737	-1.223368202773
5000.000000000000	-9.562748832075	-1.276787757706
5000.000000000000	-9.921119018841	-1.328030073320
5000.000000000000	-10.269698258926	-1.377124309500
5000.000000000000	-10.608142546706	-1.424122090575
5000.000000000000	-10.936117878529	-1.469083582672
5000.000000000000	-11.253300582338	-1.512061620099
5000.000000000000	-11.559377637101	-1.553092984049
5000.000000000000	-11.854046981716	-1.592200667454
5000.000000000000	-12.137017813117	-1.629404183915
5000.000000000000	-12.408010873256	-1.664730714959
5000.000000000000	-12.666758724701	-1.698220274107
5000.000000000000	-12.913006014561	-1.729922342292
5000.000000000000	-13.146509726490	-1.759886693232
5000.000000000000	-13.367039420517	-1.788154225229
5000.000000000000	-13.574377460458	-1.814752991795
5000.000000000000	-13.768319228699	-1.839701054781
5000.000000000000	-13.948673328132	-1.863013682667
5000.000000000000	-14.115261771033	-1.884710243231
5000.000000000000	-14.267920154723	-1.904816944913
5000.000000000000	-14.406497823806	-1.923364530298
5000.000000000000	-14.530858018856	-1.940383096917
5000.000000000000	-14.640878011372	-1.955897552195
5000.000000000000	-14.736449224905	-1.969926216292
5000.000000000000	-14.817477342207	-1.982482690430
5000.000000000000	-14.883882398308	-1.993579009232
5000.000000000000	-14.935598859434	-2.003227618302
5000.000000000000	-14.972575687683	-2.011440993039
5000.000000000000	-14.994776391390	-2.018229689613
5000.000000000000	-15.002179061139	-2.023600844437
5000.000000000000	-14.994776391390	-2.027558768536
5000.000000000000	-14.972575687683	-2.030107628213
5000.000000000000	-14.935598859434	-2.031254482867
5000.000000000000	-14.883882398308	-2.031010433952
5000.000000000000	-14.817477342207	-2.029388759446
5000.000000000000	-14.736449224905	-2.026400949317
5000.000000000000	-14.640878011372	-2.022053121578
5000.000000000000	-14.530858018856	-2.016345252627
5000.000000000000	-14.406497823806	-2.009273922919
5000.000000000000	-14.267920154723	-2.000836940256
5000.000000000000	-14.115261771033	-1.991036816623
5000.000000000000	-13.948673328132	-1.979880644335
5000.000000000000	-13.768319228699	-1.967376184213
5000.000000000000	-13.574377460458	-1.953526523181
5000.000000000000	-13.367039420517	-1.938326785910
5000.000000000000	-13.146509726490	-1.921765241444
5000.000000000000	-12.913006014561	-1.903828343166
5000.000000000000	-12.666758724701	-1.884506543385
5000.000000000000	-12.408010873256	-1.863796952746
5000.000000000000	-12.137017813117	-1.841700737377
5000.000000000000	-11.854046981716	-1.818216548779
5000.000000000000	-11.559377637101	-1.793334108568
5000.000000000000	-11.253300582338	-1.767032365415
5000.000000000000	-10.936117878529	-1.739283960903
5000.000000000000	-10.608142546706	-1.710063584758
5000.000000000000	-10.269698258926	-1.679354804818
5000.000000000000	-9.921119018841	-1.647150268778
5000.000000000000	-9.562748832075	-1.613443984573
5000.000000000000	-9.194941366737	-1.578219593538
5000.000000000000	-8.818059604388	-1.541441879564
5000.000000000000	-8.432475481827	-1.503057752289
5000.000000000000	-8.038569524031	-1.463007654982
5000.000000000000	-7.636730468623	-1.421241609977
5000.000000000000	-7.227354882235	-1.377730070834
5000.000000000000	-6.810846769149	-1.332461386361
5000.000000000000	-6.387617172584	-1.285424786028
5000.000000000000	-5.958083769057	-1.236586676714
5000.000000000000	-5.522670456177	-1.185873369049
5000.000000000000	-5.081806934318	-1.133171252037
5000.000000000000	-4.635928282548	-1.078346074725
5000.000000000000	-4.185474529266	-1.021271051529
5000.000000000000	-3.730890217942	-0.961845983027
5000.000000000000	-3.272623968408	-0.899991939338
5000.000000000000	-2.811128034127	-0.835618756415
5000.000000000000	-2.346857855867	-0.768580114335
5000.000000000000	-1.880271612243	-0.698644068763
5000.000000000000	-1.411829767546	-0.625507322531
5000.000000000000	-0.941994617321	-0.548866619534
5000.000000000000	-0.471229832136	-0.468535538758
5000.000000000000	-0.000000000000	-0.384570728747
5000.000000000000	0.000000000000	-0.380712661808
5000.000000000000	0.471210317199	-0.296025246614
5000.000000000000	0.941955606705	-0.208822822790
5000.000000000000	1.411771299750	-0.120092156043
5000.000000000000	1.880193744968	-0.030937207155
5000.000000000000	2.346760665959	0.057598085362
5000.000000000000	2.811011617500	0.144678643787
5000.000000000000	3.272488439952	0.229755731638
5000.000000000000	3.730735711406	0.312558910123
5000.000000000000	4.185301197130	0.393020349511
5000.000000000000	4.635736295870	0.471170978974
5000.000000000000	5.081596482565	0.547051034927
5000.000000000000	5.522441747040	0.620662961012
5000.000000000000	5.957837028244	0.691970989595
5000.000000000000	6.387352643599	0.760930822850
5000.000000000000	6.810564713049	0.827523590973
5000.000000000000	7.227055577377	0.891772948002
5000.000000000000	7.636414210383	0.953738059029
5000.000000000000	8.038236624519	1.013489870564
5000.000000000000	8.432126269575	1.071085939775
5000.000000000000	8.817694424025	1.126557357244
5000.000000000000	9.194560578652	1.179912514575
5000.000000000000	9.562352812061	1.231152552367
5000.000000000000	9.920708157721	1.280287889547
5000.000000000000	10.269272962171	1.327346593915
5000.000000000000	10.607703234032	1.372371689699
5000.000000000000	10.935664983484	1.415411431392
5000.000000000000	11.252834551877	1.456509980964
5000.000000000000	11.558898931137	1.495704290112
5000.000000000000	11.853556072676	1.533027981833
5000.000000000000	12.136515185468	1.568518162350
5000.000000000000	12.407497023031	1.602219431050
5000.000000000000	12.666234159008	1.634181669844
5000.000000000000	12.912471251083	1.664452694070
5000.000000000000	13.145965292974	1.693070477764
5000.000000000000	13.366485854253	1.720060092143
5000.000000000000	13.573815307749	1.745437530602
5000.000000000000	13.767749044324	1.769218215946
5000.000000000000	13.948095674791	1.791425014467
5000.000000000000	14.114677218802	1.812090878879
5000.000000000000	14.267329280484	1.831254575998
5000.000000000000	14.405901210681	1.848952199552
5000.000000000000	14.530256255628	1.865209674299
5000.000000000000	14.640271691911	1.880040710800
5000.000000000000	14.735838947575	1.893451207434
5000.000000000000	14.816863709277	1.905447125952
5000.000000000000	14.883266015360	1.916040862814
5000.000000000000	14.934980334764	1.925252295125
5000.000000000000	14.971955631700	1.933104192835
5000.000000000000	14.994155416013	1.939615291951
5000.000000000000	15.001557779197	1.944795731643
5000.000000000000	14.994155416013	1.948647904824
5000.000000000000	14.971955631700	1.951172144292
5000.000000000000	14.934980334764	1.952373409204
5000.000000000000	14.883266015360	1.952264363570
5000.000000000000	14.816863709277	1.950862488030
5000.000000000000	14.735838947575	1.948182744518
5000.000000000000	14.640271691911	1.944230354687
5000.000000000000	14.530256255628	1.938998469024
5000.000000000000	14.405901210681	1.932472654760
5000.000000000000	14.267329280484	1.924639917308
5000.000000000000	14.114677218802	1.915497006322
5000.000000000000	13.948095674791	1.905052949279
5000.000000000000	13.767749044324	1.893324086005
5000.000000000000	13.573815307749	1.880324369264
5000.000000000000	13.366485854253	1.866056597866
5000.000000000000	13.145965292974	1.850509731853
5000.000000000000	12.912471251083	1.833663761221
5000.000000000000	12.666234159008	1.815498989133
5000.000000000000	12.407497023031	1.796003900656
5000.000000000000	12.136515185468	1.775176724660
5000.000000000000	11.853556072676	1.753019819961
5000.000000000000	11.558898931137	1.729530624791
5000.000000000000	11.252834551877	1.704695164024
5000.000000000000	10.935664983484	1.678488493224
5000.000000000000	10.607703234032	1.650881894489
5000.000000000000	10.269272962171	1.621851998579
5000.000000000000	9.920708157721	1.591385355738
5000.000000000000	9.562352812061	1.559474600244
5000.000000000000	9.194560578652	1.526107815913
5000.000000000000	8.817694424025	1.491257600522
5000.000000000000	8.432126269575	1.454877325638
5000.000000000000	8.038236624519	1.416908128053
5000.000000000000	7.636414210383	1.377293329599
5000.000000000000	7.227055577377	1.335991445441
5000.000000000000	6.810564713049	1.292978507724
5000.000000000000	6.387352643599	1.248236040083
5000.000000000000	5.957837028244	1.201729823353
5000.000000000000	5.522441747040	1.153391331596
5000.000000000000	5.081596482565	1.103113745973
5000.000000000000	4.635736295870	1.050766747487
5000.000000000000	4.185301197130	0.996222566259
5000.000000000000	3.730735711406	0.939376841650
5000.000000000000	3.272488439952	0.880147910696
5000.000000000000	2.811011617500	0.818448922393
5000.000000000000	2.346760665959	0.754144264709
5000.000000000000	1.880193744968	0.687016317684
5000.000000000000	1.411771299750	0.616771603746
5000.000000000000	0.941955606705	0.543103026239
5000.000000000000	0.471210317199	0.465800839155
5000.000000000000	0.000000000000	0.384879689155
5000.000000000000	-0.471210317199	0.300674849651
5000.000000000000	-0.941955606705	0.213865767388
5000.000000000000	-1.411771299750	0.125408818998
5000.000000000000	-1.880193744968	0.036394379915
5000.000000000000	-2.346760665959	-0.052128213638
5000.000000000000	-2.811011617500	-0.139302855562
5000.000000000000	-3.272488439952	-0.224551561916
5000.000000000000	-3.730735711406	-0.307574963226
5000.000000000000	-4.185301197130	-0.388283186267
5000.000000000000	-4.635736295870	-0.466694667696
5000.000000000000	-5.081596482565	-0.542845360235
5000.000000000000	-5.522441747040	-0.616737825811
5000.000000000000	-5.957837028244	-0.688336797873
5000.000000000000	-6.387352643599	-0.757596448904
5000.000000000000	-6.810564713049	-0.824494145602
5000.000000000000	-7.227055577377	-0.889048883632
5000.000000000000	-7.636414210383	-0.951315823213
5000.000000000000	-8.038236624519	-1.011363202888
5000.000000000000	-8.432126269575	-1.069246651481
5000.000000000000	-8.817694424025	-1.124995089951
5000.000000000000	-9.194560578652	-1.178614020293
5000.000000000000	-9.562352812061	-1.230101711642
5000.000000000000	-9.920708157721	-1.279467466412
5000.000000000000	-10.269272962171	-1.326741661582
5000.000000000000	-10.607703234032	-1.371973358142
5000.000000000000	-10.935664983484	-1.415218795326
5000.000000000000	-11.252834551877	-1.456528642437
5000.000000000000	-11.558898931137	-1.495941324677
5000.000000000000	-11.853556072676	-1.533485098071
5000.000000000000	-12.136515185468	-1.569186046693
5000.000000000000	-12.407497023031	-1.603076116409
5000.000000000000	-12.666234159008	-1.635196144756
5000.000000000000	-12.912471251083	-1.665592580451
5000.000000000000	-13.145965292974	-1.694310602920
5000.000000000000	-13.366485854253	-1.721388190978
5000.000000000000	-13.573815307749	-1.746854500029
5000.000000000000	-13.767749044324	-1.770732793298
5000.000000000000	-13.948095674791	-1.793045310904
5000.000000000000	-14.114677218802	-1.813816636515
5000.000000000000	-14.267329280484	-1.833073639466
5000.000000000000	-14.405901210681	-1.850842688197
5000.000000000000	-14.530256255628	-1.867146686425
5000.000000000000	-14.640271691911	-1.882004360920
5000.000000000000	-14.735838947575	-1.895432332133
5000.000000000000	-14.816863709277	-1.907448249215
5000.000000000000	-14.883266015360	-1.918072307442
5000.000000000000	-14.934980334764	-1.927325515876
5000.000000000000	-14.971955631700	-1.935225460453
5000.000000000000	-14.994155416013	-1.941782365341
5000.000000000000	-15.001557779197	-1.946998491368
5000.000000000000	-14.994155416013	-1.950872002096
5000.000000000000	-14.971955631700	-1.953403506566
5000.000000000000	-14.934980334764	-1.954601451175
5000.000000000000	-14.883266015360	-1.954482822702
5000.000000000000	-14.816863709277	-1.953068245446
5000.000000000000	-14.735838947575	-1.950373990660
5000.000000000000	-14.640271691911	-1.946405524132
5000.000000000000	-14.530256255628	-1.941156574349
5000.000000000000	-14.405901210681	-1.934614551039
5000.000000000000	-14.267329280484	-1.926769317652
5000.000000000000	-14.114677218802	-1.917620167855
5000.000000000000	-13.948095674791	-1.907176779160
5000.000000000000	-13.767749044324	-1.895453459871
5000.000000000000	-13.573815307749	-1.882460064506
5000.000000000000	-13.366485854253	-1.868195030932
5000.000000000000	-13.145965292974	-1.852644746232
5000.000000000000	-12.912471251083	-1.835789567947
5000.000000000000	-12.666234159008	-1.817612673411
5000.000000000000	-12.407497023031	-1.798106088105
5000.000000000000	-12.136515185468	-1.777269972404
5000.000000000000	-11.853556072676	-1.755105533032
5000.000000000000	-11.558898931137	-1.731606109920
5000.000000000000	-11.252834551877	-1.706752361707
5000.000000000000	-10.935664983484	-1.680515005993
5000.000000000000	-10.607703234032	-1.652863664311
5000.000000000000	-10.269272962171	-1.623776086141
5000.000000000000	-9.920708157721	-1.593241247651
5000.000000000000	-9.562352812061	-1.561253338613
5000.000000000000	-9.194560578653	-1.527799525353
5000.000000000000	-8.817694424025	-1.492848958580
5000.000000000000	-8.432126269575	-1.456350626225
5000.000000000000	-8.038236624519	-1.418242746673
5000.000000000000	-7.636414210383	-1.378469067373
5000.000000000000	-7.227055577377	-1.336992142195
5000.000000000000	-6.810564713049	-1.293794081756
5000.000000000000	-6.387352643599	-1.248861870794
5000.000000000000	-5.957837028244	-1.202163725953
5000.000000000000	-5.522441747040	-1.153629538841
5000.000000000000	-5.081596482565	-1.103147662872
5000.000000000000	-4.635736295870	-1.050581600756
5000.000000000000	-4.185301197130	-0.995797832863
5000.000000000000	-3.730735711406	-0.938687275382
5000.000000000000	-3.272488439952	-0.879163783107
5000.000000000000	-2.811011617500	-0.817134953949
5000.000000000000	-2.346760665959	-0.752458195895
5000.000000000000	-1.880193744969	-0.684909272436
5000.000000000000	-1.411771299750	-0.614192482876
5000.000000000000	-0.941955606705	-0.540007824580
5000.000000000000	-0.471210317199	-0.462165467095
5000.000000000000	-0.000000000000	-0.380712661808
5000.000000000000	0.000000000000	-0.376192109471
5000.000000000000	0.471288938913	-0.294043877815
5000.000000000000	0.942112772542	-0.209399234637
5000.000000000000	1.412006854608	-0.123239087752
5000.000000000000	1.880507456381	-0.036655656267
5000.000000000000	2.347152224332	0.049321792987
5000.000000000000	2.811480636412	0.133871169679
5000.000000000000	3.273034456539	0.216450978680
5000.000000000000	3.731358186815	0.296790776523
5000.000000000000	4.185999517053	0.374817302818
5000.000000000000	4.636509771149	0.450554864375
5000.000000000000	5.082444349874	0.524040409636
5000.000000000000	5.523363169637	0.595278990305
5000.000000000000	5.958831096795	0.664242706045
5000.000000000000	6.388418377079	0.730896964938
5000.000000000000	6.811701059707	0.795230071011
5000.000000000000	7.228261415777	0.857267290131
5000.000000000000	7.637688350507	0.917063707509
5000.000000000000	8.039577808945	0.974683303252
5000.000000000000	8.433533174716	1.030178041894
5000.000000000000	8.819165661436	1.083578312759
5000.000000000000	9.196094696398	1.134897709885
5000.000000000000	9.563948296154	1.184146559442
5000.000000000000	9.922363433610	1.231344683696
5000.000000000000	10.270986396299	1.276526148695
5000.000000000000	10.609473135447	1.319734909494
5000.000000000000	10.937489605506	1.361016086881
5000.000000000000	11.254712093824	1.400409582077
5000.000000000000	11.560827540104	1.437950118782
5000.000000000000	11.855533845357	1.473672777278
5000.000000000000	12.138540170040	1.507619145437
5000.000000000000	12.409567221080	1.539838878952
5000.000000000000	12.668347527497	1.570384771386
5000.000000000000	12.914625704373	1.599304049595
5000.000000000000	13.148158704880	1.626631424980
5000.000000000000	13.368716060142	1.652388578686
5000.000000000000	13.576080106678	1.676590774505
5000.000000000000	13.770046201208	1.699256733575
5000.000000000000	13.950422922615	1.720415700662
5000.000000000000	14.117032260853	1.740107228260
5000.000000000000	14.269709792619	1.758373651179
5000.000000000000	14.408304843623	1.775249768196
5000.000000000000	14.532680637281	1.790756051034
5000.000000000000	14.642714429703	1.804899610497
5000.000000000000	14.738297630819	1.817682420061
5000.000000000000	14.819335911549	1.829111828268
5000.000000000000	14.885749296895	1.839206944294
5000.000000000000	14.937472244863	1.847996974178
5000.000000000000	14.974453711149	1.855512515553
5000.000000000000	14.996657199509	1.861775170120
5000.000000000000	15.004060797782	1.866791919516
5000.000000000000	14.996657199509	1.870557828915
5000.000000000000	14.974453711149	1.873065524270
5000.000000000000	14.937472244863	1.874315659159
5000.000000000000	14.885749296895	1.874321864148
5000.000000000000	14.819335911549	1.873106955199
5000.000000000000	14.738297630819	1.870692515817
5000.000000000000	14.642714429703	1.867088118477
5000.000000000000	14.532680637281	1.862286846671
5000.000000000000	14.408304843623	1.856270104579
5000.000000000000	14.269709792619	1.849019120415
5000.000000000000	14.117032260853	1.840526423295
5000.000000000000	13.950422922615	1.830800433642
5000.000000000000	13.770046201208	1.819860304670
5000.000000000000	13.576080106678	1.807723931861
5000.000000000000	13.368716060142	1.794396142259
5000.000000000000	13.148158704880	1.779863997201
5000.000000000000	12.914625704373	1.764101901515
5000.000000000000	12.668347527497	1.747083342150
5000.000000000000	12.409567221080	1.728792123061
5000.000000000000	12.138540170040	1.709226328718
5000.000000000000	11.855533845357	1.688392726658
5000.000000000000	11.560827540104	1.666295182061
5000.000000000000	11.254712093824	1.642924301938
5000.000000000000	10.937489605506	1.618254684569
5000.000000000000	10.609473135447	1.592251311917
5000.000000000000	10.270986396299	1.564880784582
5000.000000000000	9.922363433610	1.536119943512
5000.000000000000	9.563948296154	1.505956024412
5000.000000000000	9.196094696398	1.474377954692
5000.000000000000	8.819165661436	1.441364323265
5000.000000000000	8.433533174716	1.406876076701
5000.000000000000	8.039577808945	1.370859264272
5000.000000000000	7.637688350507	1.333256618363
5000.000000000000	7.228261415777	1.294020455683
5000.000000000000	6.811701059707	1.253117535907
5000.000000000000	6.388418377079	1.210520803562
5000.000000000000	5.958831096795	1.166191200570
5000.000000000000	5.523363169637	1.120059964058
5000.000000000000	5.082444349874	1.072023077745
5000.000000000000	4.636509771149	1.021953125251
5000.000000000000	4.185999517053	0.969722730879
5000.000000000000	3.731358186815	0.915224554501
5000.000000000000	3.273034456539	0.858371814638
5000.000000000000	2.811480636412	0.799072882613
5000.000000000000	2.347152224332	0.737189887974
5000.000000000000	1.880507456381	0.672506004263
5000.000000000000	1.412006854608	0.604730111359
5000.000000000000	0.942112772542	0.533556333775
5000.000000000000	0.471288938913	0.458772633466
5000.000000000000	0.000000000000	0.380387191544
5000.000000000000	-0.471288938913	0.298726152555
5000.000000000000	-0.942112772542	0.214460088963
5000.000000000000	-1.412006854608	0.128539507017
5000.000000000000	-1.880507456381	0.042052973814
5000.000000000000	-2.347152224332	-0.043949167802
5000.000000000000	-2.811480636412	-0.128609881471
5000.000000000000	-3.273034456539	-0.211353262697
5000.000000000000	-3.731358186815	-0.291886326512
5000.000000000000	-4.185999517053	-0.370128716202
5000.000000000000	-4.636509771149	-0.446108378125
5000.000000000000	-5.082444349874	-0.519867265244
5000.000000000000	-5.523363169637	-0.591408427518
5000.000000000000	-5.958831096795	-0.660692199176
5000.000000000000	-6.388418377079	-0.727666489631
5000.000000000000	-6.811701059707	-0.792304469111
5000.000000000000	-7.228261415777	-0.854625856312
5000.000000000000	-7.637688350507	-0.914691789456
5000.000000000000	-8.039577808945	-0.972579418401
5000.000000000000	-8.433533174716	-1.028352468173
5000.000000000000	-8.819165661436	-1.082043913518
5000.000000000000	-9.196094696398	-1.133658200218
5000.000000000000	-9.563948296154	-1.183188999396
5000.000000000000	-9.922363433610	-1.230640763456
5000.000000000000	-10.270986396299	-1.276041987380
5000.000000000000	-10.609473135447	-1.319444271078
5000.000000000000	-10.937489605506	-1.360909800086
5000.000000000000	-11.254712093824	-1.400495768458
5000.000000000000	-11.560827540104	-1.438244679595
5000.000000000000	-11.855533845357	-1.474184887703
5000.000000000000	-12.138540170040	-1.508339384410
5000.000000000000	-12.409567221080	-1.540736474426
5000.000000000000	-12.668347527497	-1.571415799579
5000.000000000000	-12.914625704373	-1.600426709846
5000.000000000000	-13.148158704880	-1.627820740537
5000.000000000000	-13.368716060142	-1.653643064078
5000.000000000000	-13.576080106678	-1.677927693096
5000.000000000000	-13.770046201208	-1.700698419484
5000.000000000000	-13.950422922615	-1.721973979644
5000.000000000000	-14.117032260853	-1.741773869166
5000.000000000000	-14.269709792619	-1.760121573693
5000.000000000000	-14.408304843623	-1.777044136075
5000.000000000000	-14.532680637281	-1.792569335526
5000.000000000000	-14.642714429703	-1.806722825199
5000.000000000000	-14.738297630819	-1.819526914816
5000.000000000000	-14.819335911549	-1.831001045372
5000.000000000000	-14.885749296895	-1.841162692535
5000.000000000000	-14.937472244863	-1.850027373744
5000.000000000000	-14.974453711149	-1.857607542778
5000.000000000000	-14.996657199509	-1.863911477405
5000.000000000000	-15.004060797782	-1.868943694309
5000.000000000000	-14.996657199509	-1.872707524734
5000.000000000000	-14.974453711149	-1.875208827026
5000.000000000000	-14.937472244863	-1.876458601688
5000.000000000000	-14.885749296895	-1.876472501777
5000.000000000000	-14.819335911549	-1.875266943578
5000.000000000000	-14.738297630819	-1.872853711411
5000.000000000000	-14.642714429703	-1.869236169077
5000.000000000000	-14.532680637281	-1.864409511876
5000.000000000000	-14.408304843623	-1.858365181126
5000.000000000000	-14.269709792619	-1.851096987591
5000.000000000000	-14.117032260853	-1.842605298544
5000.000000000000	-13.950422922615	-1.832896693973
5000.000000000000	-13.770046201208	-1.821979246490
5000.000000000000	-13.576080106678	-1.809856347162
5000.000000000000	-13.368716060142	-1.796522997346
5000.000000000000	-13.148158704880	-1.781966976557
5000.000000000000	-12.914625704373	-1.766174135903
5000.000000000000	-12.668347527497	-1.749134246355
5000.000000000000	-12.409567221080	-1.730843244454
5000.000000000000	-12.138540170040	-1.711299911374
5000.000000000000	-11.855533845357	-1.690498737943
5000.000000000000	-11.560827540104	-1.668423596619
5000.000000000000	-11.254712093824	-1.645046845937
5000.000000000000	-10.937489605506	-1.620335331988
5000.000000000000	-10.609473135447	-1.594260195260
5000.000000000000	-10.270986396299	-1.566804322262
5000.000000000000	-9.922363433610	-1.537961923722
5000.000000000000	-9.563948296154	-1.507729120983
5000.000000000000	-9.196094696398	-1.476090180081
5000.000000000000	-8.819165661436	-1.443007576867
5000.000000000000	-8.433533174716	-1.408422819216
5000.000000000000	-8.039577808945	-1.372269056526
5000.000000000000	-7.637688350507	-1.334489105869
5000.000000000000	-7.228261415777	-1.295048100294
5000.000000000000	-6.811701059707	-1.253931700198
5000.000000000000	-6.388418377079	-1.211128443814
5000.000000000000	-5.958831096795	-1.166604385421
5000.000000000000	-5.523363169637	-1.120284001217
5000.000000000000	-5.082444349874	-1.072049306850
5000.000000000000	-4.636509771149	-1.021759372935
5000.000000000000	-4.185999517053	-0.969279835868
5000.000000000000	-3.731358186815	-0.914503911862
5000.000000000000	-3.273034456539	-0.857348571006
5000.000000000000	-2.811480636412	-0.797722464101
5000.000000000000	-2.347152224332	-0.735480240046
5000.000000000000	-1.880507456381	-0.670391528961
5000.000000000000	-1.412006854608	-0.602153560706
5000.000000000000	-0.942112772542	-0.530461397675
5000.000000000000	-0.471288938913	-0.455124300161
5000.000000000000	-0.000000000000	-0.376192109471
5000.000000000000	0.000000000000	-0.372970429646
5000.000000000000	0.471211931524	-0.292858733033
5000.000000000000	0.941958833762	-0.210255082983
5000.000000000000	1.411776136355	-0.126131924878
5000.000000000000	1.880200186347	-0.041575198657
5000.000000000000	2.346768705754	0.042388496343
5000.000000000000	2.811021247778	0.124936674385
5000.000000000000	3.272499651209	0.205526582240
5000.000000000000	3.730748492577	0.283888275891
5000.000000000000	4.185315535603	0.359952316653
5000.000000000000	4.635752177494	0.433749745178
5000.000000000000	5.081613891667	0.505324917144
5000.000000000000	5.522460666439	0.574688049993
5000.000000000000	5.957857439269	0.641812134860
5000.000000000000	6.387374526106	0.706659184177
5000.000000000000	6.810588045444	0.769211930314
5000.000000000000	7.227080336633	0.829491122912
5000.000000000000	7.636440372066	0.887551134541
5000.000000000000	8.038264162810	0.943459922293
5000.000000000000	8.432155157297	0.997276697499
5000.000000000000	8.817724632670	1.049039358278
5000.000000000000	9.194592078407	1.098766180791
5000.000000000000	9.562385571839	1.146467700925
5000.000000000000	9.920742145193	1.192160046827
5000.000000000000	10.269308143796	1.235872118454
5000.000000000000	10.607739575089	1.277644265223
5000.000000000000	10.935702448109	1.317521688853
5000.000000000000	11.252873103096	1.355548294365
5000.000000000000	11.558938530907	1.391765087799
5000.000000000000	11.853596681915	1.426213127700
5000.000000000000	12.136556764100	1.458937495655
5000.000000000000	12.407539530023	1.489988105770
5000.000000000000	12.666277552410	1.519415661853
5000.000000000000	12.912515488072	1.547264820946
5000.000000000000	13.146010329893	1.573568988276
5000.000000000000	13.366531646656	1.598350499787
5000.000000000000	13.573861810445	1.621626642026
5000.000000000000	13.767796211419	1.643418169050
5000.000000000000	13.948143459738	1.663755194529
5000.000000000000	14.114725574443	1.682676779280
5000.000000000000	14.267378159097	1.700224350742
5000.000000000000	14.405950564029	1.716432900487
5000.000000000000	14.530306035006	1.731325302043
5000.000000000000	14.640321848192	1.744913167265
5000.000000000000	14.735889431261	1.757203593574
5000.000000000000	14.816914470547	1.768207484295
5000.000000000000	14.883317004118	1.777944162096
5000.000000000000	14.935031500691	1.786439370549
5000.000000000000	14.972006924300	1.793718003270
5000.000000000000	14.994206784668	1.799796344725
5000.000000000000	15.001609173212	1.804679042587
5000.000000000000	14.994206784668	1.808363108653
5000.000000000000	14.972006924300	1.810846731860
5000.000000000000	14.935031500691	1.812137407314
5000.000000000000	14.883317004118	1.812253973790
5000.000000000000	14.816914470547	1.811220695952
5000.000000000000	14.735889431261	1.809056448613
5000.000000000000	14.640321848192	1.805765341525
5000.000000000000	14.530306035006	1.801334650399
5000.000000000000	14.405950564029	1.795741819532
5000.000000000000	14.267378159097	1.788966935643
5000.000000000000	14.114725574443	1.781003659478
5000.000000000000	13.948143459738	1.771862273316
5000.000000000000	13.767796211419	1.761562972807
5000.000000000000	13.573861810445	1.750123207604
5000.000000000000	13.366531646656	1.737546375155
5000.000000000000	13.146010329893	1.723818360869
5000.000000000000	12.912515488072	1.708913729366
5000.000000000000	12.666277552410	1.692807594575
5000.000000000000	12.407539530023	1.675485821551
5000.000000000000	12.136556764100	1.656947314517
5000.000000000000	11.853596681915	1.637197086175
5000.000000000000	11.558938530907	1.616234571087
5000.000000000000	11.252873103096	1.594044662331
5000.000000000000	10.935702448109	1.570597274406
5000.000000000000	10.607739575089	1.545855814911
5000.000000000000	10.269308143796	1.519789118527
5000.000000000000	9.920742145193	1.492378873699
5000.000000000000	9.562385571839	1.463617124159
5000.000000000000	9.194592078407	1.433494670972
5000.000000000000	8.817724632670	1.401987314393
5000.000000000000	8.432155157297	1.369048883173
5000.000000000000	8.038264162810	1.334616288430
5000.000000000000	7.636440372066	1.298624346074
5000.000000000000	7.227080336633	1.261021357375
5000.000000000000	6.810588045444	1.221774865759
5000.000000000000	6.387374526106	1.180862161590
5000.000000000000	5.957857439269	1.138249382547
5000.000000000000	5.522460666439	1.093870944317
5000.000000000000	5.081613891667	1.047622283827
5000.000000000000	4.635752177494	0.999371839180
5000.000000000000	4.185315535603	0.948986208539
5000.000000000000	3.730748492577	0.896352486075
5000.000000000000	3.272499651209	0.841380597005
5000.000000000000	2.811021247778	0.783978427087
5000.000000000000	2.346768705754	0.724009668846
5000.000000000000	1.880200186347	0.661259675708
5000.000000000000	1.411776136355	0.595438859260
5000.000000000000	0.941958833762	0.526241687316
5000.000000000000	0.471211931524	0.453455454217
5000.000000000000	0.000000000000	0.377087065398
5000.000000000000	-0.471211931524	0.297460812772
5000.000000000000	-0.941958833762	0.215244235967
5000.000000000000	-1.411776136355	0.131382685658
5000.000000000000	-1.880200186347	0.046956880722
5000.000000000000	-2.346768705754	-0.036992880839
5000.000000000000	-2.811021247778	-0.119620046115
5000.000000000000	-3.272499651209	-0.200357143623
5000.000000000000	-3.730748492577	-0.278915426364
5000.000000000000	-4.185315535603	-0.355213872964
5000.000000000000	-4.635752177494	-0.429276101424
5000.000000000000	-5.081613891667	-0.501138844624
5000.000000000000	-5.522460666439	-0.570802139320
5000.000000000000	-5.957857439269	-0.638227501983
5000.000000000000	-6.387374526106	-0.703368149917
5000.000000000000	-6.810588045444	-0.766204598718
5000.000000000000	-7.227080336633	-0.826762879132
5000.000000000000	-7.636440372066	-0.885106880317
5000.000000000000	-8.038264162810	-0.941312204640
5000.000000000000	-8.432155157297	-0.995438119445
5000.000000000000	-8.817724632670	-1.047513000747
5000.000000000000	-9.194592078407	-1.097539271267
5000.000000000000	-9.562385571839	-1.145512444171
5000.000000000000	-9.920742145193	-1.191441936527
5000.000000000000	-10.269308143796	-1.235362023668
5000.000000000000	-10.607739575089	-1.277328304520
5000.000000000000	-10.935702448109	-1.317403687656
5000.000000000000	-11.252873103096	-1.355643189541
5000.000000000000	-11.558938530907	-1.392086223201
5000.000000000000	-11.853596681915	-1.426759611557
5000.000000000000	-12.136556764100	-1.459687952764
5000.000000000000	-12.407539530023	-1.490904106981
5000.000000000000	-12.666277552410	-1.520453365914
5000.000000000000	-12.912515488072	-1.548389322283
5000.000000000000	-13.146010329893	-1.574764573756
5000.000000000000	-13.366531646656	-1.599622108205
5000.000000000000	-13.573861810445	-1.622992191174
5000.000000000000	-13.767796211419	-1.644895823066
5000.000000000000	-13.948143459738	-1.665351876581
5000.000000000000	-14.114725574443	-1.684383249372
5000.000000000000	-14.267378159097	-1.702018600052
5000.000000000000	-14.405950564029	-1.718289394043
5000.000000000000	-14.530306035006	-1.733224913111
5000.000000000000	-14.640321848192	-1.746848776530
5000.000000000000	-14.735889431261	-1.759179027551
5000.000000000000	-14.816914470547	-1.770231156036
5000.000000000000	-14.883317004118	-1.780021431076
5000.000000000000	-14.935031500691	-1.788567900369
5000.000000000000	-14.972006924300	-1.795888278569
5000.000000000000	-14.994206784668	-1.801996333141
5000.000000000000	-15.001609173212	-1.806899605976
5000.000000000000	-14.994206784668	-1.810600516266
5000.000000000000	-14.972006924300	-1.813100590702
5000.000000000000	-14.935031500691	-1.814405309819
5000.000000000000	-14.883317004118	-1.814526395744
5000.000000000000	-14.816914470547	-1.813479815751
5000.000000000000	-14.735889431261	-1.811280460323
5000.000000000000	-14.640321848192	-1.807936648933
5000.000000000000	-14.530306035006	-1.803447863122
5000.000000000000	-14.405950564029	-1.797807174506
5000.000000000000	-14.267378159097	-1.791006905476
5000.000000000000	-14.114725574443	-1.783043993248
5000.000000000000	-13.948143459738	-1.773921675932
5000.000000000000	-13.767796211419	-1.763646436676
5000.000000000000	-13.573861810445	-1.752222178048
5000.000000000000	-13.366531646656	-1.739645400305
5000.000000000000	-13.146010329893	-1.725904522652
5000.000000000000	-12.912515488072	-1.710983772051
5000.000000000000	-12.666277552410	-1.694869002264
5000.000000000000	-12.407539530023	-1.677551420961
5000.000000000000	-12.136556764100	-1.659026490798
5000.000000000000	-11.853596681915	-1.639288492832
5000.000000000000	-11.558938530907	-1.618324322573
5000.000000000000	-11.252873103096	-1.596110919194
5000.000000000000	-10.935702448109	-1.572618563349
5000.000000000000	-10.607739575089	-1.547818339067
5000.000000000000	-10.269308143796	-1.521688867940
5000.000000000000	-9.920742145193	-1.494217253128
5000.000000000000	-9.562385571839	-1.465392484028
5000.000000000000	-9.194592078407	-1.435194530012
5000.000000000000	-8.817724632670	-1.403585846857
5000.000000000000	-8.432155157297	-1.370511483386
5000.000000000000	-8.038264162810	-1.335909196679
5000.000000000000	-7.636440372066	-1.299724505613
5000.000000000000	-7.227080336633	-1.261921426997
5000.000000000000	-6.810588045444	-1.222480802117
5000.000000000000	-6.387374526106	-1.181384680342
5000.000000000000	-5.957857439269	-1.138593792553
5000.000000000000	-5.522460666439	-1.094030576483
5000.000000000000	-5.081613891667	-1.047578590815
5000.000000000000	-4.635752177494	-0.999100392578
5000.000000000000	-4.185315535603	-0.948464402959
5000.000000000000	-3.730748492577	-0.895563721519
5000.000000000000	-3.272499651209	-0.840311729299
5000.000000000000	-2.811021247778	-0.782611349047
5000.000000000000	-2.346768705754	-0.722311826275
5000.000000000000	-1.880200186347	-0.659179913509
5000.000000000000	-1.411776136355	-0.592913182206
5000.000000000000	-0.941958833762	-0.523209027581
5000.000000000000	-0.471211931524	-0.449878531915
5000.000000000000	-0.000000000000	-0.372970429646
5000.000000000000	0.000000000000	-0.368846911007
5000.000000000000	0.471252126742	-0.290760937520
5000.000000000000	0.942039184530	-0.210186293185
5000.000000000000	1.411896563377	-0.128099112031
5000.000000000000	1.880360570776	-0.045587318451
5000.000000000000	2.346968889310	0.036325985878
5000.000000000000	2.811261032903	0.116828379932
5000.000000000000	3.272778801265	0.195391314318
5000.000000000000	3.731066732077	0.271758267052
5000.000000000000	4.185672550482	0.345867410301
5000.000000000000	4.636147615422	0.417748988284
5000.000000000000	5.082047362394	0.487439370959
5000.000000000000	5.522931742182	0.554938113753
5000.000000000000	5.958365655133	0.620210493804
5000.000000000000	6.387919380544	0.683217744581
5000.000000000000	6.811169000750	0.743949190154
5000.000000000000	7.227696819474	0.802436321711
5000.000000000000	7.637091774048	0.858743270896
5000.000000000000	8.038949841078	0.912942407661
5000.000000000000	8.432874435169	0.965090636448
5000.000000000000	8.818476800306	1.015219064034
5000.000000000000	9.195376393508	1.063339252856
5000.000000000000	9.563201260382	1.109459509148
5000.000000000000	9.921588402191	1.153600108320
5000.000000000000	10.270184134094	1.195798866686
5000.000000000000	10.608644434192	1.236105603820
5000.000000000000	10.936635283030	1.274571002609
5000.000000000000	11.253832993240	1.311238028332
5000.000000000000	11.559924528977	1.346141298048
5000.000000000000	11.854607814851	1.379313872062
5000.000000000000	12.137592034036	1.410795871387
5000.000000000000	12.408597915272	1.440638273020
5000.000000000000	12.667358008474	1.468898646912
5000.000000000000	12.913616948670	1.495631093193
5000.000000000000	13.147131708018	1.520876618948
5000.000000000000	13.367671835643	1.544660131375
5000.000000000000	13.575019685064	1.566996190578
5000.000000000000	13.768970628988	1.587900220314
5000.000000000000	13.949333261250	1.607398428162
5000.000000000000	14.115929585706	1.625530379611
5000.000000000000	14.268595191897	1.642342579168
5000.000000000000	14.407179417303	1.657876837504
5000.000000000000	14.531545496024	1.672160346704
5000.000000000000	14.641570693754	1.685203355986
5000.000000000000	14.737146428909	1.697005787926
5000.000000000000	14.818178379775	1.707568827666
5000.000000000000	14.884586577601	1.716904644325
5000.000000000000	14.936305485512	1.725038650074
5000.000000000000	14.973284063192	1.732003255205
5000.000000000000	14.995485817247	1.737827150968
5000.000000000000	15.002888837228	1.742526692193
5000.000000000000	14.995485817247	1.746104480510
5000.000000000000	14.973284063192	1.748555730888
5000.000000000000	14.936305485512	1.749878230019
5000.000000000000	14.884586577601	1.750079568629
5000.000000000000	14.818178379775	1.749177109488
5000.000000000000	14.737146428909	1.747190707071
5000.000000000000	14.641570693754	1.744132714072
5000.000000000000	14.531545496024	1.740001528811
5000.000000000000	14.407179417303	1.734782815322
5000.000000000000	14.268595191897	1.728457868979
5000.000000000000	14.115929585706	1.721014246735
5000.000000000000	13.949333261250	1.712452375050
5000.000000000000	13.768970628988	1.702784229767
5000.000000000000	13.575019685064	1.692024888553
5000.000000000000	13.367671835643	1.680181930520
5000.000000000000	13.147131708018	1.667248794532
5000.000000000000	12.913616948670	1.653205677801
5000.000000000000	12.667358008474	1.638026968345
5000.000000000000	12.408597915272	1.621690395462
5000.000000000000	12.137592034036	1.604182356539
5000.000000000000	11.854607814851	1.585496589239
5000.000000000000	11.559924528977	1.565627706718
5000.000000000000	11.253832993240	1.544564295677
5000.000000000000	10.936635283030	1.522286265352
5000.000000000000	10.608644434192	1.498767979009
5000.000000000000	10.270184134094	1.473984511518
5000.000000000000	9.921588402191	1.447915991854
5000.000000000000	9.563201260382	1.420546116723
5000.000000000000	9.195376393508	1.391854964639
5000.000000000000	8.818476800306	1.361810575520
5000.000000000000	8.432874435169	1.330365367364
5000.000000000000	8.038949841078	1.297460914511
5000.000000000000	7.637091774048	1.263039178413
5000.000000000000	7.227696819474	1.227053332791
5000.000000000000	6.811169000750	1.189470313576
5000.000000000000	6.387919380544	1.150261407153
5000.000000000000	5.958365655133	1.109384537153
5000.000000000000	5.522931742182	1.066768012239
5000.000000000000	5.082047362394	1.022306116599
5000.000000000000	4.636147615422	0.975870748199
5000.000000000000	4.185672550482	0.927333214274
5000.000000000000	3.731066732077	0.876582160698
5000.000000000000	3.272778801265	0.823523125150
5000.000000000000	2.811261032903	0.768054324315
5000.000000000000	2.346968889310	0.710028469212
5000.000000000000	1.880360570776	0.649223821124
5000.000000000000	1.411896563377	0.585351100017
5000.000000000000	0.942039184530	0.518112158677
5000.000000000000	0.471252126742	0.447304471579
5000.000000000000	0.000000000000	0.372941738018
5000.000000000000	-0.471252126742	0.295346770152
5000.000000000000	-0.942039184530	0.215176393600
5000.000000000000	-1.411896563377	0.133359612210
5000.000000000000	-1.880360570776	0.050961581801
5000.000000000000	-2.346968889310	-0.030986185241
5000.000000000000	-2.811261032903	-0.111636602470
5000.000000000000	-3.272778801265	-0.190414476482
5000.000000000000	-3.731066732077	-0.267021727773
5000.000000000000	-4.185672550482	-0.341372413500
5000.000000000000	-4.636147615422	-0.413492938684
5000.000000000000	-5.082047362394	-0.483429459520
5000.000000000000	-5.522931742182	-0.551193361762
5000.000000000000	-5.958365655133	-0.616753763546
5000.000000000000	-6.387919380544	-0.680064248032
5000.000000000000	-6.811169000750	-0.741099065153
5000.000000000000	-7.227696819474	-0.799875695254
5000.000000000000	-7.637091774048	-0.856452887907
5000.000000000000	-8.038949841078	-0.910908443554
5000.000000000000	-8.432874435169	-0.963311180178
5000.000000000000	-8.818476800306	-1.013702463088
5000.000000000000	-9.195376393508	-1.062095398507
5000.000000000000	-9.563201260382	-1.108489361112
5000.000000000000	-9.921588402191	-1.152889880639
5000.000000000000	-10.270184134094	-1.195322664118
5000.000000000000	-10.608644434192	-1.235835390344
5000.000000000000	-10.936635283030	-1.274488387669
5000.000000000000	-11.253832993240	-1.311341006604
5000.000000000000	-11.559924528977	-1.346441630038
5000.000000000000	-11.854607814851	-1.379825918795
5000.000000000000	-12.137592034036	-1.411522592181
5000.000000000000	-12.408597915272	-1.441562011845
5000.000000000000	-12.667358008474	-1.469982102069
5000.000000000000	-12.913616948670	-1.496828577612
5000.000000000000	-13.147131708018	-1.522150171994
5000.000000000000	-13.367671835643	-1.545992246996
5000.000000000000	-13.575019685064	-1.568392467607
5000.000000000000	-13.768970628988	-1.589380395763
5000.000000000000	-13.949333261250	-1.608980342588
5000.000000000000	-14.115929585706	-1.627215218728
5000.000000000000	-14.268595191897	-1.644109188347
5000.000000000000	-14.407179417303	-1.659688251148
5000.000000000000	-14.531545496024	-1.673979326858
5000.000000000000	-14.641570693754	-1.687009017885
5000.000000000000	-14.737146428909	-1.698802779165
5000.000000000000	-14.818178379775	-1.709384337988
5000.000000000000	-14.884586577601	-1.718774748348
5000.000000000000	-14.936305485512	-1.726990866407
5000.000000000000	-14.973284063192	-1.734043957889
5000.000000000000	-14.995485817247	-1.739939746790
5000.000000000000	-15.002888837228	-1.744680794599
5000.000000000000	-14.995485817247	-1.748270707806
5000.000000000000	-14.973284063192	-1.750718165221
5000.000000000000	-14.936305485512	-1.752038264090
5000.000000000000	-14.884586577601	-1.752249804126
5000.000000000000	-14.818178379775	-1.751369413131
5000.000000000000	-14.737146428909	-1.749405533214
5000.000000000000	-14.641570693754	-1.746355809022
5000.000000000000	-14.531545496024	-1.742209785818
5000.000000000000	-14.407179417303	-1.736955809946
5000.000000000000	-14.268595191897	-1.730588381375
5000.000000000000	-14.115929585706	-1.723111635021
5000.000000000000	-13.949333261250	-1.714536669624
5000.000000000000	-13.768970628988	-1.704874040940
5000.000000000000	-13.575019685064	-1.694125764192
5000.000000000000	-13.367671835643	-1.682281697299
5000.000000000000	-13.147131708018	-1.669322699289
5000.000000000000	-12.913616948670	-1.655228828883
5000.000000000000	-12.667358008474	-1.639987554035
5000.000000000000	-12.408597915272	-1.623596621162
5000.000000000000	-12.137592034036	-1.606059294902
5000.000000000000	-11.854607814851	-1.587374426801
5000.000000000000	-11.559924528977	-1.567527350371
5000.000000000000	-11.253832993240	-1.546487579400
5000.000000000000	-10.936635283030	-1.524215424875
5000.000000000000	-10.608644434192	-1.500674075953
5000.000000000000	-10.270184134094	-1.475839810495
5000.000000000000	-9.921588402191	-1.449703440000
5000.000000000000	-9.563201260382	-1.422260988509
5000.000000000000	-9.195376393508	-1.393498289480
5000.000000000000	-8.818476800306	-1.363378605551
5000.000000000000	-8.432874435169	-1.331841499685
5000.000000000000	-8.038949841078	-1.298814991485
5000.000000000000	-7.637091774048	-1.264234822517
5000.000000000000	-7.227696819474	-1.228059341509
5000.000000000000	-6.811169000750	-1.190269751009
5000.000000000000	-6.387919380544	-1.150853228536
5000.000000000000	-5.958365655133	-1.109776703154
5000.000000000000	-5.522931742182	-1.066965778176
5000.000000000000	-5.082047362394	-1.022301847649
5000.000000000000	-4.636147615422	-0.975640689226
5000.000000000000	-4.185672550482	-0.926842625781
5000.000000000000	-3.731066732077	-0.875795387974
5000.000000000000	-3.272778801265	-0.822412288535
5000.000000000000	-2.811261032903	-0.766601150479
5000.000000000000	-2.346968889310	-0.708218000946
5000.000000000000	-1.880360570776	-0.647034056652
5000.000000000000	-1.411896563377	-0.582745978929
5000.000000000000	-0.942039184530	-0.515044607887
5000.000000000000	-0.471252126742	-0.443731479406
5000.000000000000	-0.000000000000	-0.368846911007
5000.000000000000	0.000000000000	-0.365739693362
5000.000000000000	0.471205489076	-0.289533071017
5000.000000000000	0.941945955223	-0.210846841772
5000.000000000000	1.411756834435	-0.130637174151
5000.000000000000	1.880174480095	-0.049977593495
5000.000000000000	2.346736620539	0.030112952479
5000.000000000000	2.810982815264	0.108816291419
5000.000000000000	3.272454909324	0.185593074198
5000.000000000000	3.730697485476	0.260177603658
5000.000000000000	4.185258313624	0.332505563738
5000.000000000000	4.635688797108	0.402612482426
5000.000000000000	5.081544415423	0.470544742635
5000.000000000000	5.522385162902	0.536311481506
5000.000000000000	5.957775982951	0.599882827257
5000.000000000000	6.387287197395	0.661218989477
5000.000000000000	6.810494930523	0.720304803128
5000.000000000000	7.226981527395	0.777168143184
5000.000000000000	7.636335966023	0.831874003339
5000.000000000000	8.038154263000	0.884500804775
5000.000000000000	8.432039872176	0.935114067765
5000.000000000000	8.817604076012	0.983751634386
5000.000000000000	9.194466369186	1.030426256389
5000.000000000000	9.562254834116	1.075141200819
5000.000000000000	9.920606507989	1.117908318229
5000.000000000000	10.269167740968	1.158758526315
5000.000000000000	10.607594545199	1.197740580220
5000.000000000000	10.935552934284	1.234911220930
5000.000000000000	11.252719252888	1.270324057756
5000.000000000000	11.558780496146	1.304023859985
5000.000000000000	11.853434618564	1.336048432200
5000.000000000000	12.136390832095	1.366435136267
5000.000000000000	12.407369893120	1.395226569645
5000.000000000000	12.666104378019	1.422471170208
5000.000000000000	12.912338947095	1.448218383460
5000.000000000000	13.145830596556	1.472511800365
5000.000000000000	13.366348898334	1.495384950146
5000.000000000000	13.573676227487	1.516862563312
5000.000000000000	13.767607976974	1.536966484294
5000.000000000000	13.947952759571	1.555722422773
5000.000000000000	14.114532596751	1.573163266097
5000.000000000000	14.267183094326	1.589326930063
5000.000000000000	14.405753604685	1.604250179460
5000.000000000000	14.530107375464	1.617962293085
5000.000000000000	14.640121684505	1.630482395095
5000.000000000000	14.735687960966	1.641821863624
5000.000000000000	14.816711892471	1.651990065966
5000.000000000000	14.883113518181	1.660999766236
5000.000000000000	14.934827307709	1.668869036513
5000.000000000000	14.971802225788	1.675618947042
5000.000000000000	14.994001782637	1.681269055626
5000.000000000000	15.001404069975	1.685833972495
5000.000000000000	14.994001782637	1.689323283002
5000.000000000000	14.971802225788	1.691744601969
5000.000000000000	14.934827307709	1.693107237860
5000.000000000000	14.883113518181	1.693423436032
5000.000000000000	14.816711892471	1.692705825856
5000.000000000000	14.735687960966	1.690962435041
5000.000000000000	14.640121684505	1.688192607880
5000.000000000000	14.530107375464	1.684386967163
5000.000000000000	14.405753604685	1.679532179651
5000.000000000000	14.267183094326	1.673618166947
5000.000000000000	14.114532596751	1.666643562946
5000.000000000000	13.947952759571	1.658615949433
5000.000000000000	13.767607976974	1.649546396725
5000.000000000000	13.573676227487	1.639441311029
5000.000000000000	13.366348898334	1.628296358435
5000.000000000000	13.145830596556	1.616096095276
5000.000000000000	12.912338947095	1.602819483501
5000.000000000000	12.666104378019	1.588447804838
5000.000000000000	12.407369893120	1.572969932660
5000.000000000000	12.136390832095	1.556381548773
5000.000000000000	11.853434618564	1.538678779107
5000.000000000000	11.558780496146	1.519850439801
5000.000000000000	11.252719252888	1.499874190031
5000.000000000000	10.935552934284	1.478719500872
5000.000000000000	10.607594545199	1.456355824043
5000.000000000000	10.269167740968	1.432760538494
5000.000000000000	9.920606507989	1.407920777842
5000.000000000000	9.562254834116	1.381826740194
5000.000000000000	9.194466369186	1.354459636877
5000.000000000000	8.817604076012	1.325781580331
5000.000000000000	8.432039872176	1.295734522692
5000.000000000000	8.038154263000	1.264250406243
5000.000000000000	7.636335966023	1.231267585063
5000.000000000000	7.226981527395	1.196743642758
5000.000000000000	6.810494930523	1.160655439397
5000.000000000000	6.387287197395	1.122983900794
5000.000000000000	5.957775982951	1.083690307985
5000.000000000000	5.522385162902	1.042697176166
5000.000000000000	5.081544415423	0.999885825105
5000.000000000000	4.635688797108	0.955113966058
5000.000000000000	4.185258313624	0.908244345311
5000.000000000000	3.730697485476	0.859166778483
5000.000000000000	3.272454909324	0.807796810241
5000.000000000000	2.810982815264	0.754045983643
5000.000000000000	2.346736620539	0.697776355670
5000.000000000000	1.880174480095	0.638766287801
5000.000000000000	1.411756834435	0.576716878850
5000.000000000000	0.941945955223	0.511315166163
5000.000000000000	0.471205489076	0.442345689943
5000.000000000000	0.000000000000	0.369816907266
5000.000000000000	-0.471205489076	0.294055498551
5000.000000000000	-0.941945955223	0.215727533696
5000.000000000000	-1.411756834435	0.135769770184
5000.000000000000	-1.880174480095	0.055247349832
5000.000000000000	-2.346736620539	-0.024818256957
5000.000000000000	-2.810982815264	-0.103596984569
5000.000000000000	-3.272454909324	-0.180530817619
5000.000000000000	-3.730697485476	-0.255331963779
5000.000000000000	-4.185258313624	-0.327914265022
5000.000000000000	-4.635688797108	-0.398295067022
5000.000000000000	-5.081544415423	-0.466508596520
5000.000000000000	-5.522385162902	-0.532558526326
5000.000000000000	-5.957775982951	-0.596414956498
5000.000000000000	-6.387287197395	-0.658040765224
5000.000000000000	-6.810494930523	-0.717422957565
5000.000000000000	-7.226981527395	-0.774588672186
5000.000000000000	-7.636335966023	-0.829598567622
5000.000000000000	-8.038154263000	-0.882524339176
5000.000000000000	-8.432039872176	-0.933424841828
5000.000000000000	-8.817604076012	-0.982333806028
5000.000000000000	-9.194466369186	-1.029263778588
5000.000000000000	-9.562254834116	-1.074221333170
5000.000000000000	-9.920606507989	-1.117223231326
5000.000000000000	-10.269167740968	-1.158304422170
5000.000000000000	-10.607594545199	-1.197514906061
5000.000000000000	-10.935552934284	-1.234909361274
5000.000000000000	-11.252719252888	-1.270536986970
5000.000000000000	-11.558780496146	-1.304437636860
5000.000000000000	-11.853434618564	-1.336645479241
5000.000000000000	-12.136390832095	-1.367196469447
5000.000000000000	-12.407369893120	-1.396133897706
5000.000000000000	-12.666104378019	-1.423508117615
5000.000000000000	-12.912338947095	-1.449370739589
5000.000000000000	-13.145830596556	-1.473767245670
5000.000000000000	-13.366348898334	-1.496732846526
5000.000000000000	-13.573676227487	-1.518294088630
5000.000000000000	-13.767607976974	-1.538474893949
5000.000000000000	-13.947952759571	-1.557302908391
5000.000000000000	-14.114532596751	-1.574812007750
5000.000000000000	-14.267183094326	-1.591039469394
5000.000000000000	-14.405753604685	-1.606019856376
5000.000000000000	-14.530107375464	-1.619779764073
5000.000000000000	-14.640121684505	-1.632336919266
5000.000000000000	-14.735687960966	-1.643704179602
5000.000000000000	-14.816711892471	-1.653895706419
5000.000000000000	-14.883113518181	-1.662931120459
5000.000000000000	-14.934827307709	-1.670834758374
5000.000000000000	-14.971802225788	-1.677630390742
5000.000000000000	-14.994001782637	-1.683334840218
5000.000000000000	-15.001404069975	-1.687954832345
5000.000000000000	-14.994001782637	-1.691489480392
5000.000000000000	-14.971802225788	-1.693937218173
5000.000000000000	-14.934827307709	-1.695303015096
5000.000000000000	-14.883113518181	-1.695601273934
5000.000000000000	-14.816711892471	-1.694852297066
5000.000000000000	-14.735687960966	-1.693074143739
5000.000000000000	-14.640121684505	-1.690274660773
5000.000000000000	-14.530107375464	-1.686448563769
5000.000000000000	-14.405753604685	-1.681581524374
5000.000000000000	-14.267183094326	-1.675659005143
5000.000000000000	-14.114532596751	-1.668674647193
5000.000000000000	-13.947952759571	-1.660633195503
5000.000000000000	-13.767607976974	-1.651546192860
5000.000000000000	-13.573676227487	-1.641423039464
5000.000000000000	-13.366348898334	-1.630262827809
5000.000000000000	-13.145830596556	-1.618051865733
5000.000000000000	-12.912338947095	-1.604768265351
5000.000000000000	-12.666104378019	-1.590390569239
5000.000000000000	-12.407369893120	-1.574904856038
5000.000000000000	-12.136390832095	-1.558305735091
5000.000000000000	-11.853434618564	-1.540590549408
5000.000000000000	-11.558780496146	-1.521750522699
5000.000000000000	-11.252719252888	-1.501764681227
5000.000000000000	-10.935552934284	-1.480600721200
5000.000000000000	-10.607594545199	-1.458222508510
5000.000000000000	-10.269167740968	-1.434599392384
5000.000000000000	-9.920606507989	-1.409710951311
5000.000000000000	-9.562254834116	-1.383543390499
5000.000000000000	-9.194466369186	-1.356079158052
5000.000000000000	-8.817604076012	-1.327286122993
5000.000000000000	-8.432039872176	-1.297113646082
5000.000000000000	-8.038154263000	-1.265499049308
5000.000000000000	-7.636335966023	-1.232381369288
5000.000000000000	-7.226981527395	-1.197713904444
5000.000000000000	-6.810494930523	-1.161466600594
5000.000000000000	-6.387287197395	-1.123614666487
5000.000000000000	-5.957775982951	-1.084118234504
5000.000000000000	-5.522385162902	-1.042904336327
5000.000000000000	-5.081544415423	-0.999862514045
5000.000000000000	-4.635688797108	-0.954858081263
5000.000000000000	-4.185258313624	-0.907755967581
5000.000000000000	-3.730697485476	-0.858439733343
5000.000000000000	-3.272454909324	-0.806810580247
5000.000000000000	-2.810982815264	-0.752761551458
5000.000000000000	-2.346736620539	-0.696138290756
5000.000000000000	-1.880174480095	-0.636711195902
5000.000000000000	-1.411756834435	-0.574186128945
5000.000000000000	-0.941945955223	-0.508268448572
5000.000000000000	-0.471205489076	-0.438771870382
5000.000000000000	-0.000000000000	-0.365739693362
5000.000000000000	0.000000000000	-0.362923537578
5000.000000000000	0.471176925115	-0.288350043804
5000.000000000000	0.941888855491	-0.211297624164
5000.000000000000	1.411671255282	-0.132729799297
5000.000000000000	1.880060505977	-0.053722723018
5000.000000000000	2.346594363935	0.024709743592
5000.000000000000	2.810812416564	0.101761014603
5000.000000000000	3.272256536691	0.176905047001
5000.000000000000	3.730471334680	0.249885382594
5000.000000000000	4.185004607848	0.320639180860
5000.000000000000	4.635407786730	0.389196048297
5000.000000000000	5.081236377765	0.455593267108
5000.000000000000	5.522050401961	0.519833485120
5000.000000000000	5.957414829095	0.581887197405
5000.000000000000	6.386900007040	0.641722255092
5000.000000000000	6.810082085778	0.699334785811
5000.000000000000	7.226543435689	0.754761906991
5000.000000000000	7.635873059700	0.808071112810
5000.000000000000	8.037666998891	0.859335451211
5000.000000000000	8.431528731153	0.908610267515
5000.000000000000	8.817069562509	0.955924095929
5000.000000000000	9.193909010704	1.001286519702
5000.000000000000	9.561675180699	1.044705877438
5000.000000000000	9.920005131687	1.086205183377
5000.000000000000	10.268545235266	1.125827396130
5000.000000000000	10.606951524434	1.163628693303
5000.000000000000	10.934890033040	1.199665725692
5000.000000000000	11.252037125370	1.233985642087
5000.000000000000	11.558079815531	1.266624802541
5000.000000000000	11.852716076338	1.297615853607
5000.000000000000	12.135655137374	1.326997371497
5000.000000000000	12.406617771944	1.354818933443
5000.000000000000	12.665336572643	1.381137831129
5000.000000000000	12.911556215249	1.406009326462
5000.000000000000	13.145033710702	1.429476669046
5000.000000000000	13.365538644901	1.451567347136
5000.000000000000	13.572853406099	1.472298151223
5000.000000000000	13.766773399656	1.491686094158
5000.000000000000	13.947107249949	1.509758525234
5000.000000000000	14.113676989242	1.526556185342
5000.000000000000	14.266318233311	1.542127204019
5000.000000000000	14.404880343678	1.556515517914
5000.000000000000	14.529226576267	1.569750559492
5000.000000000000	14.639234216361	1.581844307305
5000.000000000000	14.734794699699	1.592797402186
5000.000000000000	14.815813719622	1.602610688895
5000.000000000000	14.882211320138	1.611295442832
5000.000000000000	14.933921974833	1.618876488273
5000.000000000000	14.970894651533	1.625386755399
5000.000000000000	14.993092862669	1.630856890764
5000.000000000000	15.000494701289	1.635306289607
5000.000000000000	14.993092862669	1.638740777673
5000.000000000000	14.970894651533	1.641157932439
5000.000000000000	14.933921974833	1.642556342185
5000.000000000000	14.882211320138	1.642942811198
5000.000000000000	14.815813719622	1.642332965610
5000.000000000000	14.734794699699	1.640744931991
5000.000000000000	14.639234216361	1.638190113240
5000.000000000000	14.529226576267	1.634666898068
5000.000000000000	14.404880343678	1.630161329932
5000.000000000000	14.266318233311	1.624654479146
5000.000000000000	14.113676989242	1.618132159197
5000.000000000000	13.947107249949	1.610591216365
5000.000000000000	13.766773399656	1.602038735949
5000.000000000000	13.572853406099	1.592484813821
5000.000000000000	13.365538644901	1.581933376487
5000.000000000000	13.145033710702	1.570376557874
5000.000000000000	12.911556215249	1.557795780613
5000.000000000000	12.665336572643	1.544168467350
5000.000000000000	12.406617771944	1.529475881119
5000.000000000000	12.135655137374	1.513707086145
5000.000000000000	11.852716076338	1.496856691923
5000.000000000000	11.558079815531	1.478918135540
5000.000000000000	11.252037125370	1.459877112640
5000.000000000000	10.934890033040	1.439709530955
5000.000000000000	10.606951524434	1.418385185551
5000.000000000000	10.268545235266	1.395874338150
5000.000000000000	9.920005131687	1.372152234165
5000.000000000000	9.561675180699	1.347197861615
5000.000000000000	9.193909010704	1.320987251658
5000.000000000000	8.817069562509	1.293485740768
5000.000000000000	8.431528731153	1.264644971125
5000.000000000000	8.037666998891	1.234407745318
5000.000000000000	7.635873059700	1.202718547199
5000.000000000000	7.226543435689	1.169532935600
5000.000000000000	6.810082085778	1.134818403457
5000.000000000000	6.386900007040	1.098543713014
5000.000000000000	5.957414829095	1.060660982990
5000.000000000000	5.522050401961	1.021090506628
5000.000000000000	5.081236377765	0.979718348921
5000.000000000000	4.635407786730	0.936410154372
5000.000000000000	4.185004607848	0.891034393643
5000.000000000000	3.730471334680	0.843480438617
5000.000000000000	3.272256536691	0.793656934700
5000.000000000000	2.810812416564	0.741465629054
5000.000000000000	2.346594363935	0.686761296272
5000.000000000000	1.880060505977	0.629321710033
5000.000000000000	1.411671255282	0.568854554791
5000.000000000000	0.941888855491	0.505056917985
5000.000000000000	0.471176925115	0.437720772417
5000.000000000000	0.000000000000	0.366854115894
5000.000000000000	-0.471176925115	0.292773669307
5000.000000000000	-0.941888855491	0.216129099623
5000.000000000000	-1.411671255282	0.137840620431
5000.000000000000	-1.880060505977	0.058963119160
5000.000000000000	-2.346594363935	-0.019482535216
5000.000000000000	-2.810812416564	-0.096658543398
5000.000000000000	-3.272256536691	-0.171996034992
5000.000000000000	-3.730471334680	-0.245199612113
5000.000000000000	-4.185004607848	-0.316183054967
5000.000000000000	-4.635407786730	-0.384971367715
5000.000000000000	-5.081236377765	-0.451610383098
5000.000000000000	-5.522050401961	-0.516113810406
5000.000000000000	-5.957414829095	-0.578455952326
5000.000000000000	-6.386900007040	-0.638597210456
5000.000000000000	-6.810082085778	-0.696518221757
5000.000000000000	-7.226543435689	-0.752240517675
5000.000000000000	-7.635873059700	-0.805823724877
5000.000000000000	-8.037666998891	-0.857343949200
5000.000000000000	-8.431528731153	-0.906867459629
5000.000000000000	-8.817069562509	-0.954434208097
5000.000000000000	-9.193909010704	-1.000058358154
5000.000000000000	-9.561675180699	-1.043742934786
5000.000000000000	-9.920005131687	-1.085498680133
5000.000000000000	-10.268545235266	-1.125356493474
5000.000000000000	-10.606951524434	-1.163367893145
5000.000000000000	-10.934890033040	-1.199595193645
5000.000000000000	-11.252037125370	-1.234098301424
5000.000000000000	-11.558079815531	-1.266925682431
5000.000000000000	-11.852716076338	-1.298113492200
5000.000000000000	-12.135655137374	-1.327691703393
5000.000000000000	-12.406617771944	-1.355692425732
5000.000000000000	-12.665336572643	-1.382155274067
5000.000000000000	-12.911556215249	-1.407127243313
5000.000000000000	-13.145033710702	-1.430658112473
5000.000000000000	-13.365538644901	-1.452794707665
5000.000000000000	-13.572853406099	-1.473577289892
5000.000000000000	-13.766773399656	-1.493039378275
5000.000000000000	-13.947107249949	-1.511210017515
5000.000000000000	-14.113676989242	-1.528116343077
5000.000000000000	-14.266318233311	-1.543784797413
5000.000000000000	-14.404880343678	-1.558240841720
5000.000000000000	-14.529226576267	-1.571508253092
5000.000000000000	-14.639234216361	-1.583609204176
5000.000000000000	-14.734794699699	-1.594565340679
5000.000000000000	-14.815813719622	-1.604398886704
5000.000000000000	-14.882211320138	-1.613132443676
5000.000000000000	-14.933921974833	-1.620786990474
5000.000000000000	-14.970894651533	-1.627379076551
5000.000000000000	-14.993092862669	-1.632919195450
5000.000000000000	-15.000494701289	-1.637412950419
5000.000000000000	-14.993092862669	-1.640864925367
5000.000000000000	-14.970894651533	-1.643283193737
5000.000000000000	-14.933921974833	-1.644681524566
5000.000000000000	-14.882211320138	-1.645077371020
5000.000000000000	-14.815813719622	-1.644486226308
5000.000000000000	-14.734794699699	-1.642915418153
5000.000000000000	-14.639234216361	-1.640361227972
5000.000000000000	-14.529226576267	-1.636811622994
5000.000000000000	-14.404880343678	-1.632253635071
5000.000000000000	-14.266318233311	-1.626681414358
5000.000000000000	-14.113676989242	-1.620100159916
5000.000000000000	-13.947107249949	-1.612523204149
5000.000000000000	-13.766773399656	-1.603963457501
5000.000000000000	-13.572853406099	-1.594423911083
5000.000000000000	-13.365538644901	-1.583892756599
5000.000000000000	-13.145033710702	-1.572346204988
5000.000000000000	-12.911556215249	-1.559757583144
5000.000000000000	-12.665336572643	-1.546107415704
5000.000000000000	-12.406617771944	-1.531388381289
5000.000000000000	-12.135655137374	-1.515601941983
5000.000000000000	-11.852716076338	-1.498748476060
5000.000000000000	-11.558079815531	-1.480816875937
5000.000000000000	-11.252037125370	-1.461780168630
5000.000000000000	-10.934890033040	-1.441600193396
5000.000000000000	-10.606951524434	-1.420238702177
5000.000000000000	-10.268545235266	-1.397667890334
5000.000000000000	-9.920005131687	-1.373873191713
5000.000000000000	-9.561675180699	-1.348845622626
5000.000000000000	-9.193909010704	-1.322567573821
5000.000000000000	-8.817069562509	-1.295000683422
5000.000000000000	-8.431528731153	-1.266084059031
5000.000000000000	-8.037666998891	-1.235745359678
5000.000000000000	-7.635873059700	-1.203919184295
5000.000000000000	-7.226543435689	-1.170561704444
5000.000000000000	-6.810082085778	-1.135651304456
5000.000000000000	-6.386900007040	-1.099172385159
5000.000000000000	-5.957414829095	-1.061089611835
5000.000000000000	-5.522050401961	-1.021326757770
5000.000000000000	-5.081236377765	-0.979763215069
5000.000000000000	-4.635407786730	-0.936251832914
5000.000000000000	-4.185004607848	-0.890648692685
5000.000000000000	-3.730471334680	-0.842836309109
5000.000000000000	-3.272256536691	-0.792722844038
5000.000000000000	-2.810812416564	-0.740212347691
5000.000000000000	-2.346594363935	-0.685159400469
5000.000000000000	-1.880060505977	-0.627336140949
5000.000000000000	-1.411671255282	-0.566441487376
5000.000000000000	-0.941888855491	-0.502168061096
5000.000000000000	-0.471176925115	-0.434316766070
5000.000000000000	-0.000000000000	-0.362923537578
5000.000000000000	0.000000000000	-0.361513905749
5000.000000000000	0.471162949570	-0.288402387195
5000.000000000000	0.941860918194	-0.212817611941
5000.000000000000	1.411629383803	-0.135726393943
5000.000000000000	1.880004741638	-0.058205224990
5000.000000000000	2.346524761770	0.018736775665
5000.000000000000	2.810729045260	0.094302536790
5000.000000000000	3.272159478527	0.167977494353
5000.000000000000	3.730360685441	0.239514595215
5000.000000000000	4.184880476730	0.308855045609
5000.000000000000	4.635270296235	0.376026272528
5000.000000000000	5.081085663581	0.441059157984
5000.000000000000	5.521886612824	0.503949601288
5000.000000000000	5.957238126646	0.564664783410
5000.000000000000	6.386710565662	0.623174483138
5000.000000000000	6.809880092428	0.679480999724
5000.000000000000	7.226329089708	0.733628714174
5000.000000000000	7.635646572623	0.785689937216
5000.000000000000	8.037428594233	0.835738085147
5000.000000000000	8.431278644191	0.883825004052
5000.000000000000	8.816808040048	0.929974628576
5000.000000000000	9.193636310836	0.974194186808
5000.000000000000	9.561391572546	1.016493894462
5000.000000000000	9.919710895134	1.056902319642
5000.000000000000	10.268240660690	1.095468787063
5000.000000000000	10.606636912414	1.132253034524
5000.000000000000	10.934565694060	1.167310142086
5000.000000000000	11.251703379513	1.200680943877
5000.000000000000	11.557736992164	1.232393827159
5000.000000000000	11.852364513786	1.262476101493
5000.000000000000	12.135295182587	1.290966930388
5000.000000000000	12.406249780155	1.317922913487
5000.000000000000	12.664960907014	1.343412158719
5000.000000000000	12.911173246517	1.367500000559
5000.000000000000	13.144643816810	1.390234842083
5000.000000000000	13.365142210629	1.411642686612
5000.000000000000	13.572450822679	1.431733774828
5000.000000000000	13.766365064388	1.450517511033
5000.000000000000	13.946693565813	1.468016909289
5000.000000000000	14.113258364493	1.484274059656
5000.000000000000	14.265895081081	1.499343405862
5000.000000000000	14.404453081567	1.513276767426
5000.000000000000	14.528795625932	1.526108814506
5000.000000000000	14.638800003097	1.537851351831
5000.000000000000	14.734357652022	1.548499578892
5000.000000000000	14.815374268846	1.558046576404
5000.000000000000	14.881769899948	1.566497673530
5000.000000000000	14.933479020857	1.573876678887
5000.000000000000	14.970450600912	1.580220881739
5000.000000000000	14.992648153630	1.585568255666
5000.000000000000	15.000049772703	1.589944588479
5000.000000000000	14.992648153630	1.593357904282
5000.000000000000	14.970450600912	1.595802914373
5000.000000000000	14.933479020857	1.597272200121
5000.000000000000	14.881769899948	1.597766991337
5000.000000000000	14.815374268846	1.597300948976
5000.000000000000	14.734357652022	1.595894824702
5000.000000000000	14.638800003097	1.593565479647
5000.000000000000	14.528795625932	1.590316126745
5000.000000000000	14.404453081567	1.586133854035
5000.000000000000	14.265895081081	1.580996066238
5000.000000000000	14.113258364493	1.574882153424
5000.000000000000	13.946693565813	1.567783633839
5000.000000000000	13.766365064388	1.559706974816
5000.000000000000	13.572450822679	1.550667603582
5000.000000000000	13.365142210629	1.540678658585
5000.000000000000	13.144643816810	1.529740841652
5000.000000000000	12.911173246517	1.517838774564
5000.000000000000	12.664960907014	1.504945282253
5000.000000000000	12.406249780155	1.491030504305
5000.000000000000	12.135295182587	1.476070346523
5000.000000000000	11.852364513786	1.460049770436
5000.000000000000	11.557736992164	1.442959923036
5000.000000000000	11.251703379513	1.424791804956
5000.000000000000	10.934565694060	1.405530781856
5000.000000000000	10.606636912414	1.385154951142
5000.000000000000	10.268240660690	1.363637289602
5000.000000000000	9.919710895134	1.340948847950
5000.000000000000	9.561391572546	1.317059852759
5000.000000000000	9.193636310836	1.291937627242
5000.000000000000	8.816808040048	1.265543186418
5000.000000000000	8.431278644191	1.237829933329
5000.000000000000	8.037428594233	1.208746701032
5000.000000000000	7.635646572623	1.178244016739
5000.000000000000	7.226329089708	1.146279201767
5000.000000000000	6.809880092428	1.112815328188
5000.000000000000	6.386710565662	1.077812160756
5000.000000000000	5.957238126646	1.041212547439
5000.000000000000	5.521886612824	1.002931923764
5000.000000000000	5.081085663581	0.962858412815
5000.000000000000	4.635270296235	0.920865525802
5000.000000000000	4.184880476730	0.876831188966
5000.000000000000	3.730360685441	0.830650656464
5000.000000000000	3.272159478527	0.782231468670
5000.000000000000	2.810729045260	0.731467391327
5000.000000000000	2.346524761770	0.678201895142
5000.000000000000	1.880004741638	0.622203234459
5000.000000000000	1.411629383803	0.563175336351
5000.000000000000	0.941860918194	0.500818095054
5000.000000000000	0.471162949570	0.434930148309
5000.000000000000	0.000000000000	0.365525329956
5000.000000000000	-0.471162949570	0.292921239215
5000.000000000000	-0.941860918194	0.217762068051
5000.000000000000	-1.411629383803	0.140958194099
5000.000000000000	-1.880004741638	0.063554507272
5000.000000000000	-2.346524761770	-0.013434210214
5000.000000000000	-2.810729045260	-0.089170581697
5000.000000000000	-3.272159478527	-0.163081916743
5000.000000000000	-3.730360685441	-0.234868428455
5000.000000000000	-4.184880476730	-0.304442706642
5000.000000000000	-4.635270296235	-0.371833449380
5000.000000000000	-5.081085663581	-0.437093696520
5000.000000000000	-5.521886612824	-0.500244220796
5000.000000000000	-5.957238126646	-0.561262392559
5000.000000000000	-6.386710565662	-0.620105885487
5000.000000000000	-6.809880092428	-0.676748212519
5000.000000000000	-7.226329089708	-0.731203370319
5000.000000000000	-7.635646572623	-0.783527540960
5000.000000000000	-8.037428594233	-0.833800071890
5000.000000000000	-8.431278644191	-0.882096390181
5000.000000000000	-8.816808040048	-0.928467688843
5000.000000000000	-9.193636310836	-0.972936482837
5000.000000000000	-9.561391572546	-1.015507685633
5000.000000000000	-9.919710895134	-1.056187108377
5000.000000000000	-10.268240660690	-1.094996909112
5000.000000000000	-10.606636912414	-1.131980852445
5000.000000000000	-10.934565694060	-1.167198619342
5000.000000000000	-11.251703379513	-1.200714033290
5000.000000000000	-11.557736992164	-1.232584175872
5000.000000000000	-11.852364513786	-1.262854503598
5000.000000000000	-12.135295182587	-1.291560963317
5000.000000000000	-12.406249780155	-1.318736321689
5000.000000000000	-12.664960907014	-1.344416387198
5000.000000000000	-12.911173246517	-1.368642842280
5000.000000000000	-13.144643816810	-1.391461898316
5000.000000000000	-13.365142210629	-1.412920280192
5000.000000000000	-13.572450822679	-1.433060983061
5000.000000000000	-13.766365064388	-1.451920702395
5000.000000000000	-13.946693565813	-1.469529550655
5000.000000000000	-14.113258364493	-1.485912566446
5000.000000000000	-14.265895081081	-1.501092095110
5000.000000000000	-14.404453081567	-1.515090255686
5000.000000000000	-14.528795625932	-1.527930957773
5000.000000000000	-14.638800003097	-1.539640981238
5000.000000000000	-14.734357652022	-1.550249577581
5000.000000000000	-14.815374268846	-1.559786264463
5000.000000000000	-14.881769899948	-1.568277201037
5000.000000000000	-14.933479020857	-1.575741516964
5000.000000000000	-14.970450600912	-1.582189557251
5000.000000000000	-14.992648153630	-1.587624545843
5000.000000000000	-15.000049772703	-1.592047577166
5000.000000000000	-14.992648153630	-1.595463839802
5000.000000000000	-14.970450600912	-1.597886778547
5000.000000000000	-14.933479020857	-1.599337478340
5000.000000000000	-14.881769899948	-1.599838906229
5000.000000000000	-14.815374268846	-1.599407622615
5000.000000000000	-14.734357652022	-1.598047422718
5000.000000000000	-14.638800003097	-1.595748786754
5000.000000000000	-14.528795625932	-1.592495034751
5000.000000000000	-14.404453081567	-1.588272225316
5000.000000000000	-14.265895081081	-1.583077353444
5000.000000000000	-14.113258364493	-1.576919939745
5000.000000000000	-13.946693565813	-1.569815629417
5000.000000000000	-13.766365064388	-1.561775071746
5000.000000000000	-13.572450822679	-1.552794410591
5000.000000000000	-13.365142210629	-1.542853197977
5000.000000000000	-13.144643816810	-1.531921474217
5000.000000000000	-12.911173246517	-1.519972330100
5000.000000000000	-12.664960907014	-1.506992670707
5000.000000000000	-12.406249780155	-1.492985459350
5000.000000000000	-12.135295182587	-1.477961405159
5000.000000000000	-11.852364513786	-1.461924327269
5000.000000000000	-11.557736992164	-1.444858586190
5000.000000000000	-11.251703379513	-1.426726332009
5000.000000000000	-10.934565694060	-1.407476911300
5000.000000000000	-10.606636912414	-1.387063533845
5000.000000000000	-10.268240660690	-1.365457494797
5000.000000000000	-9.919710895134	-1.342650988686
5000.000000000000	-9.561391572546	-1.318645815700
5000.000000000000	-9.193636310836	-1.293433687343
5000.000000000000	-8.816808040048	-1.266979440380
5000.000000000000	-8.431278644191	-1.239217626313
5000.000000000000	-8.037428594233	-1.210065634334
5000.000000000000	-7.635646572623	-1.179446625015
5000.000000000000	-7.226329089708	-1.147308883248
5000.000000000000	-6.809880092428	-1.113629079285
5000.000000000000	-6.386710565662	-1.078395507597
5000.000000000000	-5.957238126646	-1.041579159553
5000.000000000000	-5.521886612824	-1.003108618992
5000.000000000000	-5.081085663581	-0.962863925587
5000.000000000000	-4.635270296235	-0.920694285650
5000.000000000000	-4.184880476730	-0.876450027973
5000.000000000000	-3.730360685441	-0.830008865330
5000.000000000000	-3.272159478527	-0.781277257724
5000.000000000000	-2.810729045260	-0.730160744708
5000.000000000000	-2.346524761770	-0.676516717977
5000.000000000000	-1.880004741638	-0.620118848120
5000.000000000000	-1.411629383803	-0.560664584480
5000.000000000000	-0.941860918194	-0.497842286461
5000.000000000000	-0.471162949570	-0.431447819635
5000.000000000000	-0.000000000000	-0.361513905749
5000.000000000000	0.000000000000	-0.358993512587
5000.000000000000	0.471259372276	-0.287314956780
5000.000000000000	0.942053668447	-0.213165356510
5000.000000000000	1.411918271383	-0.137493535735
5000.000000000000	1.880389481448	-0.061364530347
5000.000000000000	2.347004974117	0.014212957340
5000.000000000000	2.811304256234	0.088432269094
5000.000000000000	3.272829120463	0.160765269622
5000.000000000000	3.731124097483	0.230955193576
5000.000000000000	4.185736905484	0.298942961525
5000.000000000000	4.636218896508	0.364765562591
5000.000000000000	5.082125499220	0.428468434327
5000.000000000000	5.523016657636	0.490059557534
5000.000000000000	5.958457265413	0.549509659948
5000.000000000000	6.388017595242	0.606782105945
5000.000000000000	6.811273722939	0.661866747829
5000.000000000000	7.227807945807	0.714796621311
5000.000000000000	7.637209194857	0.765640287153
5000.000000000000	8.039073440482	0.814477392287
5000.000000000000	8.433004091191	0.861373038362
5000.000000000000	8.818612384990	0.906364790941
5000.000000000000	9.195517773050	0.949467159044
5000.000000000000	9.563348295256	0.990688114086
5000.000000000000	9.921740947291	1.030046507841
5000.000000000000	10.270342038878	1.067580595909
5000.000000000000	10.608807542826	1.103344521852
5000.000000000000	10.936803434546	1.137397057663
5000.000000000000	11.254006021692	1.169790736478
5000.000000000000	11.560102263608	1.200567974752
5000.000000000000	11.854790080257	1.229765439853
5000.000000000000	12.137778650344	1.257422435981
5000.000000000000	12.408788698314	1.283586834845
5000.000000000000	12.667552769970	1.308314172691
5000.000000000000	12.913815496415	1.331660326701
5000.000000000000	13.147333846068	1.353672480122
5000.000000000000	13.367877364512	1.374384198775
5000.000000000000	13.575228401921	1.393817801816
5000.000000000000	13.769182327854	1.411992601094
5000.000000000000	13.949547733203	1.428933937818
5000.000000000000	14.116146619089	1.444677495634
5000.000000000000	14.268814572525	1.459266311598
5000.000000000000	14.407400928673	1.472742356320
5000.000000000000	14.531768919530	1.485137769649
5000.000000000000	14.641795808906	1.496470915295
5000.000000000000	14.737373013544	1.506749416503
5000.000000000000	14.818406210282	1.515978169411
5000.000000000000	14.884815429138	1.524167540702
5000.000000000000	14.936535132231	1.531337144582
5000.000000000000	14.973514278459	1.537513493783
5000.000000000000	14.995716373868	1.542723534210
5000.000000000000	15.003119507671	1.546988305228
5000.000000000000	14.995716373868	1.550320444698
5000.000000000000	14.973514278459	1.552726474356
5000.000000000000	14.936535132231	1.554211639548
5000.000000000000	14.884815429138	1.554783576233
5000.000000000000	14.818406210282	1.554452137568
5000.000000000000	14.737373013544	1.553225551176
5000.000000000000	14.641795808906	1.551105769529
5000.000000000000	14.531768919530	1.548086607826
5000.000000000000	14.407400928673	1.544156515700
5000.000000000000	14.268814572525	1.539304716088
5000.000000000000	14.116146619089	1.533527007037
5000.000000000000	13.949547733203	1.526827411637
5000.000000000000	13.769182327854	1.519214256859
5000.000000000000	13.575228401921	1.510692715590
5000.000000000000	13.367877364512	1.501258172221
5000.000000000000	13.147333846068	1.490894433840
5000.000000000000	12.913815496415	1.479577926016
5000.000000000000	12.667552769970	1.467285335316
5000.000000000000	12.408788698314	1.454000002168
5000.000000000000	12.137778650344	1.439713137706
5000.000000000000	11.854790080257	1.424419212128
5000.000000000000	11.560102263608	1.408108592049
5000.000000000000	11.254006021692	1.390762282533
5000.000000000000	10.936803434546	1.372352233407
5000.000000000000	10.608807542826	1.352846908932
5000.000000000000	10.270342038878	1.332218106341
5000.000000000000	9.921740947291	1.310443859399
5000.000000000000	9.563348295256	1.287504645189
5000.000000000000	9.195517773050	1.263374691114
5000.000000000000	8.818612384990	1.238014016746
5000.000000000000	8.433004091191	1.211367208746
5000.000000000000	8.039073440482	1.183371121938
5000.000000000000	7.637209194857	1.153967748494
5000.000000000000	7.227807945807	1.123114118022
5000.000000000000	6.811273722939	1.090781465309
5000.000000000000	6.388017595242	1.056941532142
5000.000000000000	5.958457265413	1.021545899504
5000.000000000000	5.523016657636	0.984509836273
5000.000000000000	5.082125499220	0.945711278211
5000.000000000000	4.636218896508	0.905007669991
5000.000000000000	4.185736905484	0.862262302024
5000.000000000000	3.731124097483	0.817363895960
5000.000000000000	3.272829120463	0.770224118325
5000.000000000000	2.811304256234	0.720748665129
5000.000000000000	2.347004974117	0.668794050494
5000.000000000000	1.880389481448	0.614135730053
5000.000000000000	1.411918271383	0.556475404369
5000.000000000000	0.942053668447	0.495502841462
5000.000000000000	0.471259372276	0.431004241657
5000.000000000000	0.000000000000	0.362985109772
5000.000000000000	-0.471259372276	0.291762471476
5000.000000000000	-0.942053668447	0.217986587359
5000.000000000000	-1.411918271383	0.142575387076
5000.000000000000	-1.880389481448	0.066576599023
5000.000000000000	-2.347004974117	-0.009000485524
5000.000000000000	-2.811304256234	-0.083331140603
5000.000000000000	-3.272829120463	-0.155856996714
5000.000000000000	-3.731124097483	-0.226287372013
5000.000000000000	-4.185736905484	-0.294534266887
5000.000000000000	-4.636218896508	-0.360616622201
5000.000000000000	-5.082125499220	-0.424574017388
5000.000000000000	-5.523016657636	-0.486417706334
5000.000000000000	-5.958457265413	-0.546125297834
5000.000000000000	-6.388017595242	-0.603665324674
5000.000000000000	-6.811273722939	-0.659028140075
5000.000000000000	-7.227807945807	-0.712242765524
5000.000000000000	-7.637209194857	-0.763371658923
5000.000000000000	-8.039073440482	-0.812489200620
5000.000000000000	-8.433004091191	-0.859657802671
5000.000000000000	-8.818612384990	-0.904914756242
5000.000000000000	-9.195517773050	-0.948275151985
5000.000000000000	-9.563348295256	-0.989746723811
5000.000000000000	-9.921740947291	-1.029346677733
5000.000000000000	-10.270342038878	-1.067111082662
5000.000000000000	-10.608807542826	-1.103093004360
5000.000000000000	-10.936803434546	-1.137352402338
5000.000000000000	-11.254006021692	-1.169944878376
5000.000000000000	-11.560102263608	-1.200915776971
5000.000000000000	-11.854790080257	-1.230301916408
5000.000000000000	-12.137778650344	-1.258138350308
5000.000000000000	-12.408788698314	-1.284464980602
5000.000000000000	-12.667552769970	-1.309328771223
5000.000000000000	-12.913815496415	-1.332780699773
5000.000000000000	-13.147333846068	-1.354870023567
5000.000000000000	-13.367877364512	-1.375639777294
5000.000000000000	-13.575228401921	-1.395126070260
5000.000000000000	-13.769182327854	-1.413360891055
5000.000000000000	-13.949547733203	-1.430375793881
5000.000000000000	-14.116146619089	-1.446203547593
5000.000000000000	-14.268814572525	-1.460876617787
5000.000000000000	-14.407400928673	-1.474423857762
5000.000000000000	-14.531768919530	-1.486868210132
5000.000000000000	-14.641795808906	-1.498227564899
5000.000000000000	-14.737373013544	-1.508518634525
5000.000000000000	-14.818406210282	-1.517761381141
5000.000000000000	-14.884815429138	-1.525980817367
5000.000000000000	-14.936535132231	-1.533204495028
5000.000000000000	-14.973514278459	-1.539456803701
5000.000000000000	-14.995716373868	-1.544753495720
5000.000000000000	-15.003119507671	-1.549100054268
5000.000000000000	-14.995716373868	-1.552495348694
5000.000000000000	-14.973514278459	-1.554938742461
5000.000000000000	-14.936535132231	-1.556436489851
5000.000000000000	-14.884815429138	-1.557003429451
5000.000000000000	-14.818406210282	-1.556658684181
5000.000000000000	-14.737373013544	-1.555417729969
5000.000000000000	-14.641795808906	-1.553285546454
5000.000000000000	-14.531768919530	-1.550255085201
5000.000000000000	-14.407400928673	-1.546312169735
5000.000000000000	-14.268814572525	-1.541444023897
5000.000000000000	-14.116146619089	-1.535646319523
5000.000000000000	-13.949547733203	-1.528924424622
5000.000000000000	-13.769182327854	-1.521288018275
5000.000000000000	-13.575228401921	-1.512742322837
5000.000000000000	-13.367877364512	-1.503281353549
5000.000000000000	-13.147333846068	-1.492887400807
5000.000000000000	-12.913815496415	-1.481537091297
5000.000000000000	-12.667552769970	-1.469210183473
5000.000000000000	-12.408788698314	-1.455895388232
5000.000000000000	-12.137778650344	-1.441589240376
5000.000000000000	-11.854790080257	-1.426288416696
5000.000000000000	-11.560102263608	-1.409980214143
5000.000000000000	-11.254006021692	-1.392637380538
5000.000000000000	-10.936803434546	-1.374221014977
5000.000000000000	-10.608807542826	-1.354690184418
5000.000000000000	-10.270342038878	-1.334012350458
5000.000000000000	-9.921740947291	-1.312167657910
5000.000000000000	-9.563348295256	-1.289143555979
5000.000000000000	-9.195517773050	-1.264922258088
5000.000000000000	-8.818612384990	-1.239468518178
5000.000000000000	-8.433004091191	-1.212725790653
5000.000000000000	-8.039073440482	-1.184624232651
5000.000000000000	-7.637209194857	-1.155096629493
5000.000000000000	-7.227807945807	-1.124092614920
5000.000000000000	-6.811273722939	-1.091581355683
5000.000000000000	-6.388017595242	-1.057538937991
5000.000000000000	-5.958457265413	-1.021925916905
5000.000000000000	-5.523016657636	-0.984667404755
5000.000000000000	-5.082125499220	-0.945648007506
5000.000000000000	-4.636218896508	-0.904725980693
5000.000000000000	-4.185736905484	-0.861759082633
5000.000000000000	-3.731124097483	-0.816625685165
5000.000000000000	-3.272829120463	-0.769224903978
5000.000000000000	-2.811304256234	-0.719450385799
5000.000000000000	-2.347004974117	-0.667149343614
5000.000000000000	-1.880389481448	-0.612092536750
5000.000000000000	-1.411918271383	-0.553983395292
5000.000000000000	-0.942053668447	-0.492521726199
5000.000000000000	-0.471259372276	-0.427513487720
5000.000000000000	-0.000000000000	-0.358993512587
5000.000000000000	0.000000000000	-0.357482467844
5000.000000000000	0.471188164017	-0.287135046738
5000.000000000000	0.941911322203	-0.214321019634
5000.000000000000	1.411704927633	-0.139985946645
5000.000000000000	1.880105350736	-0.065191282639
5000.000000000000	2.346650336846	0.009058103509
5000.000000000000	2.810879462388	0.081959397013
5000.000000000000	3.272334589262	0.152987841353
5000.000000000000	3.730560316970	0.221889007452
5000.000000000000	4.185104432041	0.288604716831
5000.000000000000	4.635518354312	0.353171516647
5000.000000000000	5.081357579620	0.415633753819
5000.000000000000	5.522182118477	0.475998771116
5000.000000000000	5.957556930284	0.534238147070
5000.000000000000	6.387052352665	0.590318013882
5000.000000000000	6.810244525492	0.644232402078
5000.000000000000	7.226715809184	0.696018599155
5000.000000000000	7.636055196863	0.745747871340
5000.000000000000	8.037858719976	0.793499884373
5000.000000000000	8.431729846954	0.839337019654
5000.000000000000	8.817279874549	0.883292545446
5000.000000000000	9.194128311430	0.925377011565
5000.000000000000	9.561903253689	0.965596578890
5000.000000000000	9.920241751859	1.003971298809
5000.000000000000	10.268790169105	1.040543143436
5000.000000000000	10.607204530220	1.075370893810
5000.000000000000	10.935150861087	1.108516978079
5000.000000000000	11.252305518271	1.140035337307
5000.000000000000	11.558355508416	1.169967519897
5000.000000000000	11.852998797131	1.198348212810
5000.000000000000	12.135944607063	1.225215310670
5000.000000000000	12.406913704859	1.250617114563
5000.000000000000	12.665638676732	1.274611590899
5000.000000000000	12.911864192373	1.297258034447
5000.000000000000	13.145347256924	1.318606439592
5000.000000000000	13.365857450790	1.338691334433
5000.000000000000	13.573177157031	1.357534007847
5000.000000000000	13.767101776128	1.375151833972
5000.000000000000	13.947439927894	1.391569037585
5000.000000000000	14.114013640346	1.406822381390
5000.000000000000	14.266658525340	1.420958334994
5000.000000000000	14.405223940805	1.434023370108
5000.000000000000	14.529573139404	1.446053044347
5000.000000000000	14.639583403490	1.457066144937
5000.000000000000	14.735146166216	1.467067115497
5000.000000000000	14.816167118672	1.476055195646
5000.000000000000	14.882566302959	1.484035019905
5000.000000000000	14.934278191099	1.491022924296
5000.000000000000	14.971251749701	1.497046005271
5000.000000000000	14.993450490328	1.502135242693
5000.000000000000	15.000852505502	1.506317160008
5000.000000000000	14.993450490328	1.509608789732
5000.000000000000	14.971251749701	1.512018197493
5000.000000000000	14.934278191099	1.513549225546
5000.000000000000	14.882566302959	1.514206709501
5000.000000000000	14.816167118672	1.513998583684
5000.000000000000	14.735146166216	1.512933725679
5000.000000000000	14.639583403490	1.511017397677
5000.000000000000	14.529573139404	1.508247748268
5000.000000000000	14.405223940805	1.504616056998
5000.000000000000	14.266658525340	1.500110826730
5000.000000000000	14.114013640346	1.494723196404
5000.000000000000	13.947439927894	1.488450198716
5000.000000000000	13.767101776128	1.481293736329
5000.000000000000	13.573177157031	1.473255899329
5000.000000000000	13.365857450790	1.464333587061
5000.000000000000	13.145347256924	1.454515793765
5000.000000000000	12.911864192373	1.443785114529
5000.000000000000	12.665638676732	1.432122222625
5000.000000000000	12.406913704859	1.419510131272
5000.000000000000	12.135944607063	1.405935290630
5000.000000000000	11.852998797131	1.391384845846
5000.000000000000	11.558355508416	1.375842163072
5000.000000000000	11.252305518271	1.359284083233
5000.000000000000	10.935150861087	1.341682251800
5000.000000000000	10.607204530220	1.323007921453
5000.000000000000	10.268790169105	1.303236800395
5000.000000000000	9.920241751859	1.282349881474
5000.000000000000	9.561903253689	1.260328472662
5000.000000000000	9.194128311430	1.237145627877
5000.000000000000	8.817279874549	1.212759275264
5000.000000000000	8.431729846954	1.187112236037
5000.000000000000	8.037858719976	1.160140557866
5000.000000000000	7.636055196863	1.131786110687
5000.000000000000	7.226715809184	1.102005619910
5000.000000000000	6.810244525492	1.070769058393
5000.000000000000	6.387052352665	1.038045875172
5000.000000000000	5.957556930284	1.003785107406
5000.000000000000	5.522182118477	0.967900446871
5000.000000000000	5.081357579620	0.930270133930
5000.000000000000	4.635518354312	0.890753783886
5000.000000000000	4.185104432041	0.849217645032
5000.000000000000	3.730560316970	0.805552507902
5000.000000000000	3.272334589262	0.759669769921
5000.000000000000	2.810879462388	0.711472035364
5000.000000000000	2.346650336846	0.660810629707
5000.000000000000	1.880105350736	0.607455281211
5000.000000000000	1.411704927633	0.551103023522
5000.000000000000	0.941911322203	0.491440887444
5000.000000000000	0.471188164017	0.428254067700
5000.000000000000	0.000000000000	0.361547788418
5000.000000000000	-0.471188164017	0.291638384404
5000.000000000000	-0.941911322203	0.219174446830
5000.000000000000	-1.411704927633	0.145071561456
5000.000000000000	-1.880105350736	0.070375361049
5000.000000000000	-2.346650336846	-0.003905822588
5000.000000000000	-2.810879462388	-0.076946889162
5000.000000000000	-3.272334589262	-0.148188504869
5000.000000000000	-3.730560316970	-0.217339787438
5000.000000000000	-4.185104432041	-0.284314509555
5000.000000000000	-4.635518354312	-0.349135657920
5000.000000000000	-5.081357579620	-0.411848197429
5000.000000000000	-5.522182118477	-0.472468271484
5000.000000000000	-5.957556930284	-0.530976006440
5000.000000000000	-6.387052352665	-0.587339126353
5000.000000000000	-6.810244525492	-0.641544377347
5000.000000000000	-7.226715809184	-0.693616233644
5000.000000000000	-7.636055196863	-0.743614037994
5000.000000000000	-8.037858719976	-0.791612282923
5000.000000000000	-8.431729846954	-0.837677104622
5000.000000000000	-8.817279874549	-0.881851934616
5000.000000000000	-9.194128311430	-0.924158214012
5000.000000000000	-9.561903253689	-0.964608044103
5000.000000000000	-9.920241751859	-1.003219813593
5000.000000000000	-10.268790169105	-1.040027855176
5000.000000000000	-10.607204530220	-1.075082089417
5000.000000000000	-10.935150861087	-1.108439900352
5000.000000000000	-11.252305518271	-1.140156402258
5000.000000000000	-11.558355508416	-1.170278955397
5000.000000000000	-11.852998797131	-1.198848122211
5000.000000000000	-12.135944607063	-1.225902916158
5000.000000000000	-12.406913704859	-1.251485891926
5000.000000000000	-12.665638676732	-1.275644470345
5000.000000000000	-12.911864192373	-1.298427922579
5000.000000000000	-13.145347256924	-1.319882451061
5000.000000000000	-13.365857450790	-1.340047854197
5000.000000000000	-13.573177157031	-1.358957862159
5000.000000000000	-13.767101776128	-1.376643531982
5000.000000000000	-13.947439927894	-1.393137004557
5000.000000000000	-14.114013640346	-1.408472830160
5000.000000000000	-14.266658525340	-1.422685930562
5000.000000000000	-14.405223940805	-1.435807732896
5000.000000000000	-14.529573139404	-1.447863362228
5000.000000000000	-14.639583403490	-1.458872086800
5000.000000000000	-14.735146166216	-1.468850944757
5000.000000000000	-14.816167118672	-1.477819191456
5000.000000000000	-14.882566302959	-1.485800476132
5000.000000000000	-14.934278191099	-1.492821042165
5000.000000000000	-14.971251749701	-1.498904884094
5000.000000000000	-14.993450490328	-1.504068948139
5000.000000000000	-15.000852505502	-1.508321650030
5000.000000000000	-14.993450490328	-1.511665973237
5000.000000000000	-14.971251749701	-1.514105422252
5000.000000000000	-14.934278191099	-1.515649067306
5000.000000000000	-14.882566302959	-1.516312231799
5000.000000000000	-14.816167118672	-1.516111979388
5000.000000000000	-14.735146166216	-1.515059896589
5000.000000000000	-14.639583403490	-1.513156619779
5000.000000000000	-14.529573139404	-1.510391778608
5000.000000000000	-14.405223940805	-1.506749853028
5000.000000000000	-14.266658525340	-1.502218748841
5000.000000000000	-14.114013640346	-1.496795997134
5000.000000000000	-13.947439927894	-1.490488672961
5000.000000000000	-13.767101776128	-1.483306821529
5000.000000000000	-13.573177157031	-1.475254184391
5000.000000000000	-13.365857450790	-1.466321839462
5000.000000000000	-13.145347256924	-1.456488763397
5000.000000000000	-12.911864192373	-1.445729140927
5000.000000000000	-12.665638676732	-1.434021990430
5000.000000000000	-12.406913704859	-1.421357021429
5000.000000000000	-12.135944607063	-1.407732756177
5000.000000000000	-11.852998797131	-1.393147687231
5000.000000000000	-11.558355508416	-1.377589744365
5000.000000000000	-11.252305518271	-1.361030737958
5000.000000000000	-10.935150861087	-1.343429661778
5000.000000000000	-10.607204530220	-1.324743284116
5000.000000000000	-10.268790169105	-1.304937628468
5000.000000000000	-9.920241751859	-1.283992864599
5000.000000000000	-9.561903253689	-1.261897765156
5000.000000000000	-9.194128311430	-1.238636283912
5000.000000000000	-8.817279874549	-1.214174126597
5000.000000000000	-8.431729846954	-1.188453934939
5000.000000000000	-8.037858719976	-1.161402999470
5000.000000000000	-7.636055196863	-1.132949732478
5000.000000000000	-7.226715809184	-1.103039050535
5000.000000000000	-6.810244525492	-1.071636347653
5000.000000000000	-6.387052352665	-1.038715767221
5000.000000000000	-5.957556930284	-1.004237901034
5000.000000000000	-5.522182118477	-0.968129293456
5000.000000000000	-5.081357579620	-0.930276374758
5000.000000000000	-4.635518354312	-0.890538658997
5000.000000000000	-4.185104432041	-0.848774074405
5000.000000000000	-3.730560316970	-0.804860132222
5000.000000000000	-3.272334589262	-0.758694556316
5000.000000000000	-2.810879462388	-0.710169685538
5000.000000000000	-2.346650336846	-0.659131909103
5000.000000000000	-1.880105350736	-0.605351658660
5000.000000000000	-1.411704927633	-0.548532205336
5000.000000000000	-0.941911322203	-0.488372911181
5000.000000000000	-0.471188164017	-0.424678658674
5000.000000000000	-0.000000000000	-0.357482467844
5000.000000000000	0.000000000000	-0.355258971863
5000.000000000000	0.471216825901	-0.285961465081
5000.000000000000	0.941968617686	-0.214208114213
5000.000000000000	1.411790800170	-0.140946603490
5000.000000000000	1.880219715582	-0.067232778138
5000.000000000000	2.346793081136	0.005939956605
5000.000000000000	2.811050445251	0.077780849748
5000.000000000000	3.272533641959	0.147772032296
5000.000000000000	3.730787243060	0.215657653233
5000.000000000000	4.185359007576	0.281371064260
5000.000000000000	4.635800328055	0.344938327636
5000.000000000000	5.081666673298	0.406397421787
5000.000000000000	5.522518027051	0.465757381281
5000.000000000000	5.957919322254	0.522999161886
5000.000000000000	6.387440870393	0.578101438476
5000.000000000000	6.810658785559	0.631067676663
5000.000000000000	7.227155402763	0.681936801779
5000.000000000000	7.636519690131	0.730773317044
5000.000000000000	8.038347654532	0.777645544545
5000.000000000000	8.432242740280	0.822606181312
5000.000000000000	8.817816220481	0.865685851155
5000.000000000000	9.194687580659	0.906901204039
5000.000000000000	9.562484894284	0.946270402782
5000.000000000000	9.920845189810	0.983825530468
5000.000000000000	10.269414808893	1.019614807897
5000.000000000000	10.607849755400	1.053694748001
5000.000000000000	10.935816034900	1.086118706103
5000.000000000000	11.252989984271	1.116929923836
5000.000000000000	11.559058591118	1.146163492459
5000.000000000000	11.853719802676	1.173855361461
5000.000000000000	12.136682823907	1.200051730391
5000.000000000000	12.407668404470	1.224811874601
5000.000000000000	12.666409114313	1.248201730340
5000.000000000000	12.912649607595	1.270281610640
5000.000000000000	13.146146874678	1.291095401677
5000.000000000000	13.366670481948	1.310667995262
5000.000000000000	13.574002799231	1.329012886967
5000.000000000000	13.767939214560	1.346145748526
5000.000000000000	13.948288336107	1.362096088789
5000.000000000000	14.114872181064	1.376910097421
5000.000000000000	14.267526351288	1.390642854074
5000.000000000000	14.406100195542	1.403344266928
5000.000000000000	14.530456958173	1.415046732547
5000.000000000000	14.640473914069	1.425761478577
5000.000000000000	14.736042489778	1.435485521474
5000.000000000000	14.817068370654	1.444215135367
5000.000000000000	14.883471593934	1.451958206729
5000.000000000000	14.935186627654	1.458738811761
5000.000000000000	14.972162435319	1.464592093459
5000.000000000000	14.994362526272	1.469553135338
5000.000000000000	15.001764991703	1.473646706985
5000.000000000000	14.994362526272	1.476883724682
5000.000000000000	14.972162435319	1.479265820530
5000.000000000000	14.935186627654	1.480794354786
5000.000000000000	14.883471593934	1.481477626960
5000.000000000000	14.817068370654	1.481331442105
5000.000000000000	14.736042489778	1.480372607925
5000.000000000000	14.640473914069	1.478609581310
5000.000000000000	14.530456958173	1.476036452608
5000.000000000000	14.406100195542	1.472634524754
5000.000000000000	14.267526351288	1.468381092502
5000.000000000000	14.114872181064	1.463260510950
5000.000000000000	13.948288336107	1.457271044875
5000.000000000000	13.767939214560	1.450423322448
5000.000000000000	13.574002799231	1.442731101434
5000.000000000000	13.366670481948	1.434199564295
5000.000000000000	13.146146874678	1.424817786786
5000.000000000000	12.912649607595	1.414559530704
5000.000000000000	12.666409114313	1.403391616879
5000.000000000000	12.407668404470	1.391284789599
5000.000000000000	12.136682823907	1.378220768925
5000.000000000000	11.853719802676	1.364191749265
5000.000000000000	11.559058591118	1.349193281802
5000.000000000000	11.252989984271	1.333215354331
5000.000000000000	10.935816034900	1.316237191559
5000.000000000000	10.607849755400	1.298228503081
5000.000000000000	10.269414808893	1.279155489916
5000.000000000000	9.920845189810	1.258986790823
5000.000000000000	9.562484894284	1.237694771935
5000.000000000000	9.194687580659	1.215251006291
5000.000000000000	8.817816220481	1.191619157390
5000.000000000000	8.432242740280	1.166750755024
5000.000000000000	8.038347654532	1.140587773558
5000.000000000000	7.636519690131	1.113071255059
5000.000000000000	7.227155402763	1.084150428509
5000.000000000000	6.810658785559	1.053785231736
5000.000000000000	6.387440870393	1.021938393200
5000.000000000000	5.957919322254	0.988559756986
5000.000000000000	5.522518027051	0.953571381360
5000.000000000000	5.081666673298	0.916863011638
5000.000000000000	4.635800328055	0.878302254307
5000.000000000000	4.185359007576	0.837754523228
5000.000000000000	3.730787243060	0.795099982015
5000.000000000000	3.272533641959	0.750233766330
5000.000000000000	2.811050445251	0.703043927528
5000.000000000000	2.346793081136	0.653375782574
5000.000000000000	1.880219715582	0.601004396205
5000.000000000000	1.411790800170	0.545640754078
5000.000000000000	0.941968617686	0.486987537528
5000.000000000000	0.471216825901	0.424839673396
5000.000000000000	0.000000000000	0.359201687630
5000.000000000000	-0.471216825901	0.290379512610
5000.000000000000	-0.941968617686	0.219006969503
5000.000000000000	-1.411790800170	0.145987456670
5000.000000000000	-1.880219715582	0.072361847888
5000.000000000000	-2.346793081136	-0.000858544356
5000.000000000000	-2.811050445251	-0.072841986819
5000.000000000000	-3.272533641959	-0.143024784117
5000.000000000000	-3.730787243060	-0.211118203452
5000.000000000000	-4.185359007576	-0.277044738064
5000.000000000000	-4.635800328055	-0.340838475053
5000.000000000000	-5.081666673298	-0.402551812045
5000.000000000000	-5.522518027051	-0.462200274181
5000.000000000000	-5.957919322254	-0.519755260684
5000.000000000000	-6.387440870393	-0.575172201103
5000.000000000000	-6.810658785559	-0.628428792835
5000.000000000000	-7.227155402763	-0.679549098462
5000.000000000000	-7.636519690131	-0.728601618418
5000.000000000000	-8.038347654532	-0.775675364836
5000.000000000000	-8.432242740280	-0.820849119560
5000.000000000000	-8.817816220481	-0.864170634366
5000.000000000000	-9.194687580659	-0.905655153203
5000.000000000000	-9.562484894284	-0.945301380204
5000.000000000000	-9.920845189810	-0.983114254525
5000.000000000000	-10.269414808893	-1.019121849343
5000.000000000000	-10.607849755400	-1.053378549550
5000.000000000000	-10.935816034900	-1.085954913408
5000.000000000000	-11.252989984271	-1.116921480017
5000.000000000000	-11.559058591118	-1.146335818551
5000.000000000000	-11.853719802676	-1.174238926869
5000.000000000000	-12.136682823907	-1.200661126642
5000.000000000000	-12.407668404470	-1.225632475446
5000.000000000000	-12.666409114313	-1.249191077312
5000.000000000000	-12.912649607595	-1.271384903290
5000.000000000000	-13.146146874678	-1.292267038259
5000.000000000000	-13.366670481948	-1.311887964852
5000.000000000000	-13.574002799231	-1.330289617128
5000.000000000000	-13.767939214560	-1.347504240129
5000.000000000000	-13.948288336107	-1.363557945803
5000.000000000000	-14.114872181064	-1.378476244870
5000.000000000000	-14.267526351288	-1.392288144506
5000.000000000000	-14.406100195542	-1.405026722913
5000.000000000000	-14.530456958173	-1.416726361679
5000.000000000000	-14.640473914069	-1.427418609807
5000.000000000000	-14.736042489778	-1.437129058808
5000.000000000000	-14.817068370654	-1.445876666728
5000.000000000000	-14.883471593934	-1.453675473844
5000.000000000000	-14.935186627654	-1.460537536645
5000.000000000000	-14.972162435319	-1.466475659752
5000.000000000000	-14.994362526272	-1.471504983197
5000.000000000000	-15.001764991703	-1.475643161924
5000.000000000000	-14.994362526272	-1.478909308141
5000.000000000000	-14.972162435319	-1.481321984200
5000.000000000000	-14.935186627654	-1.482896586676
5000.000000000000	-14.883471593934	-1.483642703850
5000.000000000000	-14.817068370654	-1.483562402911
5000.000000000000	-14.736042489778	-1.482650524692
5000.000000000000	-14.640473914069	-1.480897527579
5000.000000000000	-14.530456958173	-1.478294218890
5000.000000000000	-14.406100195542	-1.474836407232
5000.000000000000	-14.267526351288	-1.470526988178
5000.000000000000	-14.114872181064	-1.465373856998
5000.000000000000	-13.948288336107	-1.459384143970
5000.000000000000	-13.767939214560	-1.452557529793
5000.000000000000	-13.574002799231	-1.444882410114
5000.000000000000	-13.366670481948	-1.436337554842
5000.000000000000	-13.146146874678	-1.426898975915
5000.000000000000	-12.912649607595	-1.416548512768
5000.000000000000	-12.666409114314	-1.405279121470
5000.000000000000	-12.407668404470	-1.393093198302
5000.000000000000	-12.136682823907	-1.379994040532
5000.000000000000	-11.853719802676	-1.365974733010
5000.000000000000	-11.559058591118	-1.351010820702
5000.000000000000	-11.252989984271	-1.335061553472
5000.000000000000	-10.935816034900	-1.318079808235
5000.000000000000	-10.607849755400	-1.300025520733
5000.000000000000	-10.269414808893	-1.280874760290
5000.000000000000	-9.920845189810	-1.260618394492
5000.000000000000	-9.562484894284	-1.239250002119
5000.000000000000	-9.194687580659	-1.216749233779
5000.000000000000	-8.817816220481	-1.193070281924
5000.000000000000	-8.432242740280	-1.168143052324
5000.000000000000	-8.038347654532	-1.141887679637
5000.000000000000	-7.636519690131	-1.114234892151
5000.000000000000	-7.227155402763	-1.085140221899
5000.000000000000	-6.810658785559	-1.054582323875
5000.000000000000	-6.387440870393	-1.022544108635
5000.000000000000	-5.957919322254	-0.988985604792
5000.000000000000	-5.522518027051	-0.953823474694
5000.000000000000	-5.081666673298	-0.916929759803
5000.000000000000	-4.635800328055	-0.878152104224
5000.000000000000	-4.185359007576	-0.837344608733
5000.000000000000	-3.730787243060	-0.794390170694
5000.000000000000	-3.272533641959	-0.749197445908
5000.000000000000	-2.811050445251	-0.701668831261
5000.000000000000	-2.346793081136	-0.651654216792
5000.000000000000	-1.880219715582	-0.598919021384
5000.000000000000	-1.411790800170	-0.543155660849
5000.000000000000	-0.941968617686	-0.484052474624
5000.000000000000	-0.471216825901	-0.421408626184
5000.000000000000	-0.000000000000	-0.355258971863
5000.000000000000	0.000000000000	-0.353228748405
5000.000000000000	0.471234155333	-0.285114019936
5000.000000000000	0.942003259447	-0.214539360080
5000.000000000000	1.411842720074	-0.142446633146
5000.000000000000	1.880288862389	-0.069891353089
5000.000000000000	2.346879386608	0.002128978430
5000.000000000000	2.811153824214	0.072818529964
5000.000000000000	3.272653992390	0.141657253375
5000.000000000000	3.730924446189	0.208392177437
5000.000000000000	4.185512927998	0.272963818918
5000.000000000000	4.635970813871	0.335406408897
5000.000000000000	5.081853556259	0.395763124103
5000.000000000000	5.522721122725	0.454042764991
5000.000000000000	5.958138430210	0.510221050965
5000.000000000000	6.387675774399	0.564269535560
5000.000000000000	6.810909253792	0.616186807683
5000.000000000000	7.227421188043	0.666012081295
5000.000000000000	7.636800530158	0.713815478012
5000.000000000000	8.038643272152	0.759673645324
5000.000000000000	8.432552843754	0.803646389337
5000.000000000000	8.818140503773	0.845767169940
5000.000000000000	9.195025723742	0.886050651264
5000.000000000000	9.562836563451	0.924510357808
5000.000000000000	9.921210038006	0.961174649534
5000.000000000000	10.269792476057	0.996091811706
5000.000000000000	10.608239868820	1.029322708112
5000.000000000000	10.936218209582	1.060927147077
5000.000000000000	11.253403823316	1.090953299826
5000.000000000000	11.559483686117	1.119436695898
5000.000000000000	11.854155734112	1.146408692815
5000.000000000000	12.137129161568	1.171908188527
5000.000000000000	12.408124707874	1.195988446730
5000.000000000000	12.666874933145	1.218714199796
5000.000000000000	12.913124482148	1.240150449047
5000.000000000000	13.146630336306	1.260349657901
5000.000000000000	13.367162053535	1.279345117646
5000.000000000000	13.574501995654	1.297154572102
5000.000000000000	13.768445543173	1.313792022957
5000.000000000000	13.948801297225	1.329280740415
5000.000000000000	14.115391268456	1.343659781527
5000.000000000000	14.268051052677	1.356980145523
5000.000000000000	14.406629993112	1.369292755230
5000.000000000000	14.530991329076	1.380635169746
5000.000000000000	14.641012330947	1.391024597335
5000.000000000000	14.736584421279	1.400461103346
5000.000000000000	14.817613281955	1.408939125215
5000.000000000000	14.884018947275	1.416460882229
5000.000000000000	14.935735882863	1.423044517562
5000.000000000000	14.972713050348	1.428723079962
5000.000000000000	14.994913957730	1.433535677026
5000.000000000000	15.002316695393	1.437516237587
5000.000000000000	14.994913957730	1.440686056247
5000.000000000000	14.972713050348	1.443053490625
5000.000000000000	14.935735882863	1.444619735182
5000.000000000000	14.884018947275	1.445386226721
5000.000000000000	14.817613281955	1.445358840359
5000.000000000000	14.736584421279	1.444546602159
5000.000000000000	14.641012330947	1.442956383996
5000.000000000000	14.530991329076	1.440587570693
5000.000000000000	14.406629993112	1.437430505194
5000.000000000000	14.268051052677	1.433469894627
5000.000000000000	14.115391268456	1.428691079754
5000.000000000000	13.948801297225	1.423085247083
5000.000000000000	13.768445543173	1.416650405077
5000.000000000000	13.574501995654	1.409387692774
5000.000000000000	13.367162053535	1.401295520100
5000.000000000000	13.146630336306	1.392365269679
5000.000000000000	12.913124482148	1.382581080700
5000.000000000000	12.666874933145	1.371923444512
5000.000000000000	12.408124707874	1.360373841579
5000.000000000000	12.137129161568	1.347917091059
5000.000000000000	11.854155734112	1.334539810605
5000.000000000000	11.559483686117	1.320226200522
5000.000000000000	11.253403823316	1.304954327135
5000.000000000000	10.936218209582	1.288695788835
5000.000000000000	10.608239868820	1.271419226377
5000.000000000000	10.269792476057	1.253095206486
5000.000000000000	9.921210038006	1.233698647203
5000.000000000000	9.562836563451	1.213206298529
5000.000000000000	9.195025723742	1.191590165918
5000.000000000000	8.818140503773	1.168810981447
5000.000000000000	8.432552843754	1.144816550984
5000.000000000000	8.038643272152	1.119547140799
5000.000000000000	7.636800530158	1.092945353388
5000.000000000000	7.227421188043	1.064964133495
5000.000000000000	6.810909253792	1.035566434155
5000.000000000000	6.387675774399	1.004714393901
5000.000000000000	5.958138430210	0.972352509383
5000.000000000000	5.522721122725	0.938394213954
5000.000000000000	5.081853556259	0.902720896993
5000.000000000000	4.635970813871	0.865195943533
5000.000000000000	4.185512927998	0.825686849608
5000.000000000000	3.730924446189	0.784081424923
5000.000000000000	3.272653992390	0.740284612228
5000.000000000000	2.811153824214	0.694191959860
5000.000000000000	2.346879386608	0.645650563197
5000.000000000000	1.880288862389	0.594430781168
5000.000000000000	1.411842720074	0.540234526929
5000.000000000000	0.942003259447	0.482754858826
5000.000000000000	0.471234155333	0.421780085447
5000.000000000000	0.000000000000	0.357312707907
5000.000000000000	-0.471234155333	0.289660260494
5000.000000000000	-0.942003259447	0.219459047412
5000.000000000000	-1.411842720074	0.147612970097
5000.000000000000	-1.880288862389	0.075160067665
5000.000000000000	-2.346879386608	0.003106323276
5000.000000000000	-2.811153824214	-0.067721886431
5000.000000000000	-3.272653992390	-0.136763657749
5000.000000000000	-3.730924446189	-0.203729335648
5000.000000000000	-4.185512927998	-0.268537820544
5000.000000000000	-4.635970813871	-0.331219666309
5000.000000000000	-5.081853556259	-0.391826710754
5000.000000000000	-5.522721122725	-0.450378303967
5000.000000000000	-5.958138430210	-0.506853031181
5000.000000000000	-6.387675774399	-0.561213782110
5000.000000000000	-6.810909253792	-0.613442372647
5000.000000000000	-7.227421188043	-0.663561418926
5000.000000000000	-7.636800530158	-0.711632876923
5000.000000000000	-8.038643272152	-0.757737231163
5000.000000000000	-8.432552843754	-0.801947097065
5000.000000000000	-8.818140503773	-0.844309879621
5000.000000000000	-9.195025723742	-0.884847113609
5000.000000000000	-9.562836563451	-0.923568113168
5000.000000000000	-9.921210038006	-0.960488329962
5000.000000000000	-10.269792476057	-0.995641814880
5000.000000000000	-10.608239868820	-1.029082035770
5000.000000000000	-10.936218209582	-1.060872544601
5000.000000000000	-11.253403823316	-1.091074312119
5000.000000000000	-11.559483686117	-1.119737294587
5000.000000000000	-11.854155734112	-1.146900200024
5000.000000000000	-12.137129161568	-1.172597112121
5000.000000000000	-12.408124707874	-1.196865857737
5000.000000000000	-12.666874933145	-1.219752719030
5000.000000000000	-12.913124482148	-1.241310991757
5000.000000000000	-13.146630336306	-1.261594870309
5000.000000000000	-13.367162053535	-1.280652724156
5000.000000000000	-13.574501995654	-1.298523669800
5000.000000000000	-13.768445543173	-1.315238875821
5000.000000000000	-13.948801297225	-1.330826029835
5000.000000000000	-14.115391268456	-1.345313728899
5000.000000000000	-14.268051052677	-1.358733083539
5000.000000000000	-14.406629993112	-1.371115965075
5000.000000000000	-14.530991329076	-1.382491562089
5000.000000000000	-14.641012330947	-1.392883831927
5000.000000000000	-14.736584421279	-1.402311596294
5000.000000000000	-14.817613281955	-1.410791150548
5000.000000000000	-14.884018947275	-1.418339641359
5000.000000000000	-14.935735882863	-1.424977127348
5000.000000000000	-14.972713050348	-1.430726259626
5000.000000000000	-14.994913957730	-1.435610092289
5000.000000000000	-15.002316695393	-1.439649558515
5000.000000000000	-14.994913957730	-1.442862002526
5000.000000000000	-14.972713050348	-1.445261085480
5000.000000000000	-14.935735882863	-1.446857271486
5000.000000000000	-14.884018947275	-1.447657811772
5000.000000000000	-14.817613281955	-1.447665884562
5000.000000000000	-14.736584421279	-1.446879704236
5000.000000000000	-14.641012330947	-1.445292998759
5000.000000000000	-14.530991329076	-1.442897644623
5000.000000000000	-14.406629993112	-1.439687699101
5000.000000000000	-14.268051052677	-1.435662627083
5000.000000000000	-14.115391268456	-1.430827341719
5000.000000000000	-13.948801297225	-1.425188193031
5000.000000000000	-13.768445543173	-1.418746524637
5000.000000000000	-13.574501995654	-1.411493338533
5000.000000000000	-13.367162053535	-1.403408554627
5000.000000000000	-13.146630336306	-1.394466026684
5000.000000000000	-12.913124482148	-1.384642044490
5000.000000000000	-12.666874933145	-1.373922566707
5000.000000000000	-12.408124707874	-1.362304603685
5000.000000000000	-12.137129161568	-1.349790227904
5000.000000000000	-11.854155734112	-1.336376047805
5000.000000000000	-11.559483686117	-1.322044053314
5000.000000000000	-11.253403823316	-1.306759470689
5000.000000000000	-10.936218209582	-1.290477472988
5000.000000000000	-10.608239868820	-1.273155286754
5000.000000000000	-10.269792476057	-1.254762568312
5000.000000000000	-9.921210038006	-1.235283337769
5000.000000000000	-9.562836563451	-1.214707397188
5000.000000000000	-9.195025723742	-1.193015548631
5000.000000000000	-8.818140503773	-1.170167260770
5000.000000000000	-8.432552843754	-1.146098797616
5000.000000000000	-8.038643272152	-1.120734094720
5000.000000000000	-7.636800530158	-1.094002866005
5000.000000000000	-7.227421188043	-1.065855169946
5000.000000000000	-6.810909253792	-1.036262501847
5000.000000000000	-6.387675774399	-1.005202585902
5000.000000000000	-5.958138430210	-0.972634752009
5000.000000000000	-5.522721122725	-0.938479407649
5000.000000000000	-5.081853556259	-0.902614177998
5000.000000000000	-4.635970813871	-0.864890389664
5000.000000000000	-4.185512927998	-0.825161135689
5000.000000000000	-3.730924446189	-0.783303372454
5000.000000000000	-3.272653992390	-0.739217394999
5000.000000000000	-2.811153824214	-0.692798772679
5000.000000000000	-2.346879386608	-0.643895348755
5000.000000000000	-1.880288862389	-0.592276012364
5000.000000000000	-1.411842720074	-0.537639923327
5000.000000000000	-0.942003259447	-0.479681362722
5000.000000000000	-0.471234155333	-0.418200881779
5000.000000000000	-0.000000000000	-0.353228748405
5000.000000000000	0.000000000000	-0.350956798105
5000.000000000000	0.471182635442	-0.283934989797
5000.000000000000	0.941900270508	-0.214464628045
5000.000000000000	1.411688363725	-0.143484768531
5000.000000000000	1.880083290963	-0.072043831315
5000.000000000000	2.346622802977	-0.001130494686
5000.000000000000	2.810846481596	0.068466496795
5000.000000000000	3.272296194095	0.136229867848
5000.000000000000	3.730516545319	0.201904738628
5000.000000000000	4.185055327105	0.265427018894
5000.000000000000	4.635463964550	0.326826860537
5000.000000000000	5.081297958708	0.386146608637
5000.000000000000	5.522117325254	0.443398250032
5000.000000000000	5.957487028693	0.498563170393
5000.000000000000	6.386977411691	0.551618129178
5000.000000000000	6.810164619092	0.602563781933
5000.000000000000	7.226631016216	0.651437352003
5000.000000000000	7.635965601009	0.698304265441
5000.000000000000	8.037764409654	0.743236632470
5000.000000000000	8.431630915239	0.786292650395
5000.000000000000	8.817176419073	0.827508220822
5000.000000000000	9.194020434292	0.866903338791
5000.000000000000	9.561791061350	0.904496952879
5000.000000000000	9.920125355039	0.940320093169
5000.000000000000	10.268669682674	0.974419704825
5000.000000000000	10.607080073084	1.006852412634
5000.000000000000	10.935022556071	1.037673819205
5000.000000000000	11.252173491995	1.066931076197
5000.000000000000	11.558219891174	1.094663461721
5000.000000000000	11.852859722762	1.120909868145
5000.000000000000	12.135802212816	1.145717349377
5000.000000000000	12.406768131260	1.169144188104
5000.000000000000	12.665490067445	1.191254620529
5000.000000000000	12.911712694057	1.212107940995
5000.000000000000	13.145193019089	1.231748603213
5000.000000000000	13.365700625650	1.250203655889
5000.000000000000	13.573017899355	1.267489539134
5000.000000000000	13.766940243082	1.283624563482
5000.000000000000	13.947276278893	1.298639791687
5000.000000000000	14.113848036892	1.312581764880
5000.000000000000	14.266491130864	1.325505170833
5000.000000000000	14.405054920504	1.337459397925
5000.000000000000	14.529402660080	1.348476510149
5000.000000000000	14.639411633388	1.358567423374
5000.000000000000	14.734973274850	1.367728437120
5000.000000000000	14.815993276666	1.375954501712
5000.000000000000	14.882391681873	1.383252008345
5000.000000000000	14.934102963264	1.389644458174
5000.000000000000	14.971076088046	1.395168608775
5000.000000000000	14.993274568209	1.399864023860
5000.000000000000	15.000676496533	1.403762264035
5000.000000000000	14.993274568209	1.406881476478
5000.000000000000	14.971076088046	1.409228405452
5000.000000000000	14.934102963264	1.410805280463
5000.000000000000	14.882391681873	1.411616428057
5000.000000000000	14.815993276666	1.411670246078
5000.000000000000	14.734973274850	1.410975668228
5000.000000000000	14.639411633388	1.409536086464
5000.000000000000	14.529402660080	1.407345414319
5000.000000000000	14.405054920504	1.404389510278
5000.000000000000	14.266491130864	1.400652534683
5000.000000000000	14.113848036892	1.396124377357
5000.000000000000	13.947276278893	1.390804322148
5000.000000000000	13.766940243082	1.384698293610
5000.000000000000	13.573017899355	1.377811028246
5000.000000000000	13.365700625650	1.370137805750
5000.000000000000	13.145193019089	1.361660838512
5000.000000000000	12.911712694057	1.352352675872
5000.000000000000	12.665490067445	1.342184682084
5000.000000000000	12.406768131260	1.331135463733
5000.000000000000	12.135802212816	1.319194080608
5000.000000000000	11.852859722762	1.306356062409
5000.000000000000	11.558219891174	1.292614721853
5000.000000000000	11.252173491995	1.277953198046
5000.000000000000	10.935022556071	1.262342180403
5000.000000000000	10.607080073084	1.245744590738
5000.000000000000	10.268669682674	1.228123932377
5000.000000000000	9.920125355039	1.209450501160
5000.000000000000	9.561791061350	1.189700926712
5000.000000000000	9.194020434292	1.168850908795
5000.000000000000	8.817176419073	1.146865773584
5000.000000000000	8.431630915239	1.123695416651
5000.000000000000	8.037764409654	1.099277772176
5000.000000000000	7.635965601009	1.073549374738
5000.000000000000	7.226631016216	1.046456296971
5000.000000000000	6.810164619092	1.017957360042
5000.000000000000	6.386977411691	0.988015460189
5000.000000000000	5.957487028693	0.956580221325
5000.000000000000	5.522117325254	0.923571556352
5000.000000000000	5.081297958708	0.888874719838
5000.000000000000	4.635463964550	0.852351538407
5000.000000000000	4.185055327105	0.813862416348
5000.000000000000	3.730516545319	0.773285277845
5000.000000000000	3.272296194095	0.730516642468
5000.000000000000	2.810846481596	0.685448746650
5000.000000000000	2.346622802977	0.637931713494
5000.000000000000	1.880083290963	0.587743500472
5000.000000000000	1.411688363725	0.534594352773
5000.000000000000	0.941900270508	0.478182406375
5000.000000000000	0.471182635442	0.418295552282
5000.000000000000	0.000000000000	0.354930802686
5000.000000000000	-0.471182635442	0.288387748636
5000.000000000000	-0.941900270508	0.219295580587
5000.000000000000	-1.411688363725	0.148554153204
5000.000000000000	-1.880083290963	0.077200732247
5000.000000000000	-2.346622802977	0.006242188616
5000.000000000000	-2.810846481596	-0.063494784685
5000.000000000000	-3.272296194095	-0.131450950674
5000.000000000000	-3.730516545319	-0.197340055255
5000.000000000000	-4.185055327105	-0.261084452462
5000.000000000000	-4.635463964550	-0.322716220800
5000.000000000000	-5.081297958708	-0.382285860056
5000.000000000000	-5.522117325254	-0.439809382815
5000.000000000000	-5.957487028693	-0.495262373433
5000.000000000000	-6.386977411691	-0.548607612080
5000.000000000000	-6.810164619092	-0.599830971599
5000.000000000000	-7.226631016216	-0.648962397263
5000.000000000000	-7.635965601009	-0.696071642528
5000.000000000000	-8.037764409654	-0.741244074862
5000.000000000000	-8.431630915239	-0.784552044690
5000.000000000000	-8.817176419073	-0.826037674763
5000.000000000000	-9.194020434292	-0.865714733790
5000.000000000000	-9.561791061350	-0.903586033017
5000.000000000000	-9.920125355039	-0.939664922255
5000.000000000000	-10.268669682674	-0.973988755010
5000.000000000000	-10.607080073084	-1.006618126069
5000.000000000000	-10.935022556071	-1.037624220480
5000.000000000000	-11.252173491995	-1.067072779993
5000.000000000000	-11.558219891175	-1.095013903368
5000.000000000000	-11.852859722762	-1.121482423348
5000.000000000000	-12.135802212816	-1.146507053717
5000.000000000000	-12.406768131260	-1.170121779144
5000.000000000000	-12.665490067445	-1.192372503964
5000.000000000000	-12.911712694057	-1.213315543697
5000.000000000000	-13.145193019089	-1.233009644169
5000.000000000000	-13.365700625650	-1.251506759099
5000.000000000000	-13.573017899355	-1.268846945535
5000.000000000000	-13.766940243082	-1.285059749573
5000.000000000000	-13.947276278893	-1.300170420029
5000.000000000000	-14.113848036892	-1.314206662505
5000.000000000000	-14.266491130864	-1.327201812195
5000.000000000000	-14.405054920504	-1.339192872403
5000.000000000000	-14.529402660080	-1.350215084612
5000.000000000000	-14.639411633388	-1.360296612910
5000.000000000000	-14.734973274850	-1.369456553952
5000.000000000000	-14.815993276666	-1.377707280716
5000.000000000000	-14.882391681873	-1.385059572065
5000.000000000000	-14.934102963264	-1.391527584582
5000.000000000000	-14.971076088046	-1.397131140739
5000.000000000000	-14.993274568209	-1.401894547649
5000.000000000000	-15.000676496533	-1.405843031761
5000.000000000000	-14.993274568209	-1.408998797719
5000.000000000000	-14.971076088046	-1.411378368142
5000.000000000000	-14.934102963264	-1.412991744389
5000.000000000000	-14.882391681873	-1.413842926051
5000.000000000000	-14.815993276666	-1.413931041018
5000.000000000000	-14.734973274850	-1.413251718839
5000.000000000000	-14.639411633388	-1.411798819633
5000.000000000000	-14.529402660080	-1.409566633654
5000.000000000000	-14.405054920504	-1.406552101418
5000.000000000000	-14.266491130864	-1.402755965810
5000.000000000000	-14.113848036892	-1.398181758822
5000.000000000000	-13.947276278893	-1.392832470443
5000.000000000000	-13.766940243082	-1.386706230392
5000.000000000000	-13.573017899355	-1.379793373679
5000.000000000000	-13.365700625650	-1.372076953600
5000.000000000000	-13.145193019089	-1.363536982438
5000.000000000000	-12.911712694057	-1.354156320669
5000.000000000000	-12.665490067445	-1.343924685785
5000.000000000000	-12.406768131260	-1.332837855377
5000.000000000000	-12.135802212816	-1.320891757118
5000.000000000000	-11.852859722762	-1.308074383693
5000.000000000000	-11.558219891175	-1.294360323258
5000.000000000000	-11.252173491995	-1.279711739561
5000.000000000000	-10.935022556071	-1.264086071635
5000.000000000000	-10.607080073084	-1.247446465562
5000.000000000000	-10.268669682674	-1.229768627727
5000.000000000000	-9.920125355039	-1.211039152909
5000.000000000000	-9.561791061350	-1.191245075899
5000.000000000000	-9.194020434292	-1.170359909413
5000.000000000000	-8.817176419073	-1.148334400719
5000.000000000000	-8.431630915239	-1.125098453506
5000.000000000000	-8.037764409654	-1.100574588767
5000.000000000000	-7.635965601009	-1.074696154169
5000.000000000000	-7.226631016216	-1.047419522184
5000.000000000000	-6.810164619092	-1.018721617367
5000.000000000000	-6.386977411691	-0.988581803343
5000.000000000000	-5.957487028693	-0.956956479618
5000.000000000000	-5.522117325254	-0.923760214543
5000.000000000000	-5.081297958708	-0.888865011260
5000.000000000000	-4.635463964550	-0.852119654517
5000.000000000000	-4.185055327105	-0.813378830028
5000.000000000000	-3.730516545319	-0.772523927271
5000.000000000000	-3.272296194095	-0.729459615821
5000.000000000000	-2.810846481596	-0.684082888538
5000.000000000000	-2.346622802977	-0.636238773235
5000.000000000000	-1.880083290963	-0.585690135265
5000.000000000000	-1.411688363725	-0.532129691872
5000.000000000000	-0.941900270509	-0.475247880291
5000.000000000000	-0.471182635442	-0.414845581276
5000.000000000000	-0.000000000000	-0.350956798105
5000.000000000000	0.000000000000	-0.350183824694
5000.000000000000	0.471171088456	-0.284051041792
5000.000000000000	0.941877187933	-0.215458001773
5000.000000000000	1.411653768339	-0.145342625140
5000.000000000000	1.880037216907	-0.074759172075
5000.000000000000	2.346565295722	-0.004705184421
5000.000000000000	2.810777597894	0.064024391386
5000.000000000000	3.272216001926	0.130913073205
5000.000000000000	3.730425123824	0.195714356447
5000.000000000000	4.184952766504	0.258376541518
5000.000000000000	4.635350366059	0.318940284862
5000.000000000000	5.081173434435	0.377451408680
5000.000000000000	5.521981998089	0.433916700837
5000.000000000000	5.957341032188	0.488306433778
5000.000000000000	6.386820889927	0.540586123161
5000.000000000000	6.809997726538	0.590750891710
5000.000000000000	7.226453917573	0.638841063749
5000.000000000000	7.635778471053	0.684932374399
5000.000000000000	8.037567433060	0.729109521172
5000.000000000000	8.431424286397	0.771439766620
5000.000000000000	8.816960341903	0.811960883063
5000.000000000000	9.193795122035	0.850687767272
5000.000000000000	9.561556736363	0.887631062780
5000.000000000000	9.919882248572	0.922815353859
5000.000000000000	10.268418034644	0.956286530182
5000.000000000000	10.606820131836	0.988105671720
5000.000000000000	10.934754578136	1.018335154798
5000.000000000000	11.251897741836	1.047026695785
5000.000000000000	11.557936640923	1.074218782568
5000.000000000000	11.852569251951	1.099944308527
5000.000000000000	12.135504808106	1.124242569763
5000.000000000000	12.406464086153	1.147167170670
5000.000000000000	12.665179681997	1.168784191532
5000.000000000000	12.911396274581	1.189161252555
5000.000000000000	13.144870877854	1.208353902204
5000.000000000000	13.365373080569	1.226397543277
5000.000000000000	13.572685273676	1.243309881070
5000.000000000000	13.766602865067	1.259102648861
5000.000000000000	13.946934481492	1.273795884202
5000.000000000000	14.113502157418	1.287426516973
5000.000000000000	14.266141510659	1.300046311622
5000.000000000000	14.404701904600	1.311710300005
5000.000000000000	14.529046596863	1.322462194597
5000.000000000000	14.639052874247	1.332324860006
5000.000000000000	14.734612173839	1.341300963443
5000.000000000000	14.815630190146	1.349383244291
5000.000000000000	14.882026968169	1.356568714893
5000.000000000000	14.933736982303	1.362869333045
5000.000000000000	14.970709201007	1.368314043232
5000.000000000000	14.992907137165	1.372941991182
5000.000000000000	15.000308884095	1.376791288790
5000.000000000000	14.992907137165	1.379889470050
5000.000000000000	14.970709201007	1.382250041666
5000.000000000000	14.933736982303	1.383875634350
5000.000000000000	14.882026968169	1.384764633663
5000.000000000000	14.815630190146	1.384916835387
5000.000000000000	14.734612173839	1.384335104895
5000.000000000000	14.639052874247	1.383023017215
5000.000000000000	14.529046596863	1.380981007583
5000.000000000000	14.404701904600	1.378204151940
5000.000000000000	14.266141510659	1.374683178329
5000.000000000000	14.113502157418	1.370407883330
5000.000000000000	13.946934481492	1.365370469118
5000.000000000000	13.766602865067	1.359566470722
5000.000000000000	13.572685273676	1.352992686365
5000.000000000000	13.365373080569	1.345643586465
5000.000000000000	13.144870877854	1.337508637075
5000.000000000000	12.911396274581	1.328572217266
5000.000000000000	12.665179681997	1.318815920909
5000.000000000000	12.406464086153	1.308221367186
5000.000000000000	12.135504808106	1.296771381477
5000.000000000000	11.852569251951	1.284448729857
5000.000000000000	11.557936640923	1.271233536258
5000.000000000000	11.251897741836	1.257101634760
5000.000000000000	10.934754578136	1.242025498154
5000.000000000000	10.606820131836	1.225977355426
5000.000000000000	10.268418034644	1.208932079898
5000.000000000000	9.919882248572	1.190866982430
5000.000000000000	9.561556736363	1.171757400708
5000.000000000000	9.193795122035	1.151570015157
5000.000000000000	8.816960341903	1.130258124512
5000.000000000000	8.431424286397	1.107762831768
5000.000000000000	8.037567433060	1.084020876169
5000.000000000000	7.635778471053	1.058975341475
5000.000000000000	7.226453917573	1.032582518608
5000.000000000000	6.809997726538	1.004809129421
5000.000000000000	6.386820889927	0.975619096763
5000.000000000000	5.957341032188	0.944955599263
5000.000000000000	5.521981998089	0.912728311910
5000.000000000000	5.081173434435	0.878814343215
5000.000000000000	4.635350366059	0.843074230791
5000.000000000000	4.184952766504	0.805374851576
5000.000000000000	3.730425123824	0.765604779135
5000.000000000000	3.272216001926	0.723669148825
5000.000000000000	2.810777597894	0.679461314700
5000.000000000000	2.346565295722	0.632823353211
5000.000000000000	1.880037216907	0.583519200876
5000.000000000000	1.411653768339	0.531245602457
5000.000000000000	0.941877187933	0.475694145691
5000.000000000000	0.471171088456	0.416656090286
5000.000000000000	0.000000000000	0.354139610127
5000.000000000000	-0.471171088456	0.288457076741
5000.000000000000	-0.941877187933	0.220245020403
5000.000000000000	-1.411653768339	0.150400880060
5000.000000000000	-1.880037216907	0.079950371251
5000.000000000000	-2.346565295722	0.009884857103
5000.000000000000	-2.810777597894	-0.058981421295
5000.000000000000	-3.272216001926	-0.126093373424
5000.000000000000	-3.730425123824	-0.191159685405
5000.000000000000	-4.184952766504	-0.254092141317
5000.000000000000	-4.635350366059	-0.314912886379
5000.000000000000	-5.081173434435	-0.373668392156
5000.000000000000	-5.521981998089	-0.430378230521
5000.000000000000	-5.957341032188	-0.485026563292
5000.000000000000	-6.386820889927	-0.537584603260
5000.000000000000	-6.809997726538	-0.588041756707
5000.000000000000	-7.226453917573	-0.636424921900
5000.000000000000	-7.635778471053	-0.682796487411
5000.000000000000	-8.037567433060	-0.727234981156
5000.000000000000	-8.431424286397	-0.769811063313
5000.000000000000	-8.816960341903	-0.810572061745
5000.000000000000	-9.193795122035	-0.849541677757
5000.000000000000	-9.561556736363	-0.886732458736
5000.000000000000	-9.919882248572	-0.922162320896
5000.000000000000	-10.268418034644	-0.955865749478
5000.000000000000	-10.606820131836	-0.987894766011
5000.000000000000	-10.934754578136	-1.018311105105
5000.000000000000	-11.251897741836	-1.047175514591
5000.000000000000	-11.557936640923	-1.074540521030
5000.000000000000	-11.852569251951	-1.100449811298
5000.000000000000	-12.135504808106	-1.124942974048
5000.000000000000	-12.406464086153	-1.148061457026
5000.000000000000	-12.665179681997	-1.169851667749
5000.000000000000	-12.911396274581	-1.190363658115
5000.000000000000	-13.144870877854	-1.209646883626
5000.000000000000	-13.365373080569	-1.227746153218
5000.000000000000	-13.572685273676	-1.244700272131
5000.000000000000	-13.766602865067	-1.260543727532
5000.000000000000	-13.946934481492	-1.275309674183
5000.000000000000	-14.113502157418	-1.289031827083
5000.000000000000	-14.266141510659	-1.301743949422
5000.000000000000	-14.404701904600	-1.313477538764
5000.000000000000	-14.529046596863	-1.324259663648
5000.000000000000	-14.639052874247	-1.334112760840
5000.000000000000	-14.734612173839	-1.343056723901
5000.000000000000	-14.815630190146	-1.351111883968
5000.000000000000	-14.882026968169	-1.358300752286
5000.000000000000	-14.933736982303	-1.364647202695
5000.000000000000	-14.970709201007	-1.370173578568
5000.000000000000	-14.992907137165	-1.374897749882
5000.000000000000	-15.000308884095	-1.378832303217
5000.000000000000	-14.992907137165	-1.381986628174
5000.000000000000	-14.970709201007	-1.384370575651
5000.000000000000	-14.933736982303	-1.385997040098
5000.000000000000	-14.882026968169	-1.386881260732
5000.000000000000	-14.815630190146	-1.387036699984
5000.000000000000	-14.734612173839	-1.386469768661
5000.000000000000	-14.639052874247	-1.385176807077
5000.000000000000	-14.529046596863	-1.383145697068
5000.000000000000	-14.404701904600	-1.380361744133
5000.000000000000	-14.266141510659	-1.376814675582
5000.000000000000	-14.113502157418	-1.372502574198
5000.000000000000	-13.946934481492	-1.367430133638
5000.000000000000	-13.766602865067	-1.361601993603
5000.000000000000	-13.572685273676	-1.355015072052
5000.000000000000	-13.365373080569	-1.347654717249
5000.000000000000	-13.144870877854	-1.339497397333
5000.000000000000	-12.911396274581	-1.330518639080
5000.000000000000	-12.665179681997	-1.320701429342
5000.000000000000	-12.406464086153	-1.310039575556
5000.000000000000	-12.135504808106	-1.298533268860
5000.000000000000	-11.852569251951	-1.286178842191
5000.000000000000	-11.557936640923	-1.272958616869
5000.000000000000	-11.251897741836	-1.258837238270
5000.000000000000	-10.934754578136	-1.243767399696
5000.000000000000	-10.606820131836	-1.227702202537
5000.000000000000	-10.268418034644	-1.210606967924
5000.000000000000	-9.919882248572	-1.192462992423
5000.000000000000	-9.561556736363	-1.173260096858
5000.000000000000	-9.193795122035	-1.152981548145
5000.000000000000	-8.816960341903	-1.131590047019
5000.000000000000	-8.431424286397	-1.109023624855
5000.000000000000	-8.037567433060	-1.085204913590
5000.000000000000	-7.635778471053	-1.060059158384
5000.000000000000	-7.226453917573	-1.033530301377
5000.000000000000	-6.809997726538	-1.005584442288
5000.000000000000	-6.386820889927	-0.976196621083
5000.000000000000	-5.957341032189	-0.945326763916
5000.000000000000	-5.521981998089	-0.912898004480
5000.000000000000	-5.081173434435	-0.878790567092
5000.000000000000	-4.635350366059	-0.842856089679
5000.000000000000	-4.184952766504	-0.804944776998
5000.000000000000	-3.730425123824	-0.764928321183
5000.000000000000	-3.272216001926	-0.722701493795
5000.000000000000	-2.810777597894	-0.678156353363
5000.000000000000	-2.346565295722	-0.631140444317
5000.000000000000	-1.880037216907	-0.581425033724
5000.000000000000	-1.411653768339	-0.528712324911
5000.000000000000	-0.941877187933	-0.472697864289
5000.000000000000	-0.471171088456	-0.413180086953
5000.000000000000	-0.000000000000	-0.350183824694
5000.000000000000	0.000000000000	-0.348187611054
5000.000000000000	0.471183891909	-0.282966998856
5000.000000000000	0.941902782204	-0.215299249158
5000.000000000000	1.411692128169	-0.146117606128
5000.000000000000	1.880088304440	-0.076466948775
5000.000000000000	2.346629060541	-0.007334754522
5000.000000000000	2.810853977070	0.060490230621
5000.000000000000	3.272304920083	0.126491144770
5000.000000000000	3.730526493209	0.190415098922
5000.000000000000	4.185066487079	0.252201650601
5000.000000000000	4.635476325595	0.311885255964
5000.000000000000	5.081311508626	0.369511748393
5000.000000000000	5.522132050672	0.425094699586
5000.000000000000	5.957502915079	0.478615098490
5000.000000000000	6.386994443367	0.530048306537
5000.000000000000	6.810182779250	0.579394074588
5000.000000000000	7.226650286934	0.626690397233
5000.000000000000	7.635985963268	0.672005373046
5000.000000000000	8.037785843360	0.715414848346
5000.000000000000	8.431653399239	0.756980407906
5000.000000000000	8.817199931179	0.796739811282
5000.000000000000	9.194044951300	0.834713101667
5000.000000000000	9.561816559064	0.870918241495
5000.000000000000	9.920151808297	0.905385622568
5000.000000000000	10.268697065369	0.938163083970
5000.000000000000	10.607108358193	0.969309955101
5000.000000000000	10.935051715679	0.998885519167
5000.000000000000	11.252203497326	1.026940060158
5000.000000000000	11.558250712617	1.053514060672
5000.000000000000	11.852891329898	1.078645244948
5000.000000000000	12.135834574454	1.102377921041
5000.000000000000	12.406801215462	1.124767718272
5000.000000000000	12.665523841562	1.145878003214
5000.000000000000	12.911747124757	1.165769802846
5000.000000000000	13.145228072394	1.184491399329
5000.000000000000	13.365736266966	1.202074174209
5000.000000000000	13.573054093508	1.218537543628
5000.000000000000	13.766976954354	1.233900271531
5000.000000000000	13.947313471054	1.248191488921
5000.000000000000	14.113885673237	1.261454792659
5000.000000000000	14.266529174250	1.273742816043
5000.000000000000	14.405093333388	1.285105244684
5000.000000000000	14.529441404554	1.295577084094
5000.000000000000	14.639450671214	1.305173840586
5000.000000000000	14.735012567503	1.313896302149
5000.000000000000	14.816032785369	1.321742182473
5000.000000000000	14.882431367636	1.328718178935
5000.000000000000	14.934142786921	1.334846058892
5000.000000000000	14.971116010297	1.340160028525
5000.000000000000	14.993314549655	1.344697592722
5000.000000000000	15.000716497717	1.348489468119
5000.000000000000	14.993314549655	1.351554036632
5000.000000000000	14.971116010297	1.353898608811
5000.000000000000	14.934142786921	1.355525530216
5000.000000000000	14.882431367636	1.356438513308
5000.000000000000	14.816032785369	1.356645003085
5000.000000000000	14.735012567503	1.356153412568
5000.000000000000	14.639450671214	1.354967634530
5000.000000000000	14.529441404554	1.353083041962
5000.000000000000	14.405093333388	1.350487127502
5000.000000000000	14.266529174250	1.347164759733
5000.000000000000	14.113885673237	1.343104852256
5000.000000000000	13.947313471054	1.338304135890
5000.000000000000	13.766976954354	1.332765436413
5000.000000000000	13.573054093508	1.326491315590
5000.000000000000	13.365736266966	1.319476925434
5000.000000000000	13.145228072394	1.311706519926
5000.000000000000	12.911747124757	1.303155840674
5000.000000000000	12.665523841562	1.293798918983
5000.000000000000	12.406801215462	1.283615037714
5000.000000000000	12.135834574454	1.272591470543
5000.000000000000	11.852891329898	1.260720279667
5000.000000000000	11.558250712617	1.247991233096
5000.000000000000	11.252203497326	1.234385375889
5000.000000000000	10.935051715679	1.219873327616
5000.000000000000	10.607108358193	1.204419225822
5000.000000000000	10.268697065369	1.187987412204
5000.000000000000	9.920151808297	1.170547003764
5000.000000000000	9.561816559064	1.152070813370
5000.000000000000	9.194044951300	1.132528965098
5000.000000000000	8.817199931179	1.111881489348
5000.000000000000	8.431653399239	1.090075440090
5000.000000000000	8.037785843360	1.067049487077
5000.000000000000	7.635985963268	1.042743840666
5000.000000000000	7.226650286934	1.017108976326
5000.000000000000	6.810182779250	0.990106086728
5000.000000000000	6.386994443367	0.961696483251
5000.000000000000	5.957502915079	0.931824178589
5000.000000000000	5.522132050672	0.900401354065
5000.000000000000	5.081311508626	0.867306421741
5000.000000000000	4.635476325595	0.832397918850
5000.000000000000	4.185066487079	0.795537527471
5000.000000000000	3.730526493209	0.756607876903
5000.000000000000	3.272304920083	0.715510876918
5000.000000000000	2.810853977070	0.672141823971
5000.000000000000	2.346629060541	0.626349723127
5000.000000000000	1.880088304440	0.577907392602
5000.000000000000	1.411692128169	0.526517914219
5000.000000000000	0.941902782204	0.471873019128
5000.000000000000	0.471183891909	0.413757128116
5000.000000000000	0.000000000000	0.352167258830
5000.000000000000	-0.471183891909	0.287405215370
5000.000000000000	-0.941902782204	0.220102252602
5000.000000000000	-1.411692128169	0.151157904592
5000.000000000000	-1.880088304440	0.081605682731
5000.000000000000	-2.346629060541	0.012445821014
5000.000000000000	-2.810853977070	-0.055502747176
5000.000000000000	-3.272304920083	-0.121687624898
5000.000000000000	-3.730526493209	-0.185827098504
5000.000000000000	-4.185066487079	-0.247845533316
5000.000000000000	-4.635476325595	-0.307775254568
5000.000000000000	-5.081311508626	-0.365666376753
5000.000000000000	-5.522132050672	-0.421534709326
5000.000000000000	-5.957502915079	-0.475355963198
5000.000000000000	-6.386994443367	-0.527093006238
5000.000000000000	-6.810182779250	-0.576731372331
5000.000000000000	-7.226650286934	-0.624300318390
5000.000000000000	-7.635985963268	-0.669869234268
5000.000000000000	-8.037785843360	-0.713524386429
5000.000000000000	-8.431653399239	-0.755340876317
5000.000000000000	-8.817199931179	-0.795365157858
5000.000000000000	-9.194044951300	-0.833615711005
5000.000000000000	-9.561816559064	-0.870098792795
5000.000000000000	-9.920151808297	-0.904828659030
5000.000000000000	-10.268697065369	-0.937840847218
5000.000000000000	-10.607108358193	-0.969192538934
5000.000000000000	-10.935051715679	-0.998951889966
5000.000000000000	-11.252203497326	-1.027183911514
5000.000000000000	-11.558250712617	-1.053941179819
5000.000000000000	-11.852891329898	-1.079263644949
5000.000000000000	-12.135834574454	-1.103185980737
5000.000000000000	-12.406801215462	-1.125746803141
5000.000000000000	-12.665523841562	-1.146993805940
5000.000000000000	-12.911747124757	-1.166982089030
5000.000000000000	-13.145228072394	-1.185767373779
5000.000000000000	-13.365736266966	-1.203398678200
5000.000000000000	-13.573054093508	-1.219914842232
5000.000000000000	-13.766976954354	-1.235346502595
5000.000000000000	-13.947313471054	-1.249721666432
5000.000000000000	-14.113885673237	-1.263071060153
5000.000000000000	-14.266529174250	-1.275429968065
5000.000000000000	-14.405093333388	-1.286835746154
5000.000000000000	-14.529441404554	-1.297322915330
5000.000000000000	-14.639450671214	-1.306919038019
5000.000000000000	-14.735012567503	-1.315643820288
5000.000000000000	-14.816032785369	-1.323511732399
5000.000000000000	-14.882431367636	-1.330536352727
5000.000000000000	-14.934142786921	-1.336733869217
5000.000000000000	-14.971116010297	-1.342124024170
5000.000000000000	-14.993314549655	-1.346728524566
5000.000000000000	-15.000716497717	-1.350568357449
5000.000000000000	-14.993314549655	-1.353661701153
5000.000000000000	-14.971116010297	-1.356023235954
5000.000000000000	-14.934142786921	-1.357664429380
5000.000000000000	-14.882431367636	-1.358593749482
5000.000000000000	-14.816032785369	-1.358816157336
5000.000000000000	-14.735012567503	-1.358332250536
5000.000000000000	-14.639450671214	-1.357138180288
5000.000000000000	-14.529441404554	-1.355227237907
5000.000000000000	-14.405093333388	-1.352592837688
5000.000000000000	-14.266529174250	-1.349231322452
5000.000000000000	-14.113885673237	-1.345142626445
5000.000000000000	-13.947313471054	-1.340327853607
5000.000000000000	-13.766976954354	-1.334784788075
5000.000000000000	-13.573054093508	-1.328503995794
5000.000000000000	-13.365736266966	-1.321468268830
5000.000000000000	-13.145228072394	-1.313656371137
5000.000000000000	-12.911747124757	-1.305049288446
5000.000000000000	-12.665523841562	-1.295635187465
5000.000000000000	-12.406801215462	-1.285409511825
5000.000000000000	-12.135834574454	-1.274369267871
5000.000000000000	-11.852891329898	-1.262504197984
5000.000000000000	-11.558250712617	-1.249789961329
5000.000000000000	-11.252203497326	-1.236187899822
5000.000000000000	-10.935051715679	-1.221652411934
5000.000000000000	-10.607108358193	-1.206142270560
5000.000000000000	-10.268697065369	-1.189629243789
5000.000000000000	-9.920151808297	-1.172098211313
5000.000000000000	-9.561816559064	-1.153537561078
5000.000000000000	-9.194044951300	-1.133924574715
5000.000000000000	-8.817199931179	-1.113214217902
5000.000000000000	-8.431653399239	-1.091338661054
5000.000000000000	-8.037785843360	-1.068219067844
5000.000000000000	-7.635985963268	-1.043783729217
5000.000000000000	-7.226650286934	-1.017981900063
5000.000000000000	-6.810182779250	-0.990783953520
5000.000000000000	-6.386994443367	-0.962165648908
5000.000000000000	-5.957502915079	-0.932083719706
5000.000000000000	-5.522132050672	-0.900456123555
5000.000000000000	-5.081311508626	-0.867158975075
5000.000000000000	-4.635476325595	-0.832043240322
5000.000000000000	-4.185066487079	-0.794962167431
5000.000000000000	-3.730526493209	-0.755792166738
5000.000000000000	-3.272304920083	-0.714431159972
5000.000000000000	-2.810853977070	-0.670770192342
5000.000000000000	-2.346629060541	-0.624651236424
5000.000000000000	-1.880088304440	-0.575837599800
5000.000000000000	-1.411692128169	-0.524024802675
5000.000000000000	-0.941902782204	-0.468906174848
5000.000000000000	-0.471183891909	-0.410283316017
5000.000000000000	-0.000000000000	-0.348187611054
5000.000000000000	0.000000000000	-0.346693537236
5000.000000000000	0.471181190982	-0.282326790467
5000.000000000000	0.941897383015	-0.215520052548
5000.000000000000	1.411684036048	-0.147201588654
5000.000000000000	1.880077527372	-0.078410812337
5000.000000000000	2.346615609161	-0.010131217376
5000.000000000000	2.810837864654	0.056849849125
5000.000000000000	3.272286162531	0.122014639679
5000.000000000000	3.730505109033	0.185108570773
5000.000000000000	4.185042497383	0.246070482691
5000.000000000000	4.635449754053	0.304936162782
5000.000000000000	5.081282381461	0.361754560519
5000.000000000000	5.522100396630	0.416542684730
5000.000000000000	5.957468765398	0.469283443642
5000.000000000000	6.386957831748	0.519951457699
5000.000000000000	6.810143741825	0.568543358813
5000.000000000000	7.226608862228	0.615093321915
5000.000000000000	7.635942192163	0.659667197651
5000.000000000000	8.037739769052	0.702341858835
5000.000000000000	8.431605067198	0.743183404227
5000.000000000000	8.817149389102	0.782236135583
5000.000000000000	9.193992249067	0.819526198823
5000.000000000000	9.561761748686	0.855074920199
5000.000000000000	9.920094943864	0.888912271570
5000.000000000000	10.268638203001	0.921082540808
5000.000000000000	10.607047555979	0.951640311975
5000.000000000000	10.934989033623	0.980641120919
5000.000000000000	11.252138997288	1.008133859030
5000.000000000000	11.558184458251	1.034159914980
5000.000000000000	11.852823386589	1.058758966355
5000.000000000000	12.135765009254	1.081976732225
5000.000000000000	12.406730097023	1.103868777350
5000.000000000000	12.665451240069	1.124497215266
5000.000000000000	12.911673111860	1.143921953413
5000.000000000000	13.145152721134	1.162191817232
5000.000000000000	13.365659651707	1.179341136774
5000.000000000000	13.572976289858	1.195394055923
5000.000000000000	13.766898039097	1.210374041747
5000.000000000000	13.947233522069	1.224312816559
5000.000000000000	14.113804769425	1.237253216056
5000.000000000000	14.266447395453	1.249244111167
5000.000000000000	14.405010760311	1.260330295878
5000.000000000000	14.529358118687	1.270543258720
5000.000000000000	14.639366754750	1.279898237298
5000.000000000000	14.734928103259	1.288399266530
5000.000000000000	14.815947856699	1.296049318772
5000.000000000000	14.882346058356	1.302859837153
5000.000000000000	14.934057181220	1.308854563262
5000.000000000000	14.971030192657	1.314066068113
5000.000000000000	14.993228604768	1.318527612467
5000.000000000000	15.000630510401	1.322265359041
5000.000000000000	14.993228604768	1.325295211377
5000.000000000000	14.971030192657	1.327625302217
5000.000000000000	14.934057181220	1.329261539884
5000.000000000000	14.882346058356	1.330211916437
5000.000000000000	14.815947856699	1.330486474987
5000.000000000000	14.734928103259	1.330093046082
5000.000000000000	14.639366754750	1.329031942204
5000.000000000000	14.529358118687	1.327293706790
5000.000000000000	14.405010760311	1.324862128441
5000.000000000000	14.266447395453	1.321721248218
5000.000000000000	14.113804769425	1.317862266423
5000.000000000000	13.947233522069	1.313285977205
5000.000000000000	13.766898039097	1.307998912766
5000.000000000000	13.572976289858	1.302005234527
5000.000000000000	13.365659651707	1.295299149204
5000.000000000000	13.145152721134	1.287862464928
5000.000000000000	12.911673111860	1.279668833929
5000.000000000000	12.665451240069	1.270692095273
5000.000000000000	12.406730097023	1.260913510070
5000.000000000000	12.135765009254	1.250323275196
5000.000000000000	11.852823386589	1.238915231308
5000.000000000000	11.558184458251	1.226677994542
5000.000000000000	11.252138997288	1.213588112706
5000.000000000000	10.934989033623	1.199609688092
5000.000000000000	10.607047555979	1.184700830300
5000.000000000000	10.268638203001	1.168822818613
5000.000000000000	9.920094943864	1.151945863222
5000.000000000000	9.561761748686	1.134047296201
5000.000000000000	9.193992249067	1.115102861730
5000.000000000000	8.817149389102	1.095076514147
5000.000000000000	8.431605067198	1.073915617498
5000.000000000000	8.037739769052	1.051555393559
5000.000000000000	7.635942192163	1.027930472001
5000.000000000000	7.226608862228	1.002986135190
5000.000000000000	6.810143741825	0.976680911861
5000.000000000000	6.386957831748	0.948976728451
5000.000000000000	5.957468765398	0.919820597070
5000.000000000000	5.522100396630	0.889128137417
5000.000000000000	5.081282381461	0.856779726278
5000.000000000000	4.635449754053	0.822633492244
5000.000000000000	4.185042497383	0.786548817795
5000.000000000000	3.730505109033	0.748405608156
5000.000000000000	3.272286162531	0.708104171255
5000.000000000000	2.810837864654	0.665540061114
5000.000000000000	2.346615609161	0.620563937485
5000.000000000000	1.880077527372	0.572950307975
5000.000000000000	1.411684036048	0.522402506993
5000.000000000000	0.941897383015	0.468610323681
5000.000000000000	0.471181190982	0.411354394371
5000.000000000000	0.000000000000	0.350627339122
5000.000000000000	-0.471181190982	0.286727352767
5000.000000000000	-0.941897383015	0.220283681718
5000.000000000000	-1.411684036048	0.152195291555
5000.000000000000	-1.880077527372	0.083495627467
5000.000000000000	-2.346615609161	0.015184286708
5000.000000000000	-2.810837864654	-0.051921516052
5000.000000000000	-3.272286162531	-0.117271799833
5000.000000000000	-3.730505109033	-0.180586911143
5000.000000000000	-4.185042497383	-0.241791857161
5000.000000000000	-4.635449754053	-0.300917815726
5000.000000000000	-5.081282381461	-0.358012605625
5000.000000000000	-5.522100396630	-0.413089974348
5000.000000000000	-5.957468765398	-0.466125194818
5000.000000000000	-6.386957831748	-0.517082927757
5000.000000000000	-6.810143741825	-0.565952158234
5000.000000000000	-7.226608862228	-0.612765747220
5000.000000000000	-7.635942192163	-0.657595184191
5000.000000000000	-8.037739769052	-0.700526424250
5000.000000000000	-8.431605067198	-0.741632218284
5000.000000000000	-8.817149389102	-0.780956127654
5000.000000000000	-9.193992249067	-0.818515047891
5000.000000000000	-9.561761748686	-0.854316174643
5000.000000000000	-9.920094943864	-0.888377134227
5000.000000000000	-10.268638203001	-0.920737889383
5000.000000000000	-10.607047555979	-0.951459154790
5000.000000000000	-10.934989033623	-0.980610250637
5000.000000000000	-11.252138997288	-1.008254784986
5000.000000000000	-11.558184458251	-1.034442576003
5000.000000000000	-11.852823386589	-1.059211459051
5000.000000000000	-12.135765009254	-1.082596356906
5000.000000000000	-12.406730097023	-1.104639000259
5000.000000000000	-12.665451240069	-1.125392034308
5000.000000000000	-12.911673111860	-1.144915276128
5000.000000000000	-13.145152721134	-1.163266860334
5000.000000000000	-13.365659651707	-1.180494898996
5000.000000000000	-13.572976289858	-1.196634559058
5000.000000000000	-13.766898039097	-1.211711863159
5000.000000000000	-13.947233522069	-1.225751421857
5000.000000000000	-14.113804769425	-1.238783182530
5000.000000000000	-14.266447395453	-1.250844239836
5000.000000000000	-14.405010760311	-1.261974987016
5000.000000000000	-14.529358118687	-1.272212303888
5000.000000000000	-14.639366754750	-1.281584040468
5000.000000000000	-14.734928103259	-1.290107989768
5000.000000000000	-14.815947856699	-1.297795693978
5000.000000000000	-14.882346058356	-1.304658623573
5000.000000000000	-14.934057181220	-1.310713148611
5000.000000000000	-14.971030192657	-1.315981773213
5000.000000000000	-14.993228604768	-1.320490476563
5000.000000000000	-15.000630510401	-1.324264147209
5000.000000000000	-14.993228604768	-1.327322775703
5000.000000000000	-14.971030192657	-1.329680087608
5000.000000000000	-14.934057181220	-1.331344511223
5000.000000000000	-14.882346058356	-1.332321036493
5000.000000000000	-14.815947856699	-1.332612432029
5000.000000000000	-14.734928103259	-1.332219303971
5000.000000000000	-14.639366754750	-1.331139700916
5000.000000000000	-14.529358118687	-1.329369419163
5000.000000000000	-14.405010760311	-1.326903504255
5000.000000000000	-14.266447395453	-1.323738213338
5000.000000000000	-14.113804769425	-1.319871911117
5000.000000000000	-13.947233522069	-1.315303758555
5000.000000000000	-13.766898039097	-1.310030500520
5000.000000000000	-13.572976289858	-1.304043204357
5000.000000000000	-13.365659651707	-1.297326270058
5000.000000000000	-13.145152721134	-1.289859878541
5000.000000000000	-12.911673111860	-1.281624828012
5000.000000000000	-12.665451240069	-1.272606837968
5000.000000000000	-12.406730097023	-1.262797247986
5000.000000000000	-12.135765009254	-1.252188977643
5000.000000000000	-11.852823386589	-1.240769631778
5000.000000000000	-11.558184458251	-1.228515842395
5000.000000000000	-11.252138997288	-1.215392732519
5000.000000000000	-10.934989033623	-1.201359562599
5000.000000000000	-10.607047555979	-1.186378682878
5000.000000000000	-10.268638203001	-1.170422306684
5000.000000000000	-9.920094943864	-1.153472234116
5000.000000000000	-9.561761748686	-1.135511537429
5000.000000000000	-9.193992249067	-1.116512300940
5000.000000000000	-8.817149389102	-1.096426675106
5000.000000000000	-8.431605067198	-1.075187456939
5000.000000000000	-8.037739769052	-1.052719229479
5000.000000000000	-7.635942192163	-1.028954494507
5000.000000000000	-7.226608862228	-1.003845183014
5000.000000000000	-6.810143741825	-0.977361322996
5000.000000000000	-6.386957831748	-0.949475365414
5000.000000000000	-5.957468765398	-0.920139270215
5000.000000000000	-5.522100396630	-0.889266857612
5000.000000000000	-5.081282381461	-0.856732333227
5000.000000000000	-4.635449754053	-0.822387269186
5000.000000000000	-4.185042497383	-0.786086945080
5000.000000000000	-3.730505109033	-0.747709433379
5000.000000000000	-3.272286162531	-0.707152480890
5000.000000000000	-2.810837864654	-0.664304804104
5000.000000000000	-2.346615609161	-0.619004895429
5000.000000000000	-1.880077527372	-0.571013177796
5000.000000000000	-1.411684036048	-0.520024375909
5000.000000000000	-0.941897383015	-0.465733482117
5000.000000000000	-0.471181190982	-0.407945197639
5000.000000000000	-0.000000000000	-0.346693537236
5000.000000000000	0.000000000000	-0.345162655694
5000.000000000000	0.471177617793	-0.281583979568
5000.000000000000	0.941890240163	-0.215553978867
5000.000000000000	1.411673330582	-0.148007675179
5000.000000000000	1.880063269858	-0.079993677911
5000.000000000000	2.346597813668	-0.012501799083
5000.000000000000	2.810816548745	0.053681124005
5000.000000000000	3.272261347242	0.118045104247
5000.000000000000	3.730476818854	0.180347132487
5000.000000000000	4.185010760232	0.240535868367
5000.000000000000	4.635414601252	0.298650372954
5000.000000000000	5.081243847701	0.354734877531
5000.000000000000	5.522058519939	0.408796425269
5000.000000000000	5.957423587103	0.460808290601
5000.000000000000	6.386909396436	0.510741329057
5000.000000000000	6.810092097295	0.558596869504
5000.000000000000	7.226554059446	0.604420494356
5000.000000000000	7.635884285213	0.648290924493
5000.000000000000	8.037678815082	0.690293285634
5000.000000000000	8.431541126362	0.730493494645
5000.000000000000	8.817082524502	0.768927598943
5000.000000000000	9.193922526689	0.805609715961
5000.000000000000	9.561689237338	0.840551353851
5000.000000000000	9.920019715107	0.873779493727
5000.000000000000	10.268560331076	0.905343253629
5000.000000000000	10.606967117736	0.935306931874
5000.000000000000	10.934906108446	0.963735536089
5000.000000000000	11.252053667013	0.990682672907
5000.000000000000	11.558096807089	1.016188128458
5000.000000000000	11.852733501041	1.040285695022
5000.000000000000	12.135672978026	1.063015212984
5000.000000000000	12.406636010939	1.084430385999
5000.000000000000	12.665355191981	1.104596919291
5000.000000000000	12.911575196555	1.123581832094
5000.000000000000	13.145053035244	1.141440414744
5000.000000000000	13.365558293608	1.158208823127
5000.000000000000	13.572873359580	1.173906901695
5000.000000000000	13.766793638219	1.188549658736
5000.000000000000	13.947127753622	1.202160638450
5000.000000000000	14.113697737789	1.214779315886
5000.000000000000	14.266339206256	1.226458175764
5000.000000000000	14.404901520323	1.237251162523
5000.000000000000	14.529247935714	1.247200140046
5000.000000000000	14.639255737530	1.256327033317
5000.000000000000	14.734816361352	1.264635955022
5000.000000000000	14.815835500381	1.272123919814
5000.000000000000	14.882233198509	1.278794052269
5000.000000000000	14.933943929223	1.284664122172
5000.000000000000	14.970916660277	1.289766218646
5000.000000000000	14.993114904047	1.294138491842
5000.000000000000	15.000516753548	1.297814120148
5000.000000000000	14.993114904047	1.300813667032
5000.000000000000	14.970916660277	1.303144443800
5000.000000000000	14.933943929223	1.304806137350
5000.000000000000	14.882233198509	1.305798466693
5000.000000000000	14.815835500381	1.306125968291
5000.000000000000	14.734816361352	1.305797328198
5000.000000000000	14.639255737530	1.304820339374
5000.000000000000	14.529247935714	1.303196237028
5000.000000000000	14.404901520323	1.300917288354
5000.000000000000	14.266339206256	1.297969190218
5000.000000000000	14.113697737789	1.294336670236
5000.000000000000	13.947127753622	1.290008727380
5000.000000000000	13.766793638219	1.284980353923
5000.000000000000	13.572873359580	1.279249960038
5000.000000000000	13.365558293608	1.272814449194
5000.000000000000	13.145053035244	1.265665196559
5000.000000000000	12.911575196555	1.257787295743
5000.000000000000	12.665355191981	1.249162058570
5000.000000000000	12.406636010939	1.239770539562
5000.000000000000	12.135672978026	1.229595311321
5000.000000000000	11.852733501041	1.218619172104
5000.000000000000	11.558096807089	1.206821866022
5000.000000000000	11.252053667013	1.194177508872
5000.000000000000	10.934906108446	1.180655022220
5000.000000000000	10.606967117736	1.166221657014
5000.000000000000	10.268560331076	1.150847149186
5000.000000000000	9.920019715107	1.134505069586
5000.000000000000	9.561689237338	1.117169445270
5000.000000000000	9.193922526689	1.098807977282
5000.000000000000	8.817082524502	1.079376048539
5000.000000000000	8.431541126362	1.058816055654
5000.000000000000	8.037678815082	1.037063718983
5000.000000000000	7.635884285213	1.014058373060
5000.000000000000	7.226554059446	0.989750724925
5000.000000000000	6.810092097295	0.964101815257
5000.000000000000	6.386909396436	0.937071462845
5000.000000000000	5.957423587103	0.908601078723
5000.000000000000	5.522058519939	0.878600410446
5000.000000000000	5.081243847701	0.846947079124
5000.000000000000	4.635414601252	0.813501116717
5000.000000000000	4.185010760232	0.778127226664
5000.000000000000	3.730476818854	0.740710699609
5000.000000000000	3.272261347242	0.701153741015
5000.000000000000	2.810816548745	0.659348638667
5000.000000000000	2.346597813668	0.615138879618
5000.000000000000	1.880063269858	0.568291494515
5000.000000000000	1.411673330582	0.518506037405
5000.000000000000	0.941890240163	0.465474362494
5000.000000000000	0.471177617793	0.408984005549
5000.000000000000	0.000000000000	0.349035538685
5000.000000000000	-0.471177617793	0.285931532331
5000.000000000000	-0.941890240163	0.220299006705
5000.000000000000	-1.411673330582	0.153028342132
5000.000000000000	-1.880063269858	0.085141515231
5000.000000000000	-2.346597813668	0.017628734791
5000.000000000000	-2.810816548745	-0.048696190479
5000.000000000000	-3.272261347242	-0.113279867986
5000.000000000000	-3.730476818854	-0.175835045555
5000.000000000000	-4.185010760232	-0.236279617975
5000.000000000000	-4.635414601252	-0.294642366079
5000.000000000000	-5.081243847701	-0.350974983911
5000.000000000000	-5.522058519939	-0.405299465757
5000.000000000000	-5.957423587103	-0.457599412345
5000.000000000000	-6.386909396436	-0.507843553731
5000.000000000000	-6.810092097295	-0.556018652505
5000.000000000000	-7.226554059446	-0.602150435508
5000.000000000000	-7.635884285213	-0.646302409831
5000.000000000000	-8.037678815082	-0.688556274453
5000.000000000000	-8.431541126362	-0.728986888395
5000.000000000000	-8.817082524502	-0.767645573540
5000.000000000000	-9.193922526689	-0.804558949353
5000.000000000000	-9.561689237338	-0.839741185643
5000.000000000000	-9.920019715107	-0.873210880071
5000.000000000000	-10.268560331076	-0.905002860575
5000.000000000000	-10.606967117736	-0.935169649760
5000.000000000000	-10.934906108446	-0.963773850686
5000.000000000000	-11.252053667013	-0.990877413627
5000.000000000000	-11.558096807089	-1.016534309924
5000.000000000000	-11.852733501041	-1.040789922501
5000.000000000000	-12.135672978026	-1.063685907413
5000.000000000000	-12.406636010939	-1.085266241320
5000.000000000000	-12.665355191981	-1.105580203807
5000.000000000000	-12.911575196555	-1.124680670445
5000.000000000000	-13.145053035244	-1.142619339978
5000.000000000000	-13.365558293608	-1.159442292528
5000.000000000000	-13.572873359580	-1.175188648217
5000.000000000000	-13.766793638219	-1.189892747763
5000.000000000000	-13.947127753622	-1.203587903959
5000.000000000000	-14.113697737789	-1.216308919377
5000.000000000000	-14.266339206256	-1.228091656302
5000.000000000000	-14.404901520323	-1.238970107065
5000.000000000000	-14.529247935714	-1.248973137693
5000.000000000000	-14.639255737530	-1.258123243658
5000.000000000000	-14.734816361352	-1.266438238210
5000.000000000000	-14.815835500381	-1.273934816753
5000.000000000000	-14.882233198509	-1.280631751231
5000.000000000000	-14.933943929223	-1.286550825422
5000.000000000000	-14.970916660277	-1.291715213206
5000.000000000000	-14.993114904047	-1.296146690953
5000.000000000000	-15.000516753548	-1.299863695224
5000.000000000000	-14.993114904047	-1.302881390932
5000.000000000000	-14.970916660277	-1.305213243786
5000.000000000000	-14.933943929223	-1.306872327888
5000.000000000000	-14.882233198509	-1.307870710166
5000.000000000000	-14.815835500381	-1.308216738610
5000.000000000000	-14.734816361352	-1.307911908500
5000.000000000000	-14.639255737530	-1.306949821730
5000.000000000000	-14.529247935714	-1.305318812481
5000.000000000000	-14.404901520323	-1.303007507409
5000.000000000000	-14.266339206256	-1.300010362161
5000.000000000000	-14.113697737789	-1.296329640723
5000.000000000000	-13.947127753622	-1.291972020163
5000.000000000000	-13.766793638219	-1.286941182488
5000.000000000000	-13.572873359580	-1.281230492941
5000.000000000000	-13.365558293608	-1.274820321592
5000.000000000000	-13.145053035244	-1.267682178748
5000.000000000000	-12.911575196555	-1.259787811529
5000.000000000000	-12.665355191981	-1.251118125956
5000.000000000000	-12.406636010939	-1.241666398685
5000.000000000000	-12.135672978026	-1.231433252029
5000.000000000000	-11.852733501041	-1.220415717887
5000.000000000000	-11.558096807089	-1.208596550169
5000.000000000000	-11.252053667013	-1.195940288692
5000.000000000000	-10.934906108446	-1.182398922964
5000.000000000000	-10.606967117736	-1.167924289775
5000.000000000000	-10.268560331076	-1.152479943249
5000.000000000000	-9.920019715107	-1.136044998507
5000.000000000000	-9.561689237339	-1.118606861485
5000.000000000000	-9.193922526689	-1.100146461733
5000.000000000000	-8.817082524502	-1.080624620658
5000.000000000000	-8.431541126362	-1.059978235464
5000.000000000000	-8.037678815082	-1.038129553575
5000.000000000000	-7.635884285213	-1.015003811235
5000.000000000000	-7.226554059446	-0.990544653119
5000.000000000000	-6.810092097295	-0.964716910187
5000.000000000000	-6.386909396436	-0.937493023871
5000.000000000000	-5.957423587103	-0.908829196933
5000.000000000000	-5.522058519939	-0.878644470043
5000.000000000000	-5.081243847701	-0.846815611135
5000.000000000000	-4.635414601252	-0.813192226209
5000.000000000000	-4.185010760232	-0.777624064520
5000.000000000000	-3.730476818854	-0.739983312239
5000.000000000000	-3.272261347242	-0.700165013761
5000.000000000000	-2.810816548745	-0.658060095236
5000.000000000000	-2.346597813668	-0.613512948655
5000.000000000000	-1.880063269858	-0.566289964518
5000.000000000000	-1.411673330583	-0.516087859317
5000.000000000000	-0.941890240163	-0.462597500750
5000.000000000000	-0.471177617793	-0.405614472865
5000.000000000000	-0.000000000000	-0.345162655694
5000.000000000000	0.000000000000	-0.344961032867
5000.000000000000	0.471167496833	-0.282066575502
5000.000000000000	0.941870008232	-0.216718096299
5000.000000000000	1.411643007646	-0.149844127533
5000.000000000000	1.880022885841	-0.082490714907
5000.000000000000	2.346547408425	-0.015649210143
5000.000000000000	2.810756172020	0.049889767157
5000.000000000000	3.272191058619	0.113613055943
5000.000000000000	3.730396687700	0.175277391206
5000.000000000000	4.184920865627	0.234834653430
5000.000000000000	4.635315031911	0.292329145901
5000.000000000000	5.081134701886	0.347809700229
5000.000000000000	5.521939905364	0.401284881451
5000.000000000000	5.957295620827	0.452725498485
5000.000000000000	6.386772204745	0.502097060668
5000.000000000000	6.809945815582	0.549395226703
5000.000000000000	7.226398832073	0.594662288554
5000.000000000000	7.635720265371	0.637977560738
5000.000000000000	8.037506164638	0.679430259698
5000.000000000000	8.431360015701	0.719091906985
5000.000000000000	8.816893132359	0.757003175532
5000.000000000000	9.193725039972	0.793180099351
5000.000000000000	9.561483850942	0.827633213130
5000.000000000000	9.919806631723	0.860386916794
5000.000000000000	10.268339760991	0.891488033653
5000.000000000000	10.606739278627	0.921000256515
5000.000000000000	10.934671225162	0.948989858998
5000.000000000000	11.251811971357	0.975512578479
5000.000000000000	11.557848537583	1.000609731663
5000.000000000000	11.852478902699	1.024315087981
5000.000000000000	12.135412302105	1.046667091878
5000.000000000000	12.406369514695	1.067717893798
5000.000000000000	12.665083138414	1.087532978769
5000.000000000000	12.911297854148	1.106181273546
5000.000000000000	13.144770677701	1.123721611761
5000.000000000000	13.365271199582	1.140193716774
5000.000000000000	13.572581812397	1.155619160348
5000.000000000000	13.766497925602	1.170011811995
5000.000000000000	13.946828167403	1.183391707279
5000.000000000000	14.113394573625	1.195794309450
5000.000000000000	14.266032763332	1.207269870081
5000.000000000000	14.404592101062	1.217873311607
5000.000000000000	14.528935845475	1.227650395107
5000.000000000000	14.638941284308	1.236627877516
5000.000000000000	14.734499855475	1.244812939024
5000.000000000000	14.815517254202	1.252201922731
5000.000000000000	14.881913526098	1.258793431159
5000.000000000000	14.933623146059	1.264598816214
5000.000000000000	14.970595082933	1.269644984716
5000.000000000000	14.992792849882	1.273968889778
5000.000000000000	15.000194540389	1.277607433345
5000.000000000000	14.992792849882	1.280588390221
5000.000000000000	14.970595082933	1.282926606341
5000.000000000000	14.933623146059	1.284626254430
5000.000000000000	14.881913526098	1.285686555786
5000.000000000000	14.815517254202	1.286106999924
5000.000000000000	14.734499855475	1.285889229961
5000.000000000000	14.638941284308	1.285035379641
5000.000000000000	14.528935845475	1.283544950034
5000.000000000000	14.404592101062	1.281412911880
5000.000000000000	14.266032763332	1.278630453688
5000.000000000000	14.113394573625	1.275187717112
5000.000000000000	13.946828167403	1.271076449069
5000.000000000000	13.766497925602	1.266290660884
5000.000000000000	13.572581812397	1.260824892525
5000.000000000000	13.365271199582	1.254671396368
5000.000000000000	13.144770677701	1.247818251932
5000.000000000000	12.911297854148	1.240249635204
5000.000000000000	12.665083138414	1.231947800011
5000.000000000000	12.406369514695	1.222895022844
5000.000000000000	12.135412302105	1.213073803694
5000.000000000000	11.852478902699	1.202465018407
5000.000000000000	11.557848537583	1.191045474321
5000.000000000000	11.251811971357	1.178787079784
5000.000000000000	10.934671225162	1.165658877238
5000.000000000000	10.606739278627	1.151631010100
5000.000000000000	10.268339760991	1.136677789791
5000.000000000000	9.919806631723	1.120776920473
5000.000000000000	9.561483850942	1.103904068868
5000.000000000000	9.193725039972	1.086025220425
5000.000000000000	8.816893132359	1.067091513640
5000.000000000000	8.431360015701	1.047040677209
5000.000000000000	8.037506164638	1.025805617382
5000.000000000000	7.635720265371	1.003325950177
5000.000000000000	7.226398832073	0.979555315350
5000.000000000000	6.809945815582	0.954458468668
5000.000000000000	6.386772204745	0.927997462988
5000.000000000000	5.957295620827	0.900113037112
5000.000000000000	5.521939905364	0.870711531633
5000.000000000000	5.081134701886	0.839666064929
5000.000000000000	4.635315031911	0.806833236139
5000.000000000000	4.184920865627	0.772076853435
5000.000000000000	3.730396687700	0.735283796494
5000.000000000000	3.272191058619	0.696358813091
5000.000000000000	2.810756172020	0.655195568807
5000.000000000000	2.346547408425	0.611636302917
5000.000000000000	1.880022885841	0.565444262384
5000.000000000000	1.411643007646	0.516314346891
5000.000000000000	0.941870008232	0.463935239065
5000.000000000000	0.471167496833	0.408094496640
5000.000000000000	0.000000000000	0.348795933621
5000.000000000000	-0.471167496833	0.286346769862
5000.000000000000	-0.941870008232	0.221377293710
5000.000000000000	-1.411643007646	0.154777460993
5000.000000000000	-1.880022885841	0.087564578503
5000.000000000000	-2.346547408425	0.020721554256
5000.000000000000	-2.810756172020	-0.044944673761
5000.000000000000	-3.272191058619	-0.108884158691
5000.000000000000	-3.730396687700	-0.170808279612
5000.000000000000	-4.184920865627	-0.230629730095
5000.000000000000	-4.635315031911	-0.288371188160
5000.000000000000	-5.081134701886	-0.344080803030
5000.000000000000	-5.521939905364	-0.397781858495
5000.000000000000	-5.957295620827	-0.449464028440
5000.000000000000	-6.386772204745	-0.499104520817
5000.000000000000	-6.809945815582	-0.546697411937
5000.000000000000	-7.226398832073	-0.592271523312
5000.000000000000	-7.635720265371	-0.635888120899
5000.000000000000	-8.037506164638	-0.677622605748
5000.000000000000	-8.431360015701	-0.717542461773
5000.000000000000	-8.816893132359	-0.755693781052
5000.000000000000	-9.193725039972	-0.792102091072
5000.000000000000	-9.561483850942	-0.826784594949
5000.000000000000	-9.919806631723	-0.859765274275
5000.000000000000	-10.268339760991	-0.891084205367
5000.000000000000	-10.606739278627	-0.920797084969
5000.000000000000	-10.934671225162	-0.948967039538
5000.000000000000	-11.251811971357	-0.975654685365
5000.000000000000	-11.557848537583	-1.000912262370
5000.000000000000	-11.852478902699	-1.024784205002
5000.000000000000	-12.135412302105	-1.047312272918
5000.000000000000	-12.406369514695	-1.068540969832
5000.000000000000	-12.665083138414	-1.088519589343
5000.000000000000	-12.911297854148	-1.107300022022
5000.000000000000	-13.144770677701	-1.124932379201
5000.000000000000	-13.365271199582	-1.141461651206
5000.000000000000	-13.572581812397	-1.156927473929
5000.000000000000	-13.766497925602	-1.171366635524
5000.000000000000	-13.946828167403	-1.184815990520
5000.000000000000	-14.113394573625	-1.197313286635
5000.000000000000	-14.266032763332	-1.208895075271
5000.000000000000	-14.404592101062	-1.219593143081
5000.000000000000	-14.528935845475	-1.229432158398
5000.000000000000	-14.638941284308	-1.238430574181
5000.000000000000	-14.734499855475	-1.246604679791
5000.000000000000	-14.815517254202	-1.253973489942
5000.000000000000	-14.881913526098	-1.260561410058
5000.000000000000	-14.933623146059	-1.266396888217
5000.000000000000	-14.970595082933	-1.271507780800
5000.000000000000	-14.992792849882	-1.275916292648
5000.000000000000	-15.000194540389	-1.279636676494
5000.000000000000	-14.992792849882	-1.282677114806
5000.000000000000	-14.970595082933	-1.285044452180
5000.000000000000	-14.933623146059	-1.286748485992
5000.000000000000	-14.881913526098	-1.287802691842
5000.000000000000	-14.815517254202	-1.288220546475
5000.000000000000	-14.734499855475	-1.288009605803
5000.000000000000	-14.638941284308	-1.287167250955
5000.000000000000	-14.528935845475	-1.285681287439
5000.000000000000	-14.404592101062	-1.283535678940
5000.000000000000	-14.266032763332	-1.280718362498
5000.000000000000	-14.113394573625	-1.277226461109
5000.000000000000	-13.946828167403	-1.273065457485
5000.000000000000	-13.766497925602	-1.268242422246
5000.000000000000	-13.572581812397	-1.262757108967
5000.000000000000	-13.365271199582	-1.256596292465
5000.000000000000	-13.144770677701	-1.249735010274
5000.000000000000	-12.911297854148	-1.242144249403
5000.000000000000	-12.665083138414	-1.233800548124
5000.000000000000	-12.406369514695	-1.224691520730
5000.000000000000	-12.135412302105	-1.214813538213
5000.000000000000	-11.852478902699	-1.204162530922
5000.000000000000	-11.557848537583	-1.192723291172
5000.000000000000	-11.251811971357	-1.180463940868
5000.000000000000	-10.934671225162	-1.167339375664
5000.000000000000	-10.606739278627	-1.153302029289
5000.000000000000	-10.268339760991	-1.138313497569
5000.000000000000	-9.919806631723	-1.122349513441
5000.000000000000	-9.561483850942	-1.105394422570
5000.000000000000	-9.193725039972	-1.087427728303
5000.000000000000	-8.816893132359	-1.068410611700
5000.000000000000	-8.431360015701	-1.048281104691
5000.000000000000	-8.037506164638	-1.026961891887
5000.000000000000	-7.635720265371	-1.004376990428
5000.000000000000	-7.226398832073	-0.980467388911
5000.000000000000	-6.809945815582	-0.955195166826
5000.000000000000	-6.386772204745	-0.928531614464
5000.000000000000	-5.957295620827	-0.900434381038
5000.000000000000	-5.521939905364	-0.870826126132
5000.000000000000	-5.081134701886	-0.839587618841
5000.000000000000	-4.635315031911	-0.806570557902
5000.000000000000	-4.184920865627	-0.771623323615
5000.000000000000	-3.730396687700	-0.734613394950
5000.000000000000	-3.272191058619	-0.695429666688
5000.000000000000	-2.810756172020	-0.653958282310
5000.000000000000	-2.346547408425	-0.610042532148
5000.000000000000	-1.880022885841	-0.563451968136
5000.000000000000	-1.411643007646	-0.513889179768
5000.000000000000	-0.941870008232	-0.461050613882
5000.000000000000	-0.471167496833	-0.404734126915
5000.000000000000	-0.000000000000	-0.344961032867
5000.000000000000	0.000000000000	-0.344173867596
5000.000000000000	0.471155239595	-0.281885725861
5000.000000000000	0.941845505853	-0.217151182779
5000.000000000000	1.411606284306	-0.150894129041
5000.000000000000	1.879973977782	-0.084153641312
5000.000000000000	2.346486363914	-0.017914754963
5000.000000000000	2.810683051299	0.047034800479
5000.000000000000	3.272105933851	0.110180183232
5000.000000000000	3.730299642892	0.171272942764
5000.000000000000	4.184811996550	0.230258995860
5000.000000000000	4.635194446006	0.287178913711
5000.000000000000	5.081002518158	0.342081840889
5000.000000000000	5.521796254261	0.394980493819
5000.000000000000	5.957140644116	0.445851669480
5000.000000000000	6.386606055369	0.494666014621
5000.000000000000	6.809768657510	0.541421480881
5000.000000000000	7.226210840139	0.586159432226
5000.000000000000	7.635521625100	0.628956295586
5000.000000000000	8.037297072065	0.669898509401
5000.000000000000	8.431140677174	0.709056624958
5000.000000000000	8.816663764339	0.746472611322
5000.000000000000	9.193485868817	0.782165177269
5000.000000000000	9.561235112686	0.816147337563
5000.000000000000	9.919548571840	0.848444523561
5000.000000000000	10.268072634155	0.879102955956
5000.000000000000	10.606463348460	0.908185036258
5000.000000000000	10.934386763974	0.935756489058
5000.000000000000	11.251519259877	0.961874205328
5000.000000000000	11.557547864682	0.986582161556
5000.000000000000	11.852170565105	1.009916952692
5000.000000000000	12.135096604109	1.031918266083
5000.000000000000	12.406046767854	1.052636812227
5000.000000000000	12.664753661238	1.072134266615
5000.000000000000	12.910961971794	1.090475105432
5000.000000000000	13.144428721642	1.107715394067
5000.000000000000	13.364923507288	1.123895452533
5000.000000000000	13.572228727000	1.139040870210
5000.000000000000	13.766139795553	1.153171212718
5000.000000000000	13.946465346133	1.166311137020
5000.000000000000	14.113027419195	1.178497267700
5000.000000000000	14.265661638080	1.189776804657
5000.000000000000	14.404217371242	1.200198762395
5000.000000000000	14.528557880902	1.209803013292
5000.000000000000	14.638560457987	1.218613451274
5000.000000000000	14.734116543234	1.226639065717
5000.000000000000	14.815131834325	1.233882133868
5000.000000000000	14.881526378948	1.240348830088
5000.000000000000	14.933234653704	1.246056503932
5000.000000000000	14.970205628767	1.251034107061
5000.000000000000	14.992402818250	1.255316248994
5000.000000000000	14.999804316206	1.258934716864
5000.000000000000	14.992402818250	1.261912150721
5000.000000000000	14.970205628767	1.264260681569
5000.000000000000	14.933234653704	1.265985104535
5000.000000000000	14.881526378948	1.267087638366
5000.000000000000	14.815131834325	1.267570951066
5000.000000000000	14.734116543234	1.267437890494
5000.000000000000	14.638560457987	1.266688896546
5000.000000000000	14.528557880902	1.265319653632
5000.000000000000	14.404217371242	1.263321186028
5000.000000000000	14.265661638080	1.260682669115
5000.000000000000	14.113027419195	1.257395135370
5000.000000000000	13.946465346133	1.253453472325
5000.000000000000	13.766139795553	1.248855190477
5000.000000000000	13.572228727000	1.243596642756
5000.000000000000	13.364923507288	1.237669178622
5000.000000000000	13.144428721642	1.231057839535
5000.000000000000	12.910961971794	1.223743501726
5000.000000000000	12.664753661238	1.215706962452
5000.000000000000	12.406046767854	1.206932004588
5000.000000000000	12.135096604109	1.197405043998
5000.000000000000	11.852170565105	1.187111294569
5000.000000000000	11.557547864682	1.176029957687
5000.000000000000	11.251519259877	1.164131947959
5000.000000000000	10.934386763974	1.151382233583
5000.000000000000	10.606463348460	1.137745745824
5000.000000000000	10.268072634155	1.123193004854
5000.000000000000	9.919548571840	1.107701139167
5000.000000000000	9.561235112686	1.091248497815
5000.000000000000	9.193485868817	1.073805253868
5000.000000000000	8.816663764339	1.055325636229
5000.000000000000	8.431140677174	1.035747345959
5000.000000000000	8.037297072065	1.014999840207
5000.000000000000	7.635521625100	0.993017481606
5000.000000000000	7.226210840139	0.969749524484
5000.000000000000	6.809768657510	0.945159452251
5000.000000000000	6.386606055369	0.919211684564
5000.000000000000	5.957140644116	0.891851398505
5000.000000000000	5.521796254261	0.862988569319
5000.000000000000	5.081002518158	0.832496522725
5000.000000000000	4.635194446006	0.800227768689
5000.000000000000	4.184811996550	0.766039231931
5000.000000000000	3.730299642892	0.729811339192
5000.000000000000	3.272105933851	0.691446140253
5000.000000000000	2.810683051299	0.650840012785
5000.000000000000	2.346486363914	0.607842325363
5000.000000000000	1.879973977782	0.562224589770
5000.000000000000	1.411606284306	0.513687089924
5000.000000000000	0.941845505853	0.461918237737
5000.000000000000	0.471155239595	0.406699520893
5000.000000000000	0.000000000000	0.348025450065
5000.000000000000	-0.471155239595	0.286194707454
5000.000000000000	-0.941845505853	0.221833256693
5000.000000000000	-1.411606284306	0.155832161329
5000.000000000000	-1.879973977782	0.089213744257
5000.000000000000	-2.346486363914	0.022966459892
5000.000000000000	-2.810683051299	-0.042100099505
5000.000000000000	-3.272105933851	-0.105437917087
5000.000000000000	-3.730299642892	-0.166764029064
5000.000000000000	-4.184811996550	-0.225997647544
5000.000000000000	-4.635194446006	-0.283165540399
5000.000000000000	-5.081002518158	-0.338315573057
5000.000000000000	-5.521796254261	-0.391466788594
5000.000000000000	-5.957140644116	-0.442603184861
5000.000000000000	-6.386606055369	-0.491698118737
5000.000000000000	-6.809768657510	-0.538745911748
5000.000000000000	-7.226210840139	-0.583779841910
5000.000000000000	-7.635521625100	-0.626867795647
5000.000000000000	-8.037297072065	-0.668090872496
5000.000000000000	-8.431140677174	-0.707518830408
5000.000000000000	-8.816663764339	-0.745195936349
5000.000000000000	-9.193485868817	-0.781143170123
5000.000000000000	-9.561235112686	-0.815373024805
5000.000000000000	-9.919548571840	-0.847906917145
5000.000000000000	-10.268072634155	-0.878785364845
5000.000000000000	-10.606463348460	-0.908066619520
5000.000000000000	-10.934386763974	-0.935816534168
5000.000000000000	-11.251519259877	-0.962096898922
5000.000000000000	-11.557547864682	-0.986959137747
5000.000000000000	-11.852170565105	-1.010445973307
5000.000000000000	-12.135096604109	-1.032598460521
5000.000000000000	-12.406046767854	-1.053462859408
5000.000000000000	-12.664753661238	-1.073092647258
5000.000000000000	-12.910961971794	-1.091544629523
5000.000000000000	-13.144428721642	-1.108872050363
5000.000000000000	-13.364923507288	-1.125119348112
5000.000000000000	-13.572228727000	-1.140321837134
5000.000000000000	-13.766139795553	-1.154510215172
5000.000000000000	-13.946465346133	-1.167716666765
5000.000000000000	-14.113027419195	-1.179978428930
5000.000000000000	-14.265661638080	-1.191336469293
5000.000000000000	-14.404217371242	-1.201830152804
5000.000000000000	-14.528557880902	-1.211491347461
5000.000000000000	-14.638560457987	-1.220341746160
5000.000000000000	-14.734116543234	-1.228395134005
5000.000000000000	-14.815131834325	-1.235663266702
5000.000000000000	-14.881526378948	-1.242161882165
5000.000000000000	-14.933234653704	-1.247913428998
5000.000000000000	-14.970205628767	-1.252945221776
5000.000000000000	-14.992402818250	-1.257284506658
5000.000000000000	-14.999804316206	-1.260953588773
5000.000000000000	-14.992402818250	-1.263967765122
5000.000000000000	-14.970205628767	-1.266336718037
5000.000000000000	-14.933234653704	-1.268067708144
5000.000000000000	-14.881526378948	-1.269167897839
5000.000000000000	-14.815131834325	-1.269644048927
5000.000000000000	-14.734116543234	-1.269499976661
5000.000000000000	-14.638560457987	-1.268733984816
5000.000000000000	-14.528557880902	-1.267338729931
5000.000000000000	-14.404217371242	-1.265304344413
5000.000000000000	-14.265661638080	-1.262623243768
5000.000000000000	-14.113027419195	-1.259293512485
5000.000000000000	-13.946465346133	-1.255318265955
5000.000000000000	-13.766139795553	-1.250700766097
5000.000000000000	-13.572228727000	-1.245437877946
5000.000000000000	-13.364923507288	-1.239515838866
5000.000000000000	-13.144428721642	-1.232911218506
5000.000000000000	-12.910961971794	-1.225596878738
5000.000000000000	-12.664753661238	-1.217549538012
5000.000000000000	-12.406046767854	-1.208754273008
5000.000000000000	-12.135096604109	-1.199202920775
5000.000000000000	-11.852170565105	-1.188887037754
5000.000000000000	-11.557547864682	-1.177789594984
5000.000000000000	-11.251519259877	-1.165880655263
5000.000000000000	-10.934386763974	-1.153120019567
5000.000000000000	-10.606463348460	-1.139465461198
5000.000000000000	-10.268072634155	-1.124881361773
5000.000000000000	-9.919548571840	-1.109341850670
5000.000000000000	-9.561235112686	-1.092825667917
5000.000000000000	-9.193485868817	-1.075305239646
5000.000000000000	-8.816663764339	-1.056736638904
5000.000000000000	-8.431140677174	-1.037057344266
5000.000000000000	-8.037297072065	-1.016194396519
5000.000000000000	-7.635521625100	-0.994078953719
5000.000000000000	-7.226210840139	-0.970658355263
5000.000000000000	-6.809768657510	-0.945897005499
5000.000000000000	-6.386606055369	-0.919763223503
5000.000000000000	-5.957140644116	-0.892207710104
5000.000000000000	-5.521796254261	-0.863145410059
5000.000000000000	-5.081002518158	-0.832452067271
5000.000000000000	-4.635194446006	-0.799979012148
5000.000000000000	-4.184811996550	-0.765578465460
5000.000000000000	-3.730299642892	-0.729123433457
5000.000000000000	-3.272105933851	-0.690506827199
5000.000000000000	-2.810683051299	-0.649615116840
5000.000000000000	-2.346486363914	-0.606288163231
5000.000000000000	-1.879973977782	-0.560290308395
5000.000000000000	-1.411606284306	-0.511320005626
5000.000000000000	-0.941845505853	-0.459072763742
5000.000000000000	-0.471155239595	-0.403348916997
5000.000000000000	-0.000000000000	-0.344173867596
5000.000000000000	0.000000000000	-0.341735309987
5000.000000000000	0.471156130623	-0.280054588079
5000.000000000000	0.941847287029	-0.215929559235
5000.000000000000	1.411608953873	-0.150286313712
5000.000000000000	1.879977533105	-0.084165227804
5000.000000000000	2.346490801485	-0.018550827158
5000.000000000000	2.810688366738	0.045771408186
5000.000000000000	3.272112121912	0.108289734797
5000.000000000000	3.730306697469	0.168758529551
5000.000000000000	4.184819910681	0.227125574826
5000.000000000000	4.635203211880	0.283432419300
5000.000000000000	5.081012127124	0.337728967344
5000.000000000000	5.521806696837	0.390029198134
5000.000000000000	5.957151909995	0.440311871640
5000.000000000000	6.386618133435	0.488549738122
5000.000000000000	6.809781535842	0.534741946055
5000.000000000000	7.226224506028	0.578929246375
5000.000000000000	7.635536065059	0.621185509413
5000.000000000000	8.037312271844	0.661593545098
5000.000000000000	8.431156621773	0.700220754163
5000.000000000000	8.816680438022	0.737107916486
5000.000000000000	9.193503255129	0.772275160957
5000.000000000000	9.561253194469	0.805738976417
5000.000000000000	9.919567331250	0.837528815966
5000.000000000000	10.268092052678	0.867693768512
5000.000000000000	10.606483406933	0.896296918087
5000.000000000000	10.934407442601	0.923402632743
5000.000000000000	11.251540538250	0.949065613237
5000.000000000000	11.557569721803	0.973328391695
5000.000000000000	11.852192979403	0.996227942469
5000.000000000000	12.135119553465	1.017806145351
5000.000000000000	12.406070229618	1.038116642034
5000.000000000000	12.664777612258	1.057223264922
5000.000000000000	12.910986388431	1.075190801262
5000.000000000000	13.144453579802	1.092073796632
5000.000000000000	13.364948782438	1.107910363267
5000.000000000000	13.572254394196	1.122724861851
5000.000000000000	13.766165829465	1.136537864478
5000.000000000000	13.946491721069	1.149377353866
5000.000000000000	14.113054109125	1.161284350684
5000.000000000000	14.265688616665	1.172309492940
5000.000000000000	14.404244611858	1.182502471446
5000.000000000000	14.528585356665	1.191900437004
5000.000000000000	14.638588141782	1.200522086682
5000.000000000000	14.734144407741	1.208370842324
5000.000000000000	14.815159852045	1.215445360787
5000.000000000000	14.881554522230	1.221751591252
5000.000000000000	14.933262894774	1.227309969974
5000.000000000000	14.970233939755	1.232154313302
5000.000000000000	14.992431171216	1.236323658625
5000.000000000000	14.999832683170	1.239851952676
5000.000000000000	14.992431171216	1.242761108708
5000.000000000000	14.970233939755	1.245060440977
5000.000000000000	14.933262894774	1.246751555048
5000.000000000000	14.881554522230	1.247834837928
5000.000000000000	14.815159852045	1.248313381069
5000.000000000000	14.734144407741	1.248192406016
5000.000000000000	14.638588141782	1.247475430501
5000.000000000000	14.528585356665	1.246160448531
5000.000000000000	14.404244611858	1.244239097615
5000.000000000000	14.265688616665	1.241699510043
5000.000000000000	14.113054109125	1.238530906497
5000.000000000000	13.946491721069	1.234726764152
5000.000000000000	13.766165829465	1.230284358486
5000.000000000000	13.572254394196	1.225200943907
5000.000000000000	13.364948782438	1.219469120214
5000.000000000000	13.144453579802	1.213074484364
5000.000000000000	12.910986388431	1.205997108849
5000.000000000000	12.664777612258	1.198215760395
5000.000000000000	12.406070229618	1.189711856301
5000.000000000000	12.135119553465	1.180470284548
5000.000000000000	11.852192979403	1.170476361851
5000.000000000000	11.557569721803	1.159710956221
5000.000000000000	11.251540538250	1.148147258158
5000.000000000000	10.934407442601	1.135751736622
5000.000000000000	10.606483406933	1.122488949065
5000.000000000000	10.268092052678	1.108326952018
5000.000000000000	9.919567331250	1.093239150780
5000.000000000000	9.561253194469	1.077200410503
5000.000000000000	9.193503255129	1.060179091208
5000.000000000000	8.816680438022	1.042129920567
5000.000000000000	8.431156621773	1.022992924404
5000.000000000000	8.037312271844	1.002700331467
5000.000000000000	7.635536065059	0.981188145700
5000.000000000000	7.226224506028	0.958405165672
5000.000000000000	6.809781535842	0.934312471663
5000.000000000000	6.386618133435	0.908871334427
5000.000000000000	5.957151909995	0.882024674109
5000.000000000000	5.521806696837	0.853682312333
5000.000000000000	5.081012127124	0.823719639989
5000.000000000000	4.635203211880	0.791992346976
5000.000000000000	4.184819910681	0.758359834838
5000.000000000000	3.730306697469	0.722702671412
5000.000000000000	3.272112121912	0.684920114020
5000.000000000000	2.810688366738	0.644903620187
5000.000000000000	2.346490801485	0.602497406932
5000.000000000000	1.879977533105	0.557469728158
5000.000000000000	1.411608953873	0.509520855963
5000.000000000000	0.941847287029	0.458342358302
5000.000000000000	0.471156130623	0.403720544213
5000.000000000000	0.000000000000	0.345654153065
5000.000000000000	-0.471156130623	0.284443499844
5000.000000000000	-0.941847287029	0.220712706420
5000.000000000000	-1.411608953873	0.155348092664
5000.000000000000	-1.879977533105	0.089366014172
5000.000000000000	-2.346490801485	0.023749700439
5000.000000000000	-2.810688366738	-0.040694357186
5000.000000000000	-3.272112121912	-0.103418828421
5000.000000000000	-3.730306697469	-0.164139754016
5000.000000000000	-4.184819910681	-0.222774872874
5000.000000000000	-4.635203211880	-0.279349977530
5000.000000000000	-5.081012127124	-0.333912735924
5000.000000000000	-5.521806696837	-0.386482351510
5000.000000000000	-5.957151909995	-0.437042637819
5000.000000000000	-6.386618133435	-0.485566001597
5000.000000000000	-6.809781535842	-0.532045272797
5000.000000000000	-7.226224506028	-0.576512510402
5000.000000000000	-7.635536065059	-0.619035612182
5000.000000000000	-8.037312271844	-0.659697445819
5000.000000000000	-8.431156621773	-0.698571024639
5000.000000000000	-8.816680438022	-0.735704362863
5000.000000000000	-9.193503255129	-0.771121440123
5000.000000000000	-9.561253194469	-0.804836150778
5000.000000000000	-9.919567331250	-0.836869680117
5000.000000000000	-10.268092052678	-0.867261444363
5000.000000000000	-10.606483406933	-0.896068820891
5000.000000000000	-10.934407442601	-0.923357802481
5000.000000000000	-11.251540538250	-0.949191351686
5000.000000000000	-11.557569721803	-0.973622347755
5000.000000000000	-11.852192979403	-0.996694201616
5000.000000000000	-12.135119553465	-1.018447213626
5000.000000000000	-12.406070229618	-1.038925630106
5000.000000000000	-12.664777612258	-1.058180692410
5000.000000000000	-12.910986388431	-1.076268108357
5000.000000000000	-13.144453579802	-1.093242066587
5000.000000000000	-13.364948782438	-1.109149844499
5000.000000000000	-13.572254394196	-1.124030242691
5000.000000000000	-13.766165829465	-1.137916317804
5000.000000000000	-13.946491721069	-1.150840108995
5000.000000000000	-14.113054109125	-1.162836017305
5000.000000000000	-14.265688616665	-1.173940707398
5000.000000000000	-14.404244611858	-1.184189896672
5000.000000000000	-14.528585356665	-1.193614467928
5000.000000000000	-14.638588141782	-1.202238670114
5000.000000000000	-14.734144407741	-1.210081648403
5000.000000000000	-14.815159852045	-1.217161270270
5000.000000000000	-14.881554522230	-1.223497721829
5000.000000000000	-14.933262894774	-1.229114587462
5000.000000000000	-14.970233939755	-1.234036864972
5000.000000000000	-14.992431171216	-1.238287393400
5000.000000000000	-14.999832683170	-1.241884116789
5000.000000000000	-14.992431171216	-1.244839871557
5000.000000000000	-14.970233939755	-1.247164514870
5000.000000000000	-14.933262894774	-1.248867521671
5000.000000000000	-14.881554522230	-1.249958856339
5000.000000000000	-14.815159852045	-1.250447219275
5000.000000000000	-14.734144407741	-1.250336800398
5000.000000000000	-14.638588141782	-1.249625009561
5000.000000000000	-14.528585356665	-1.248303281583
5000.000000000000	-14.404244611858	-1.246361091690
5000.000000000000	-14.265688616665	-1.243791007719
5000.000000000000	-14.113054109125	-1.240591534730
5000.000000000000	-13.946491721069	-1.236765548897
5000.000000000000	-13.766165829465	-1.232314783970
5000.000000000000	-13.572254394196	-1.227233495747
5000.000000000000	-13.364948782438	-1.221505310064
5000.000000000000	-13.144453579802	-1.215105598382
5000.000000000000	-12.910986388431	-1.208008368048
5000.000000000000	-12.664777612258	-1.200193633757
5000.000000000000	-12.406070229618	-1.191650546273
5000.000000000000	-12.135119553465	-1.182373851490
5000.000000000000	-11.852192979403	-1.172355321410
5000.000000000000	-11.557569721803	-1.161575174624
5000.000000000000	-11.251540538250	-1.149998953386
5000.000000000000	-10.934407442601	-1.137582295301
5000.000000000000	-10.606483406933	-1.124281158316
5000.000000000000	-10.268092052678	-1.110061288459
5000.000000000000	-9.919567331250	-1.094900585034
5000.000000000000	-9.561253194469	-1.078781960182
5000.000000000000	-9.193503255129	-1.061680194999
5000.000000000000	-8.816680438022	-1.043550587742
5000.000000000000	-8.431156621773	-1.024326953260
5000.000000000000	-8.037312271844	-1.003931411695
5000.000000000000	-7.635536065059	-0.982291092733
5000.000000000000	-7.226224506028	-0.959351752196
5000.000000000000	-6.809781535842	-0.935078849264
5000.000000000000	-6.386618133435	-0.909443212821
5000.000000000000	-5.957151909995	-0.882397660929
5000.000000000000	-5.521806696837	-0.853857390627
5000.000000000000	-5.081012127124	-0.823696231268
5000.000000000000	-4.635203211880	-0.791762427130
5000.000000000000	-4.184819910681	-0.757905639920
5000.000000000000	-3.730306697469	-0.721998273448
5000.000000000000	-3.272112121912	-0.683934943354
5000.000000000000	-2.810688366738	-0.643605196612
5000.000000000000	-2.346490801485	-0.600851624721
5000.000000000000	-1.879977533105	-0.555439376883
5000.000000000000	-1.411608953873	-0.507065192702
5000.000000000000	-0.941847287029	-0.455421030262
5000.000000000000	-0.471156130623	-0.400303415161
5000.000000000000	-0.000000000000	-0.341735309987
5000.000000000000	0.000000000000	-0.342360590077
5000.000000000000	0.471192641603	-0.281154969164
5000.000000000000	0.941920272957	-0.217513484063
5000.000000000000	1.411718342721	-0.152357980648
5000.000000000000	1.880123216920	-0.086720619378
5000.000000000000	2.346672636493	-0.021577120134
5000.000000000000	2.810906173492	0.042292541727
5000.000000000000	3.272365685462	0.104376457180
5000.000000000000	3.730595767578	0.164423575669
5000.000000000000	4.185144202072	0.222373973977
5000.000000000000	4.635562404516	0.278263213410
5000.000000000000	5.081405866526	0.332139846798
5000.000000000000	5.522234594431	0.384021475390
5000.000000000000	5.957613543499	0.433893106444
5000.000000000000	6.387113047271	0.481732670028
5000.000000000000	6.810309241591	0.527540450878
5000.000000000000	7.226784482907	0.571353692934
5000.000000000000	7.636127760440	0.613240244406
5000.000000000000	8.037935101794	0.653278076245
5000.000000000000	8.431809971634	0.691534152953
5000.000000000000	8.817363663016	0.728054131093
5000.000000000000	9.194215680997	0.762866321211
5000.000000000000	9.561994118131	0.795994741886
5000.000000000000	9.920336021505	0.827471874354
5000.000000000000	10.268887750922	0.857343652112
5000.000000000000	10.607305327906	0.885665270900
5000.000000000000	10.935254775168	0.912492399405
5000.000000000000	11.252412446195	0.937874658338
5000.000000000000	11.558465344659	0.961855807683
5000.000000000000	11.853111433298	0.984479934461
5000.000000000000	12.136059931995	1.005798600124
5000.000000000000	12.407031604744	1.025873174190
5000.000000000000	12.665759035218	1.044769802814
5000.000000000000	12.911986890680	1.062549454968
5000.000000000000	13.145472173964	1.079258993263
5000.000000000000	13.365984463284	1.094928959314
5000.000000000000	13.573306139634	1.109579857593
5000.000000000000	13.767232601550	1.123233561549
5000.000000000000	13.947572467025	1.135923227742
5000.000000000000	14.114147762387	1.147695794900
5000.000000000000	14.266794097929	1.158605389145
5000.000000000000	14.405360830147	1.168701239902
5000.000000000000	14.529711210406	1.178016908929
5000.000000000000	14.639722519893	1.186566884781
5000.000000000000	14.735286190729	1.194352384243
5000.000000000000	14.816307913107	1.201373037539
5000.000000000000	14.882707728369	1.207638018326
5000.000000000000	14.934420107914	1.213170829952
5000.000000000000	14.971394017868	1.218005834763
5000.000000000000	14.993592969444	1.222179308997
5000.000000000000	15.000995054957	1.225720546453
5000.000000000000	14.993592969444	1.228647838593
5000.000000000000	14.971394017868	1.230970673705
5000.000000000000	14.934420107914	1.232695520831
5000.000000000000	14.882707728369	1.233830579359
5000.000000000000	14.816307913107	1.234386019362
5000.000000000000	14.735286190729	1.234369637335
5000.000000000000	14.639722519893	1.233781221906
5000.000000000000	14.529711210406	1.232610036865
5000.000000000000	14.405360830147	1.230837931135
5000.000000000000	14.266794097929	1.228446875924
5000.000000000000	14.114147762387	1.225426604135
5000.000000000000	13.947572467025	1.221777559587
5000.000000000000	13.767232601550	1.217506973237
5000.000000000000	13.573306139634	1.212620030622
5000.000000000000	13.365984463284	1.207111208559
5000.000000000000	13.145472173964	1.200960937573
5000.000000000000	12.911986890680	1.194139635476
5000.000000000000	12.665759035218	1.186616700061
5000.000000000000	12.407031604744	1.178368984778
5000.000000000000	12.136059931995	1.169383553048
5000.000000000000	11.853111433298	1.159653020023
5000.000000000000	11.558465344659	1.149166414098
5000.000000000000	11.252412446195	1.137901337482
5000.000000000000	10.935254775168	1.125822428321
5000.000000000000	10.607305327906	1.112887120678
5000.000000000000	10.268887750922	1.099054930253
5000.000000000000	9.920336021505	1.084294015464
5000.000000000000	9.561994118131	1.068580289669
5000.000000000000	9.194215680997	1.051889102402
5000.000000000000	8.817363663016	1.034184542422
5000.000000000000	8.431809971634	1.015413438644
5000.000000000000	8.037935101794	0.995508567774
5000.000000000000	7.636127760440	0.974399716386
5000.000000000000	7.226784482907	0.952025658273
5000.000000000000	6.810309241591	0.928338528535
5000.000000000000	6.387113047271	0.903296007280
5000.000000000000	5.957613543499	0.876844242470
5000.000000000000	5.522234594431	0.848901052045
5000.000000000000	5.081405866526	0.819350171811
5000.000000000000	4.635562404516	0.788051554528
5000.000000000000	4.185144202072	0.754862647321
5000.000000000000	3.730595767578	0.719657039001
5000.000000000000	3.272365685462	0.682325741394
5000.000000000000	2.810906173492	0.642754915128
5000.000000000000	2.346672636493	0.600788811128
5000.000000000000	1.880123216920	0.556200369108
5000.000000000000	1.411718342721	0.508695939349
5000.000000000000	0.941920272957	0.457970615804
5000.000000000000	0.471192641603	0.403809297633
5000.000000000000	0.000000000000	0.346204904204
5000.000000000000	-0.471192641603	0.285450661923
5000.000000000000	-0.941920272957	0.222166322180
5000.000000000000	-1.411718342721	0.157239119868
5000.000000000000	-1.880123216920	0.091691260797
5000.000000000000	-2.346672636493	0.026513601898
5000.000000000000	-2.810906173492	-0.037482249373
5000.000000000000	-3.272365685462	-0.099749440884
5000.000000000000	-3.730595767578	-0.160010248552
5000.000000000000	-4.185144202072	-0.218191505616
5000.000000000000	-4.635562404516	-0.274326531124
5000.000000000000	-5.081405866526	-0.328465380581
5000.000000000000	-5.522234594431	-0.380623734601
5000.000000000000	-5.957613543499	-0.430778436729
5000.000000000000	-6.387113047271	-0.478895846093
5000.000000000000	-6.810309241591	-0.524967556090
5000.000000000000	-7.226784482907	-0.569030451666
5000.000000000000	-7.636127760440	-0.611161185285
5000.000000000000	-8.037935101794	-0.651450874446
5000.000000000000	-8.431809971634	-0.689975898500
5000.000000000000	-8.817363663016	-0.726780796898
5000.000000000000	-9.194215680997	-0.761880804212
5000.000000000000	-9.561994118131	-0.795280136187
5000.000000000000	-9.920336021505	-0.826994233221
5000.000000000000	-10.268887750922	-0.857063570846
5000.000000000000	-10.607305327906	-0.885552784268
5000.000000000000	-10.935254775168	-0.912537588819
5000.000000000000	-11.252412446195	-0.938088251684
5000.000000000000	-11.558465344659	-0.962259055801
5000.000000000000	-11.853111433298	-0.985088594909
5000.000000000000	-12.136059931995	-1.006609033418
5000.000000000000	-12.407031604744	-1.026857644336
5000.000000000000	-12.665759035218	-1.045883487074
5000.000000000000	-12.911986890680	-1.063745753795
5000.000000000000	-13.145472173964	-1.080505545544
5000.000000000000	-13.365984463284	-1.096216471057
5000.000000000000	-13.573306139634	-1.110919578927
5000.000000000000	-13.767232601550	-1.124645043897
5000.000000000000	-13.947572467025	-1.137418854956
5000.000000000000	-14.114147762387	-1.149270030665
5000.000000000000	-14.266794097929	-1.160234051016
5000.000000000000	-14.405360830147	-1.170350856741
5000.000000000000	-14.529711210406	-1.179659120960
5000.000000000000	-14.639722519893	-1.188190517242
5000.000000000000	-14.735286190729	-1.195967352901
5000.000000000000	-14.816307913107	-1.203004664063
5000.000000000000	-14.882707728369	-1.209315210095
5000.000000000000	-14.934420107914	-1.214914345723
5000.000000000000	-14.971394017868	-1.219822187259
5000.000000000000	-14.993592969444	-1.224062321857
5000.000000000000	-15.000995054957	-1.227658276929
5000.000000000000	-14.993592969444	-1.230629910011
5000.000000000000	-14.971394017868	-1.232991428106
5000.000000000000	-14.934420107914	-1.234751439586
5000.000000000000	-14.882707728369	-1.235914258175
5000.000000000000	-14.816307913107	-1.236481334104
5000.000000000000	-14.735286190729	-1.236452197606
5000.000000000000	-14.639722519893	-1.235825064979
5000.000000000000	-14.529711210406	-1.234597578195
5000.000000000000	-14.405360830147	-1.232767775074
5000.000000000000	-14.266794097929	-1.230334702222
5000.000000000000	-14.114147762387	-1.227297792422
5000.000000000000	-13.947572467025	-1.223654678768
5000.000000000000	-13.767232601550	-1.219398281627
5000.000000000000	-13.573306139634	-1.214514956267
5000.000000000000	-13.365984463284	-1.208985366753
5000.000000000000	-13.145472173964	-1.202788330525
5000.000000000000	-12.911986890680	-1.195905871766
5000.000000000000	-12.665759035218	-1.188326437573
5000.000000000000	-12.407031604744	-1.180043737713
5000.000000000000	-12.136059931995	-1.171050995340
5000.000000000000	-11.853111433298	-1.161333327273
5000.000000000000	-11.558465344659	-1.150862667056
5000.000000000000	-11.252412446195	-1.139598771147
5000.000000000000	-10.935254775168	-1.127496552129
5000.000000000000	-10.607305327906	-1.114516010553
5000.000000000000	-10.268887750922	-1.100628837286
5000.000000000000	-9.920336021505	-1.085816997913
5000.000000000000	-9.561994118131	-1.070062997367
5000.000000000000	-9.194215680997	-1.053336723485
5000.000000000000	-8.817363663016	-1.035586614621
5000.000000000000	-8.431809971634	-1.016741272091
5000.000000000000	-8.037935101794	-0.996721942831
5000.000000000000	-7.636127760440	-0.975459523938
5000.000000000000	-7.226784482907	-0.952905949094
5000.000000000000	-6.810309241591	-0.929031761313
5000.000000000000	-6.387113047271	-0.903808940586
5000.000000000000	-5.957613543499	-0.877186899460
5000.000000000000	-5.522234594431	-0.849074774679
5000.000000000000	-5.081405866526	-0.819341023859
5000.000000000000	-4.635562404516	-0.787832125893
5000.000000000000	-4.185144202072	-0.754400463676
5000.000000000000	-3.730595767578	-0.718924022894
5000.000000000000	-3.272365685462	-0.681302655291
5000.000000000000	-2.810906173492	-0.641427808600
5000.000000000000	-2.346672636493	-0.599139533265
5000.000000000000	-1.880123216920	-0.554197378887
5000.000000000000	-1.411718342721	-0.506292507323
5000.000000000000	-0.941920272957	-0.455114344238
5000.000000000000	-0.471192641603	-0.400461154484
5000.000000000000	-0.000000000000	-0.342360590077
5000.000000000000	0.000000000000	-0.341252989987
5000.000000000000	0.471208806691	-0.280537898552
5000.000000000000	0.941952587179	-0.217380182696
5000.000000000000	1.411766774188	-0.152701320150
5000.000000000000	1.880187717834	-0.087536746129
5000.000000000000	2.346753143201	-0.022867175767
5000.000000000000	2.811002606543	0.040523654157
5000.000000000000	3.272477949689	0.102123644637
5000.000000000000	3.730723752189	0.161685509762
5000.000000000000	4.185287780761	0.219155210121
5000.000000000000	4.635721435590	0.274573239914
5000.000000000000	5.081580193039	0.327989539885
5000.000000000000	5.522424044345	0.379418930962
5000.000000000000	5.957817929849	0.428841251551
5000.000000000000	6.387332168352	0.476230148155
5000.000000000000	6.810542881157	0.521585485420
5000.000000000000	7.227032410385	0.564948925996
5000.000000000000	7.636389731155	0.606395873287
5000.000000000000	8.038210857212	0.646011381264
5000.000000000000	8.432099239618	0.683865364140
5000.000000000000	8.817666158094	0.720000553200
5000.000000000000	9.194531104642	0.754437668290
5000.000000000000	9.562322159059	0.787192140828
5000.000000000000	9.920676355978	0.818291196095
5000.000000000000	10.269240043072	0.847781634178
5000.000000000000	10.607669230063	0.875725445306
5000.000000000000	10.935629928204	0.902187899894
5000.000000000000	11.252798479880	0.927226532983
5000.000000000000	11.558861878023	0.950887711689
5000.000000000000	11.853518075011	0.973211866284
5000.000000000000	12.136476280752	0.994242758739
5000.000000000000	12.407457249657	1.014033863790
5000.000000000000	12.666193556229	1.032647214888
5000.000000000000	12.912429858968	1.050145216728
5000.000000000000	13.145923152373	1.066580581423
5000.000000000000	13.366443006753	1.081990810583
5000.000000000000	13.573771795635	1.096400828301
5000.000000000000	13.767704910537	1.109832307697
5000.000000000000	13.948050962887	1.122314083955
5000.000000000000	14.114631972905	1.133887333094
5000.000000000000	14.267283545246	1.144602305439
5000.000000000000	14.405855031238	1.154508416719
5000.000000000000	14.530209677555	1.163643404960
5000.000000000000	14.640224761172	1.172027776036
5000.000000000000	14.735791710487	1.179667663706
5000.000000000000	14.816816212457	1.186564424166
5000.000000000000	14.883218305681	1.192725602995
5000.000000000000	14.934932459310	1.198171417801
5000.000000000000	14.971907637718	1.202933712785
5000.000000000000	14.994107350868	1.207048658612
5000.000000000000	15.001509690323	1.210547722172
5000.000000000000	14.994107350868	1.213451831453
5000.000000000000	14.971907637718	1.215771219646
5000.000000000000	14.934932459310	1.217509836074
5000.000000000000	14.883218305681	1.218670707135
5000.000000000000	14.816816212457	1.219258632037
5000.000000000000	14.735791710487	1.219278873844
5000.000000000000	14.640224761172	1.218733421207
5000.000000000000	14.530209677555	1.217618014118
5000.000000000000	14.405855031238	1.215922454274
5000.000000000000	14.267283545246	1.213634303918
5000.000000000000	14.114631972905	1.210743599118
5000.000000000000	13.948050962887	1.207245356903
5000.000000000000	13.767704910537	1.203138028118
5000.000000000000	13.573771795635	1.198418738676
5000.000000000000	13.366443006753	1.193078372565
5000.000000000000	13.145923152373	1.187099769194
5000.000000000000	12.912429858968	1.180460321697
5000.000000000000	12.666193556229	1.173137330646
5000.000000000000	12.407457249657	1.165112527775
5000.000000000000	12.136476280752	1.156372588095
5000.000000000000	11.853518075011	1.146905035914
5000.000000000000	11.558861878023	1.136692085232
5000.000000000000	11.252798479880	1.125706542349
5000.000000000000	10.935629928204	1.113912755368
5000.000000000000	10.607669230063	1.101272300014
5000.000000000000	10.269240043072	1.087750719140
5000.000000000000	9.920676355978	1.073320483312
5000.000000000000	9.562322159059	1.057957417076
5000.000000000000	9.194531104642	1.041632065614
5000.000000000000	8.817666158094	1.024301223217
5000.000000000000	8.432099239618	1.005905503313
5000.000000000000	8.038210857212	0.986375553222
5000.000000000000	7.636389731155	0.965643973914
5000.000000000000	7.227032410385	0.943655579654
5000.000000000000	6.810542881157	0.920368423841
5000.000000000000	6.387332168352	0.895742791732
5000.000000000000	5.957817929849	0.869722750998
5000.000000000000	5.522424044345	0.842220452748
5000.000000000000	5.081580193039	0.813113271309
5000.000000000000	4.635721435590	0.782257180905
5000.000000000000	4.185287780761	0.749509653329
5000.000000000000	3.730723752189	0.714747679829
5000.000000000000	3.272477949689	0.677866650026
5000.000000000000	2.811002606543	0.638755327965
5000.000000000000	2.346753143201	0.597257267570
5000.000000000000	1.880187717834	0.553141939001
5000.000000000000	1.411766774188	0.506111666554
5000.000000000000	0.941952587179	0.455859525817
5000.000000000000	0.471208806691	0.402171771498
5000.000000000000	0.000000000000	0.345045355173
5000.000000000000	-0.471208806691	0.284777770074
5000.000000000000	-0.941952587179	0.221990424254
5000.000000000000	-1.411766774188	0.157567974949
5000.000000000000	-1.880187717834	0.092526403798
5000.000000000000	-2.346753143201	0.027849280529
5000.000000000000	-2.811002606543	-0.035656893375
5000.000000000000	-3.272477949689	-0.097446024029
5000.000000000000	-3.730723752189	-0.157236896635
5000.000000000000	-4.185287780761	-0.214950936278
5000.000000000000	-4.635721435590	-0.270617440743
5000.000000000000	-5.081580193039	-0.324286292025
5000.000000000000	-5.522424044345	-0.375977082671
5000.000000000000	-5.957817929849	-0.425672499218
5000.000000000000	-6.387332168352	-0.473343294906
5000.000000000000	-6.810542881157	-0.518981296274
5000.000000000000	-7.227032410385	-0.562619010849
5000.000000000000	-7.636389731155	-0.604326319329
5000.000000000000	-8.038210857212	-0.644188997777
5000.000000000000	-8.432099239618	-0.682282946529
5000.000000000000	-8.817666158094	-0.718658228094
5000.000000000000	-9.194531104642	-0.753339675679
5000.000000000000	-9.562322159059	-0.786340995292
5000.000000000000	-9.920676355978	-0.817682590571
5000.000000000000	-10.269240043072	-0.847402940901
5000.000000000000	-10.607669230063	-0.875558558176
5000.000000000000	-10.935629928204	-0.902214667632
5000.000000000000	-11.252798479880	-0.927433568316
5000.000000000000	-11.558861878023	-0.951267751967
5000.000000000000	-11.853518075011	-0.973760882126
5000.000000000000	-12.136476280752	-0.994954517073
5000.000000000000	-12.407457249657	-1.014895224553
5000.000000000000	-12.666193556229	-1.033637162849
5000.000000000000	-12.912429858968	-1.051238613279
5000.000000000000	-13.145923152373	-1.067754954472
5000.000000000000	-13.366443006753	-1.083232660625
5000.000000000000	-13.573771795635	-1.097707970656
5000.000000000000	-13.767704910537	-1.111210740166
5000.000000000000	-13.948050962887	-1.123770755838
5000.000000000000	-14.114631972905	-1.135422459545
5000.000000000000	-14.267283545246	-1.146205279245
5000.000000000000	-14.405855031238	-1.156159644771
5000.000000000000	-14.530209677555	-1.165321395557
5000.000000000000	-14.640224761172	-1.173718071330
5000.000000000000	-14.735791710487	-1.181369173471
5000.000000000000	-14.816816212457	-1.188289925778
5000.000000000000	-14.883218305681	-1.194496018138
5000.000000000000	-14.934932459310	-1.200006506600
5000.000000000000	-14.971907637718	-1.204843505862
5000.000000000000	-14.994107350868	-1.209029456411
5000.000000000000	-15.001509690323	-1.212584135063
5000.000000000000	-14.994107350868	-1.215523364816
5000.000000000000	-14.971907637718	-1.217859849189
5000.000000000000	-14.934932459310	-1.219604868298
5000.000000000000	-14.883218305681	-1.220768949029
5000.000000000000	-14.816816212457	-1.221360499632
5000.000000000000	-14.735791710487	-1.221383138830
5000.000000000000	-14.640224761172	-1.220833769908
5000.000000000000	-14.530209677555	-1.219703317336
5000.000000000000	-14.405855031238	-1.217980412065
5000.000000000000	-14.267283545246	-1.215656211424
5000.000000000000	-14.114631972905	-1.212727424869
5000.000000000000	-13.948050962887	-1.209195386428
5000.000000000000	-13.767704910537	-1.205061349207
5000.000000000000	-13.573771795635	-1.200320656920
5000.000000000000	-13.366443006753	-1.194959420938
5000.000000000000	-13.145923152373	-1.188956005182
5000.000000000000	-12.912429858968	-1.182286660865
5000.000000000000	-12.666193556229	-1.174931864939
5000.000000000000	-12.407457249657	-1.166879151607
5000.000000000000	-12.136476280752	-1.158120169020
5000.000000000000	-11.853518075011	-1.148643311456
5000.000000000000	-11.558861878023	-1.138426349431
5000.000000000000	-11.252798479880	-1.127433938212
5000.000000000000	-10.935629928204	-1.115622173309
5000.000000000000	-10.607669230063	-1.102947934672
5000.000000000000	-10.269240043072	-1.089377332908
5000.000000000000	-9.920676355978	-1.074887481361
5000.000000000000	-9.562322159059	-1.059459491368
5000.000000000000	-9.194531104642	-1.043066066819
5000.000000000000	-8.817666158094	-1.025661026253
5000.000000000000	-8.432099239618	-1.007177780421
5000.000000000000	-8.038210857212	-0.987538918840
5000.000000000000	-7.636389731155	-0.966672159927
5000.000000000000	-7.227032410385	-0.944523128699
5000.000000000000	-6.810542881157	-0.921056043265
5000.000000000000	-6.387332168352	-0.896239720376
5000.000000000000	-5.957817929849	-0.870025116216
5000.000000000000	-5.522424044345	-0.842326708500
5000.000000000000	-5.081580193040	-0.813019218206
5000.000000000000	-4.635721435590	-0.781952997501
5000.000000000000	-4.185287780761	-0.748979899549
5000.000000000000	-3.730723752189	-0.713973277512
5000.000000000000	-3.272477949689	-0.676826620552
5000.000000000000	-2.811002606543	-0.637426388556
5000.000000000000	-2.346753143201	-0.595611163273
5000.000000000000	-1.880187717834	-0.551142611504
5000.000000000000	-1.411766774188	-0.503715643641
5000.000000000000	-0.941952587179	-0.453022264735
5000.000000000000	-0.471208806691	-0.398860126800
5000.000000000000	-0.000000000000	-0.341252989987
5000.000000000000	0.000000000000	-0.339607888235
5000.000000000000	0.471172593246	-0.279555296509
5000.000000000000	0.941880196029	-0.217056685446
5000.000000000000	1.411658276772	-0.153038907726
5000.000000000000	1.880043221228	-0.088541663921
5000.000000000000	2.346572790004	-0.024545260569
5000.000000000000	2.810786574743	0.038172557894
5000.000000000000	3.272226452482	0.099108875073
5000.000000000000	3.730437037773	0.158024295712
5000.000000000000	4.184966132090	0.214867239712
5000.000000000000	4.635365170090	0.269673750077
5000.000000000000	5.081189662303	0.322484503576
5000.000000000000	5.521999633778	0.373304904873
5000.000000000000	5.957360058294	0.422110027399
5000.000000000000	6.386841287673	0.468875826737
5000.000000000000	6.810019475794	0.513610333297
5000.000000000000	7.226476996876	0.556365066365
5000.000000000000	7.635802857625	0.597222129594
5000.000000000000	8.037593102835	0.636267198190
5000.000000000000	8.431451214043	0.673565253734
5000.000000000000	8.816988500844	0.709152126343
5000.000000000000	9.193824484483	0.743044236268
5000.000000000000	9.561587273340	0.775258262600
5000.000000000000	9.919913929942	0.805827856427
5000.000000000000	10.268450829141	0.834807915817
5000.000000000000	10.606854007097	0.862265522818
5000.000000000000	10.934789500728	0.888264856331
5000.000000000000	11.251933677296	0.912856396183
5000.000000000000	11.557973553787	0.936077146351
5000.000000000000	11.852607105791	0.957961072628
5000.000000000000	12.135543565564	0.978552313275
5000.000000000000	12.406503708980	0.997912019333
5000.000000000000	12.665220131091	1.016113785585
5000.000000000000	12.911437510023	1.033229865555
5000.000000000000	13.144912858949	1.049316231331
5000.000000000000	13.365415765888	1.064405476326
5000.000000000000	13.572728621092	1.078512031401
5000.000000000000	13.766646831802	1.091646914356
5000.000000000000	13.946979024157	1.103833585599
5000.000000000000	14.113547232054	1.115115764980
5000.000000000000	14.266187072783	1.125552667067
5000.000000000000	14.404747909248	1.135204316824
5000.000000000000	14.529092998633	1.144115230690
5000.000000000000	14.639099627347	1.152305594368
5000.000000000000	14.734659232129	1.159774751220
5000.000000000000	14.815677507186	1.166514904102
5000.000000000000	14.882074497262	1.172527397209
5000.000000000000	14.933784676543	1.177832837814
5000.000000000000	14.970757013326	1.182470073707
5000.000000000000	14.992955020379	1.186485331016
5000.000000000000	15.000356790948	1.189917993929
5000.000000000000	14.992955020379	1.192790751510
5000.000000000000	14.970757013326	1.195108716884
5000.000000000000	14.933784676543	1.196866716192
5000.000000000000	14.882074497262	1.198059494105
5000.000000000000	14.815677507186	1.198688560938
5000.000000000000	14.734659232129	1.198762123904
5000.000000000000	14.639099627347	1.198289104081
5000.000000000000	14.529092998633	1.197271788770
5000.000000000000	14.404747909248	1.195702148891
5000.000000000000	14.266187072783	1.193564182667
5000.000000000000	14.113547232054	1.190840662874
5000.000000000000	13.946979024157	1.187519898509
5000.000000000000	13.766646831802	1.183598227480
5000.000000000000	13.572728621092	1.179076740036
5000.000000000000	13.365415765888	1.173954351436
5000.000000000000	13.144912858949	1.168221515136
5000.000000000000	12.911437510023	1.161858304133
5000.000000000000	12.665220131091	1.154837753127
5000.000000000000	12.406503708980	1.147132111306
5000.000000000000	12.135543565564	1.138718046652
5000.000000000000	11.852607105791	1.129577792198
5000.000000000000	11.557973553787	1.119695991001
5000.000000000000	11.251933677296	1.109054701851
5000.000000000000	10.934789500728	1.097629909314
5000.000000000000	10.606854007097	1.085391448408
5000.000000000000	10.268450829141	1.072305593336
5000.000000000000	9.919913929942	1.058337590529
5000.000000000000	9.561587273340	1.043451574701
5000.000000000000	9.193824484483	1.027607527488
5000.000000000000	8.816988500844	1.010757636293
5000.000000000000	8.431451214043	0.992845516698
5000.000000000000	8.037593102835	0.973810173338
5000.000000000000	7.635802857625	0.953593056837
5000.000000000000	7.226476996876	0.932143448755
5000.000000000000	6.810019475794	0.909417110722
5000.000000000000	6.386841287673	0.885366517026
5000.000000000000	5.957360058294	0.859926452051
5000.000000000000	5.521999633778	0.833002921035
5000.000000000000	5.081189662303	0.804473018654
5000.000000000000	4.635365170090	0.774197810888
5000.000000000000	4.184966132090	0.742041945137
5000.000000000000	3.730437037773	0.707887499319
5000.000000000000	3.272226452482	0.671630106493
5000.000000000000	2.810786574743	0.633154033249
5000.000000000000	2.346572790004	0.592296369186
5000.000000000000	1.880043221228	0.548821936116
5000.000000000000	1.411658276772	0.502432826857
5000.000000000000	0.941880196029	0.452826225097
5000.000000000000	0.471172593246	0.399794099563
5000.000000000000	0.000000000000	0.343336852052
5000.000000000000	-0.471172593246	0.283750332080
5000.000000000000	-0.941880196029	0.221649051502
5000.000000000000	-1.411658276772	0.157908221087
5000.000000000000	-1.880043221228	0.093536022824
5000.000000000000	-2.346572790004	0.029513375680
5000.000000000000	-2.810786574743	-0.033349753755
5000.000000000000	-3.272226452482	-0.094499768301
5000.000000000000	-3.730437037773	-0.153647951190
5000.000000000000	-4.184966132090	-0.210712142699
5000.000000000000	-4.635365170090	-0.265723791512
5000.000000000000	-5.081189662303	-0.318739560393
5000.000000000000	-5.521999633778	-0.369787143488
5000.000000000000	-5.957360058294	-0.418854972919
5000.000000000000	-6.386841287673	-0.465915077560
5000.000000000000	-6.810019475794	-0.510956524515
5000.000000000000	-7.226476996876	-0.554007555467
5000.000000000000	-7.635802857625	-0.595135312522
5000.000000000000	-8.037593102835	-0.634426103039
5000.000000000000	-8.431451214043	-0.671959099932
5000.000000000000	-8.816988500844	-0.707787964022
5000.000000000000	-9.193824484483	-0.741938668660
5000.000000000000	-9.561587273340	-0.774422223000
5000.000000000000	-9.919913929942	-0.805253515141
5000.000000000000	-10.268450829141	-0.834465707573
5000.000000000000	-10.606854007097	-0.862113592642
5000.000000000000	-10.934789500728	-0.888266089166
5000.000000000000	-11.251933677296	-0.912993629076
5000.000000000000	-11.557973553787	-0.936357789340
5000.000000000000	-11.852607105791	-0.958407961530
5000.000000000000	-12.135543565564	-0.979185194003
5000.000000000000	-12.406503708980	-0.998729470985
5000.000000000000	-12.665220131091	-1.017085585187
5000.000000000000	-12.911437510023	-1.034304530265
5000.000000000000	-13.144912858949	-1.050440469575
5000.000000000000	-13.365415765888	-1.065545805169
5000.000000000000	-13.572728621092	-1.079667393001
5000.000000000000	-13.766646831802	-1.092845608758
5000.000000000000	-13.946979024157	-1.105115932266
5000.000000000000	-14.113547232054	-1.116511354484
5000.000000000000	-14.266187072783	-1.127063913105
5000.000000000000	-14.404747909248	-1.136804730190
5000.000000000000	-14.529092998633	-1.145763124025
5000.000000000000	-14.639099627347	-1.153965851706
5000.000000000000	-14.734659232129	-1.161437114918
5000.000000000000	-14.815677507186	-1.168199132503
5000.000000000000	-14.882074497262	-1.174272594567
5000.000000000000	-14.933784676543	-1.179676557939
5000.000000000000	-14.970757013326	-1.184428069452
5000.000000000000	-14.992955020379	-1.188542325587
5000.000000000000	-15.000356790948	-1.192033930486
5000.000000000000	-14.992955020379	-1.194918843229
5000.000000000000	-14.970757013326	-1.197215604168
5000.000000000000	-14.933784676543	-1.198944278509
5000.000000000000	-14.882074497262	-1.200122646925
5000.000000000000	-14.815677507186	-1.200761018863
5000.000000000000	-14.734659232129	-1.200858472772
5000.000000000000	-14.639099627347	-1.200403213178
5000.000000000000	-14.529092998633	-1.199377805900
5000.000000000000	-14.404747909248	-1.197767226523
5000.000000000000	-14.266187072783	-1.195565608564
5000.000000000000	-14.113547232054	-1.192777740447
5000.000000000000	-13.946979024157	-1.189413955050
5000.000000000000	-13.766646831802	-1.185480788769
5000.000000000000	-13.572728621092	-1.180972491406
5000.000000000000	-13.365415765888	-1.175868374209
5000.000000000000	-13.144912858949	-1.170137873103
5000.000000000000	-12.911437510023	-1.163750703237
5000.000000000000	-12.665220131091	-1.156686223249
5000.000000000000	-12.406503708980	-1.148936212267
5000.000000000000	-12.135543565564	-1.140498906557
5000.000000000000	-11.852607105791	-1.131367385708
5000.000000000000	-11.557973553787	-1.121519131958
5000.000000000000	-11.251933677296	-1.110913380649
5000.000000000000	-10.934789500728	-1.099498540758
5000.000000000000	-10.606854007097	-1.087225838817
5000.000000000000	-10.268450829141	-1.074061078143
5000.000000000000	-9.919913929942	-1.059986818560
5000.000000000000	-9.561587273340	-1.044992534817
5000.000000000000	-9.193824484483	-1.029057592637
5000.000000000000	-8.816988500844	-1.012136868949
5000.000000000000	-8.431451214043	-0.994158227473
5000.000000000000	-8.037593102835	-0.975034665792
5000.000000000000	-7.635802857625	-0.954685130254
5000.000000000000	-7.226476996876	-0.933051920014
5000.000000000000	-6.810019475794	-0.910103278239
5000.000000000000	-6.386841287673	-0.885817491870
5000.000000000000	-5.957360058294	-0.860155627293
5000.000000000000	-5.521999633778	-0.833037661539
5000.000000000000	-5.081189662303	-0.804336218338
5000.000000000000	-4.635365170090	-0.773892774258
5000.000000000000	-4.184966132090	-0.741547706250
5000.000000000000	-3.730437037773	-0.707165642603
5000.000000000000	-3.272226452482	-0.670637863115
5000.000000000000	-2.810786574743	-0.631855432583
5000.000000000000	-2.346572790004	-0.590665166940
5000.000000000000	-1.880043221228	-0.546835739525
5000.000000000000	-1.411658276772	-0.500063945393
5000.000000000000	-0.941880196029	-0.450037646133
5000.000000000000	-0.471172593246	-0.396546742131
5000.000000000000	-0.000000000000	-0.339607888235
5000.000000000000	0.000000000000	-0.338801652689
5000.000000000000	0.471150566581	-0.279167627422
5000.000000000000	0.941836164435	-0.217088913827
5000.000000000000	1.411592283704	-0.153491737000
5000.000000000000	1.879955331813	-0.089414749430
5000.000000000000	2.346463090979	-0.025836711969
5000.000000000000	2.810655174367	0.036466256846
5000.000000000000	3.272073480431	0.096992279324
5000.000000000000	3.730262645013	0.155501936291
5000.000000000000	4.184770490724	0.211942649802
5000.000000000000	4.635148473194	0.266349207954
5000.000000000000	5.080952123730	0.318761807435
5000.000000000000	5.521741487950	0.369186950268
5000.000000000000	5.957081559969	0.417602470539
5000.000000000000	6.386542711696	0.463987961550
5000.000000000000	6.809701116823	0.508354597826
5000.000000000000	7.226139169093	0.550755205062
5000.000000000000	7.635445894426	0.591270678396
5000.000000000000	8.037217356499	0.629983310774
5000.000000000000	8.431057055386	0.666953771687
5000.000000000000	8.816576318854	0.702214266690
5000.000000000000	9.193394685933	0.735779583606
5000.000000000000	9.561140282389	0.767667237027
5000.000000000000	9.919450187717	0.797913713612
5000.000000000000	10.267970793299	0.826577644753
5000.000000000000	10.606358151375	0.853729553508
5000.000000000000	10.934278314477	0.879435984950
5000.000000000000	11.251407664994	0.903748543765
5000.000000000000	11.557433234545	0.926704426073
5000.000000000000	11.852053012839	0.948337281988
5000.000000000000	12.134976245725	0.968690631662
5000.000000000000	12.405923722130	0.987824586769
5000.000000000000	12.664628049606	1.005811021382
5000.000000000000	12.910833918217	1.022719731175
5000.000000000000	13.144298352494	1.038603916826
5000.000000000000	13.364790951228	1.053493990493
5000.000000000000	13.572094114843	1.067403849946
5000.000000000000	13.766003260146	1.080346327356
5000.000000000000	13.946327022221	1.092348949166
5000.000000000000	14.112887443285	1.103460750830
5000.000000000000	14.265520148313	1.113745913807
5000.000000000000	14.404074507251	1.123267501397
5000.000000000000	14.528413783676	1.132070219295
5000.000000000000	14.638415269732	1.140171697070
5000.000000000000	14.733970407235	1.147567020765
5000.000000000000	14.814984894800	1.154243932430
5000.000000000000	14.881378780908	1.160200413330
5000.000000000000	14.933086542810	1.165455411280
5000.000000000000	14.970057151188	1.170047606099
5000.000000000000	14.992254120515	1.174023802421
5000.000000000000	14.999655545061	1.177423944524
5000.000000000000	14.992254120515	1.180270933761
5000.000000000000	14.970057151188	1.182570009407
5000.000000000000	14.933086542810	1.184316674051
5000.000000000000	14.881378780908	1.185507454378
5000.000000000000	14.814984894800	1.186146788535
5000.000000000000	14.733970407235	1.186246320508
5000.000000000000	14.638415269732	1.185817815973
5000.000000000000	14.528413783676	1.184864739576
5000.000000000000	14.404074507251	1.183378043757
5000.000000000000	14.265520148313	1.181338814560
5000.000000000000	14.112887443285	1.178726052655
5000.000000000000	13.946327022221	1.175524765094
5000.000000000000	13.766003260146	1.171729526610
5000.000000000000	13.572094114843	1.167341597168
5000.000000000000	13.364790951228	1.162361629631
5000.000000000000	13.144298352494	1.156782513492
5000.000000000000	12.910833918217	1.150586519163
5000.000000000000	12.664628049606	1.143748021631
5000.000000000000	12.405923722130	1.136239607363
5000.000000000000	12.134976245725	1.128037489826
5000.000000000000	11.852053012839	1.119122953713
5000.000000000000	11.557433234545	1.109479349941
5000.000000000000	11.251407664994	1.099087054077
5000.000000000000	10.934278314477	1.087919888265
5000.000000000000	10.606358151375	1.075945160504
5000.000000000000	10.267970793299	1.063126717114
5000.000000000000	9.919450187717	1.049428203762
5000.000000000000	9.561140282389	1.034813662262
5000.000000000000	9.193394685933	1.019244738190
5000.000000000000	8.816576318854	1.002676621247
5000.000000000000	8.431057055386	0.985056259186
5000.000000000000	8.037217356499	0.966325114165
5000.000000000000	7.635445894426	0.946425354910
5000.000000000000	7.226139169093	0.925305123975
5000.000000000000	6.809701116823	0.902917872298
5000.000000000000	6.386542711696	0.879213735757
5000.000000000000	5.957081559969	0.854126152421
5000.000000000000	5.521741487950	0.827561146466
5000.000000000000	5.080952123730	0.799396740775
5000.000000000000	4.635148473194	0.769494819759
5000.000000000000	4.184770490724	0.737719742847
5000.000000000000	3.730262645013	0.703951815915
5000.000000000000	3.272073480431	0.668083936485
5000.000000000000	2.810655174367	0.629997881222
5000.000000000000	2.346463090979	0.589529779609
5000.000000000000	1.879955331813	0.546445673644
5000.000000000000	1.411592283704	0.500450645742
5000.000000000000	0.941836164435	0.451245266340
5000.000000000000	0.471150566581	0.398623562057
5000.000000000000	0.000000000000	0.342585411677
5000.000000000000	-0.471150566581	0.283423416439
5000.000000000000	-0.941836164435	0.221747188387
5000.000000000000	-1.411592283704	0.158427195036
5000.000000000000	-1.879955331813	0.094468726548
5000.000000000000	-2.346463090979	0.030852450600
5000.000000000000	-2.810655174367	-0.031609736321
5000.000000000000	-3.272073480431	-0.092361558238
5000.000000000000	-3.730262645013	-0.151112527611
5000.000000000000	-4.184770490724	-0.207780666824
5000.000000000000	-4.635148473194	-0.262399492288
5000.000000000000	-5.080952123730	-0.315028524057
5000.000000000000	-5.521741487950	-0.365697588365
5000.000000000000	-5.957081559969	-0.414395400562
5000.000000000000	-6.386542711696	-0.461092277730
5000.000000000000	-6.809701116823	-0.505774476403
5000.000000000000	-7.226139169093	-0.548467791220
5000.000000000000	-7.635445894426	-0.589238554510
5000.000000000000	-8.037217356499	-0.628174354550
5000.000000000000	-8.431057055386	-0.665357184760
5000.000000000000	-8.816576318854	-0.700843852121
5000.000000000000	-9.193394685933	-0.734662589578
5000.000000000000	-9.561140282389	-0.766825187831
5000.000000000000	-9.919450187717	-0.797346110382
5000.000000000000	-10.267970793299	-0.826257775500
5000.000000000000	-10.606358151375	-0.853614831401
5000.000000000000	-10.934278314477	-0.879487031586
5000.000000000000	-11.251407664994	-0.903946222000
5000.000000000000	-11.557433234545	-0.927055031169
5000.000000000000	-11.852053012839	-0.948862631033
5000.000000000000	-12.134976245725	-0.969408289610
5000.000000000000	-12.405923722130	-0.988729235197
5000.000000000000	-12.664628049606	-1.006867751090
5000.000000000000	-12.910833918217	-1.023873806767
5000.000000000000	-13.144298352494	-1.039802606883
5000.000000000000	-13.364790951228	-1.054709221733
5000.000000000000	-13.572094114843	-1.068643509536
5000.000000000000	-13.766003260146	-1.081647656935
5000.000000000000	-13.946327022221	-1.093756772655
5000.000000000000	-14.112887443285	-1.105001355300
5000.000000000000	-14.265520148313	-1.115409939442
5000.000000000000	-14.404074507251	-1.125010771370
5000.000000000000	-14.528413783676	-1.133832310302
5000.000000000000	-14.638415269732	-1.141902972192
5000.000000000000	-14.733970407235	-1.149250558301
5000.000000000000	-14.814984894800	-1.155901503832
5000.000000000000	-14.881378780908	-1.161879919832
5000.000000000000	-14.933086542810	-1.167206622368
5000.000000000000	-14.970057151188	-1.171898729674
5000.000000000000	-14.992254120515	-1.175970474291
5000.000000000000	-14.999655545061	-1.179435309127
5000.000000000000	-14.992254120515	-1.182308390595
5000.000000000000	-14.970057151188	-1.184607783533
5000.000000000000	-14.933086542810	-1.186352961312
5000.000000000000	-14.881378780908	-1.187560536054
5000.000000000000	-14.814984894800	-1.188239003317
5000.000000000000	-14.733970407235	-1.188385455518
5000.000000000000	-14.638415269732	-1.187986741749
5000.000000000000	-14.528413783676	-1.187025377205
5000.000000000000	-14.404074507251	-1.185487703283
5000.000000000000	-14.265520148313	-1.183370041461
5000.000000000000	-14.112887443285	-1.180679143805
5000.000000000000	-13.946327022221	-1.177426113782
5000.000000000000	-13.766003260146	-1.173616694168
5000.000000000000	-13.572094114843	-1.169243220359
5000.000000000000	-13.364790951228	-1.164283007595
5000.000000000000	-13.144298352494	-1.158704501043
5000.000000000000	-12.910833918217	-1.152477980883
5000.000000000000	-12.664628049606	-1.145584641351
5000.000000000000	-12.405923722130	-1.138018401576
5000.000000000000	-12.134976245725	-1.129778825249
5000.000000000000	-11.852053012839	-1.120858855798
5000.000000000000	-11.557433234545	-1.111234551748
5000.000000000000	-11.251407664994	-1.100863339134
5000.000000000000	-10.934278314477	-1.089692543330
5000.000000000000	-10.606358151375	-1.077673701796
5000.000000000000	-10.267970793299	-1.064774126224
5000.000000000000	-9.919450187717	-1.050978072178
5000.000000000000	-9.561140282389	-1.036275595604
5000.000000000000	-9.193394685933	-1.020644657452
5000.000000000000	-8.816576318854	-1.004036838423
5000.000000000000	-8.431057055386	-0.986375922263
5000.000000000000	-8.037217356499	-0.967571673185
5000.000000000000	-7.635445894426	-0.947542011038
5000.000000000000	-7.226139169093	-0.926230812862
5000.000000000000	-6.809701116823	-0.903609706443
5000.000000000000	-6.386542711696	-0.879660534072
5000.000000000000	-5.957081559969	-0.854346388090
5000.000000000000	-5.521741487950	-0.827586784603
5000.000000000000	-5.080952123730	-0.799251623683
5000.000000000000	-4.635148473194	-0.769178661586
5000.000000000000	-4.184770490724	-0.737205230775
5000.000000000000	-3.730262645013	-0.703194866462
5000.000000000000	-3.272073480431	-0.667040014440
5000.000000000000	-2.810655174367	-0.628634431950
5000.000000000000	-2.346463090979	-0.587827810658
5000.000000000000	-1.879955331813	-0.544390612246
5000.000000000000	-1.411592283704	-0.498019710985
5000.000000000000	-0.941836164435	-0.448401556826
5000.000000000000	-0.471150566581	-0.395323953721
5000.000000000000	-0.000000000000	-0.338801652689
5000.000000000000	0.000000000000	-0.338202573990
5000.000000000000	0.471185429297	-0.279095236200
5000.000000000000	0.941905855462	-0.217553691642
5000.000000000000	1.411696734265	-0.154493910440
5000.000000000000	1.880094438828	-0.090943845246
5000.000000000000	2.346636717167	-0.027876988409
5000.000000000000	2.810863148378	0.033927401628
5000.000000000000	3.272315597022	0.093957513503
5000.000000000000	3.730538665242	0.151962613460
5000.000000000000	4.185080142194	0.207883767499
5000.000000000000	4.635491450316	0.261758220839
5000.000000000000	5.081328088026	0.313636700000
5000.000000000000	5.522150068390	0.363539312957
5000.000000000000	5.957522353333	0.411453943477
5000.000000000000	6.387015282974	0.457361913665
5000.000000000000	6.810204999644	0.501267419850
5000.000000000000	7.226673866186	0.543211769494
5000.000000000000	7.636010878109	0.583266271456
5000.000000000000	8.037812069202	0.621510885498
5000.000000000000	8.431680910199	0.658012565466
5000.000000000000	8.817228700107	0.692815167652
5000.000000000000	9.194074949805	0.725944448721
5000.000000000000	9.561847757542	0.757422653566
5000.000000000000	9.920184175958	0.787282663786
5000.000000000000	10.268730570270	0.815573582331
5000.000000000000	10.607142967269	0.842355990176
5000.000000000000	10.935087394774	0.867691615895
5000.000000000000	11.252240211231	0.891634914437
5000.000000000000	11.558288425098	0.914231814392
5000.000000000000	11.852930003738	0.935525553997
5000.000000000000	12.135874171487	0.955564701955
5000.000000000000	12.406841696610	0.974407170232
5000.000000000000	12.665565166875	0.992116895135
5000.000000000000	12.911789253452	1.008754875533
5000.000000000000	13.145270962895	1.024370135178
5000.000000000000	13.365779876946	1.038996455987
5000.000000000000	13.573098379928	1.052657256147
5000.000000000000	13.767021873510	1.065375948391
5000.000000000000	13.947358978615	1.077185642562
5000.000000000000	14.113931724293	1.088132295657
5000.000000000000	14.266575723354	1.098269225648
5000.000000000000	14.405140334602	1.107645994248
5000.000000000000	14.529488811493	1.116297985928
5000.000000000000	14.639498437093	1.124242615547
5000.000000000000	14.735060645184	1.131484269748
5000.000000000000	14.816081127403	1.138025130697
5000.000000000000	14.882479926318	1.143875851979
5000.000000000000	14.934191514328	1.149060430725
5000.000000000000	14.971164858340	1.153613177539
5000.000000000000	14.993363470128	1.157570206385
5000.000000000000	15.000765442342	1.160960666964
5000.000000000000	14.993363470128	1.163802491941
5000.000000000000	14.971164858340	1.166104219638
5000.000000000000	14.934191514328	1.167870604888
5000.000000000000	14.882479926318	1.169107646013
5000.000000000000	14.816081127403	1.169823525050
5000.000000000000	14.735060645184	1.170025069875
5000.000000000000	14.639498437093	1.169712592738
5000.000000000000	14.529488811493	1.168877199865
5000.000000000000	14.405140334602	1.167503090905
5000.000000000000	14.266575723354	1.165574000694
5000.000000000000	14.113931724293	1.163079980374
5000.000000000000	13.947358978615	1.160020140276
5000.000000000000	13.767021873510	1.156399251983
5000.000000000000	13.573098379928	1.152219872026
5000.000000000000	13.365779876946	1.147474546499
5000.000000000000	13.145270962895	1.142142807216
5000.000000000000	12.911789253452	1.136194884610
5000.000000000000	12.665565166875	1.129600000339
5000.000000000000	12.406841696610	1.122334273182
5000.000000000000	12.135874171487	1.114383471862
5000.000000000000	11.852930003738	1.105739009231
5000.000000000000	11.558288425098	1.096389755092
5000.000000000000	11.252240211231	1.086314820646
5000.000000000000	10.935087394774	1.075481768575
5000.000000000000	10.607142967269	1.063851117203
5000.000000000000	10.268730570270	1.051383800238
5000.000000000000	9.920184175958	1.038046168086
5000.000000000000	9.561847757542	1.023808648266
5000.000000000000	9.194074949805	1.008638488257
5000.000000000000	8.817228700107	0.992491348412
5000.000000000000	8.431680910199	0.975307923307
5000.000000000000	8.037812069202	0.957018980546
5000.000000000000	7.636010878109	0.937556642884
5000.000000000000	7.226673866186	0.916864845215
5000.000000000000	6.810204999644	0.894901083194
5000.000000000000	6.387015282974	0.871625976410
5000.000000000000	5.957522353333	0.846984650662
5000.000000000000	5.522150068390	0.820890038637
5000.000000000000	5.081328088026	0.793218687896
5000.000000000000	4.635491450316	0.763823301411
5000.000000000000	4.185080142194	0.732555960540
5000.000000000000	3.730538665242	0.699287709482
5000.000000000000	3.272315597022	0.663909604828
5000.000000000000	2.810863148378	0.626309417767
5000.000000000000	2.346636717167	0.586333395517
5000.000000000000	1.880094438828	0.543756045219
5000.000000000000	1.411696734265	0.498284559959
5000.000000000000	0.941905855462	0.449614151187
5000.000000000000	0.471185429297	0.397529024531
5000.000000000000	0.000000000000	0.342020190533
5000.000000000000	-0.471185429297	0.283377136235
5000.000000000000	-0.941905855462	0.222213629231
5000.000000000000	-1.411696734265	0.159408930278
5000.000000000000	-1.880094438828	0.095976404950
5000.000000000000	-2.346636717167	0.032898941952
5000.000000000000	-2.810863148378	-0.029017250938
5000.000000000000	-3.272315597022	-0.089227252415
5000.000000000000	-3.730538665242	-0.147452160898
5000.000000000000	-4.185080142194	-0.203616051555
5000.000000000000	-4.635491450316	-0.257749955221
5000.000000000000	-5.081328088026	-0.309903779778
5000.000000000000	-5.522150068390	-0.360095765258
5000.000000000000	-5.957522353333	-0.408307291830
5000.000000000000	-6.387015282974	-0.454509635428
5000.000000000000	-6.810204999644	-0.498698047140
5000.000000000000	-7.226673866186	-0.540910927882
5000.000000000000	-7.636010878109	-0.581224552442
5000.000000000000	-8.037812069202	-0.619728925373
5000.000000000000	-8.431680910199	-0.656499974599
5000.000000000000	-8.817228700107	-0.691583334148
5000.000000000000	-9.194074949805	-0.724996821402
5000.000000000000	-9.561847757542	-0.756747827336
5000.000000000000	-9.920184175958	-0.786854383091
5000.000000000000	-10.268730570270	-0.815358197745
5000.000000000000	-10.607142967269	-0.842323843258
5000.000000000000	-10.935087394774	-0.867826507886
5000.000000000000	-11.252240211231	-0.891936567603
5000.000000000000	-11.558288425098	-0.914709758785
5000.000000000000	-11.852930003738	-0.936187358843
5000.000000000000	-12.135874171487	-0.956404551921
5000.000000000000	-12.406841696610	-0.975400795397
5000.000000000000	-12.665565166875	-0.993225734327
5000.000000000000	-12.911789253452	-1.009937676115
5000.000000000000	-13.145270962895	-1.025596387561
5000.000000000000	-13.365779876946	-1.040255104992
5000.000000000000	-13.573098379928	-1.053956518818
5000.000000000000	-13.767021873510	-1.066734553994
5000.000000000000	-13.947358978615	-1.078620070575
5000.000000000000	-14.113931724293	-1.089646440241
5000.000000000000	-14.266575723354	-1.099851459242
5000.000000000000	-14.405140334602	-1.109274667825
5000.000000000000	-14.529488811493	-1.117952083538
5000.000000000000	-14.639498437093	-1.125911813380
5000.000000000000	-14.735060645184	-1.133173240879
5000.000000000000	-14.816081127403	-1.139750156004
5000.000000000000	-14.882479926318	-1.145655855086
5000.000000000000	-14.934191514328	-1.150907288602
5000.000000000000	-14.971164858340	-1.155526195134
5000.000000000000	-14.993363470128	-1.159537103010
5000.000000000000	-15.000765442342	-1.162963800161
5000.000000000000	-14.993363470128	-1.165826357640
5000.000000000000	-14.971164858340	-1.168139938501
5000.000000000000	-14.934191514328	-1.169915202298
5000.000000000000	-14.882479926318	-1.171159173308
5000.000000000000	-14.816081127403	-1.171875563329
5000.000000000000	-14.735060645184	-1.172064481584
5000.000000000000	-14.639498437093	-1.171722377088
5000.000000000000	-14.529488811493	-1.170843144869
5000.000000000000	-14.405140334602	-1.169420445509
5000.000000000000	-14.266575723354	-1.167450082795
5000.000000000000	-14.113931724293	-1.164930738787
5000.000000000000	-13.947358978615	-1.161862070195
5000.000000000000	-13.767021873510	-1.158240829753
5000.000000000000	-13.573098379928	-1.154057220626
5000.000000000000	-13.365779876946	-1.149293961491
5000.000000000000	-13.145270962895	-1.143929114689
5000.000000000000	-12.911789253452	-1.137941330195
5000.000000000000	-12.665565166875	-1.131314295061
5000.000000000000	-12.406841696610	-1.124037212089
5000.000000000000	-12.135874171487	-1.116100321284
5000.000000000000	-11.852930003738	-1.107487658462
5000.000000000000	-11.558288425098	-1.098171427736
5000.000000000000	-11.252240211231	-1.088111954021
5000.000000000000	-10.935087394774	-1.077264085837
5000.000000000000	-10.607142967269	-1.065586798336
5000.000000000000	-10.268730570270	-1.053050153202
5000.000000000000	-9.920184175958	-1.039634603317
5000.000000000000	-9.561847757542	-1.025321821748
5000.000000000000	-9.194074949805	-1.010081555986
5000.000000000000	-8.817228700107	-0.993862213582
5000.000000000000	-8.431680910199	-0.976591646304
5000.000000000000	-8.037812069202	-0.958189090203
5000.000000000000	-7.636010878109	-0.938582316930
5000.000000000000	-7.226673866186	-0.917719880369
5000.000000000000	-6.810204999644	-0.895569863007
5000.000000000000	-6.387015282974	-0.872103561729
5000.000000000000	-5.957522353333	-0.847271503612
5000.000000000000	-5.522150068390	-0.820984800343
5000.000000000000	-5.081328088026	-0.793113228594
5000.000000000000	-4.635491450316	-0.763502544810
5000.000000000000	-4.185080142194	-0.732001805672
5000.000000000000	-3.730538665242	-0.698483649052
5000.000000000000	-3.272315597022	-0.662842057119
5000.000000000000	-2.810863148378	-0.624963825115
5000.000000000000	-2.346636717167	-0.584686738977
5000.000000000000	-1.880094438828	-0.541770529650
5000.000000000000	-1.411696734265	-0.495907909364
5000.000000000000	-0.941905855462	-0.446789517830
5000.000000000000	-0.471185429297	-0.394212946700
5000.000000000000	-0.000000000000	-0.338202573990
5000.000000000000	0.000000000000	-0.337379226092
5000.000000000000	0.471154842075	-0.278696208519
5000.000000000000	0.941844711205	-0.217577072626
5000.000000000000	1.411605093314	-0.154950073944
5000.000000000000	1.879972391622	-0.091851890354
5000.000000000000	2.346484384151	-0.029255766784
5000.000000000000	2.810680679888	0.032069464793
5000.000000000000	3.272103173131	0.091628709145
5000.000000000000	3.730296495587	0.149186981094
5000.000000000000	4.184808465767	0.204693026163
5000.000000000000	4.635190535230	0.258180286939
5000.000000000000	5.080998231247	0.309686200163
5000.000000000000	5.521791595446	0.359214508247
5000.000000000000	5.957135617995	0.406741282779
5000.000000000000	6.386600666902	0.452245676705
5000.000000000000	6.809762912015	0.495739521477
5000.000000000000	7.226204743286	0.537276972187
5000.000000000000	7.635515182906	0.576940636509
5000.000000000000	8.037290290888	0.614814874992
5000.000000000000	8.431133563706	0.650962885179
5000.000000000000	8.816656325599	0.685419835995
5000.000000000000	9.193478112148	0.718203556234
5000.000000000000	9.561227045741	0.749334004549
5000.000000000000	9.919540202581	0.778848778278
5000.000000000000	10.268063970842	0.806805855218
5000.000000000000	10.606454399643	0.833273493619
5000.000000000000	10.934377538483	0.858315125699
5000.000000000000	11.251509766817	0.881979509397
5000.000000000000	11.557538113421	0.904302296897
5000.000000000000	11.852160565267	0.925317461320
5000.000000000000	12.135086365563	0.945070623962
5000.000000000000	12.406036300703	0.963625135955
5000.000000000000	12.664742975813	0.981056367627
5000.000000000000	12.910951078639	0.997437092274
5000.000000000000	13.144417631508	1.012822519989
5000.000000000000	13.364912231120	1.027243996290
5000.000000000000	13.572217275925	1.040715369182
5000.000000000000	13.766128180873	1.053248564280
5000.000000000000	13.946453579310	1.064869438141
5000.000000000000	14.113015511841	1.075624731797
5000.000000000000	14.265649601946	1.085576045824
5000.000000000000	14.404205218208	1.094784204173
5000.000000000000	14.528545622959	1.103292839714
5000.000000000000	14.638548107233	1.111120404105
5000.000000000000	14.734104111859	1.118264952606
5000.000000000000	14.815119334596	1.124718852616
5000.000000000000	14.881513823201	1.130485156941
5000.000000000000	14.933222054330	1.135586771211
5000.000000000000	14.970192998201	1.140063903531
5000.000000000000	14.992390168955	1.143961952209
5000.000000000000	14.999791660666	1.147317094890
5000.000000000000	14.992390168955	1.150147576621
5000.000000000000	14.970192998201	1.152454872521
5000.000000000000	14.933222054330	1.154232962341
5000.000000000000	14.881513823201	1.155479437075
5000.000000000000	14.815119334596	1.156201596663
5000.000000000000	14.734104111859	1.156414195333
5000.000000000000	14.638548107233	1.156130767965
5000.000000000000	14.528545622959	1.155354310497
5000.000000000000	14.404205218208	1.154073272304
5000.000000000000	14.265649601946	1.152265398486
5000.000000000000	14.113015511841	1.149907128071
5000.000000000000	13.946453579310	1.146982955755
5000.000000000000	13.766128180873	1.143489312886
5000.000000000000	13.572217275925	1.139430897578
5000.000000000000	13.364912231120	1.134811846930
5000.000000000000	13.144417631508	1.129626998502
5000.000000000000	12.910951078639	1.123858117237
5000.000000000000	12.664742975813	1.117476758353
5000.000000000000	12.406036300703	1.110451470252
5000.000000000000	12.135086365563	1.102754735710
5000.000000000000	11.852160565267	1.094365680584
5000.000000000000	11.557538113421	1.085267546784
5000.000000000000	11.251509766817	1.075442216536
5000.000000000000	10.934377538483	1.064865591179
5000.000000000000	10.606454399643	1.053506529613
5000.000000000000	10.268063970842	1.041329250763
5000.000000000000	9.919540202581	1.028296612193
5000.000000000000	9.561227045741	1.014371235195
5000.000000000000	9.193478112148	0.999513340858
5000.000000000000	8.816656325599	0.983677005177
5000.000000000000	8.431133563706	0.966808197655
5000.000000000000	8.037290290888	0.948847032615
5000.000000000000	7.635515182906	0.929733526733
5000.000000000000	7.226204743286	0.909412901618
5000.000000000000	6.809762912015	0.887835572220
5000.000000000000	6.386600666902	0.864949574257
5000.000000000000	5.957135617995	0.840688123902
5000.000000000000	5.521791595446	0.814959200842
5000.000000000000	5.080998231247	0.787644344728
5000.000000000000	4.635190535230	0.758609150530
5000.000000000000	4.184808465767	0.727720316817
5000.000000000000	3.730296495587	0.694858044714
5000.000000000000	3.272103173131	0.659912594403
5000.000000000000	2.810680679888	0.622761510389
5000.000000000000	2.346484384151	0.583236623239
5000.000000000000	1.879972391622	0.541101020734
5000.000000000000	1.411605093314	0.496058837413
5000.000000000000	0.941844711205	0.447811360760
5000.000000000000	0.471154842075	0.396153894168
5000.000000000000	0.000000000000	0.341086878607
5000.000000000000	-0.471154842075	0.282901956625
5000.000000000000	-0.941844711205	0.222206277909
5000.000000000000	-1.411605093314	0.159867091786
5000.000000000000	-1.879972391622	0.096886726297
5000.000000000000	-2.346484384151	0.034243848885
5000.000000000000	-2.810680679888	-0.027250639653
5000.000000000000	-3.272103173131	-0.087041029179
5000.000000000000	-3.730296495587	-0.144837750389
5000.000000000000	-4.184808465767	-0.200560556748
5000.000000000000	-4.635190535230	-0.254245311486
5000.000000000000	-5.080998231247	-0.305953706479
5000.000000000000	-5.521791595446	-0.355716624776
5000.000000000000	-5.957135617995	-0.403522219384
5000.000000000000	-6.386600666902	-0.449338950885
5000.000000000000	-6.809762912015	-0.493151037796
5000.000000000000	-7.226204743286	-0.534983464204
5000.000000000000	-7.635515182906	-0.574903975153
5000.000000000000	-8.037290290888	-0.613003812868
5000.000000000000	-8.431133563706	-0.649369792498
5000.000000000000	-8.816656325599	-0.684062968657
5000.000000000000	-9.193478112148	-0.717113611409
5000.000000000000	-9.561227045741	-0.748532564101
5000.000000000000	-9.919540202581	-0.778330821553
5000.000000000000	-10.268063970842	-0.806536324459
5000.000000000000	-10.606454399643	-0.833200139045
5000.000000000000	-10.934377538483	-0.858390817283
5000.000000000000	-11.251509766817	-0.882181859639
5000.000000000000	-11.557538113421	-0.904639755868
5000.000000000000	-11.852160565267	-0.925818343686
5000.000000000000	-12.135086365563	-0.945760851930
5000.000000000000	-12.406036300703	-0.964506748011
5000.000000000000	-12.664742975813	-0.982098605122
5000.000000000000	-12.910951078639	-0.998585209494
5000.000000000000	-13.144417631508	-1.014019937073
5000.000000000000	-13.364912231120	-1.028456167619
5000.000000000000	-13.572217275925	-1.041942703791
5000.000000000000	-13.766128180873	-1.054521500859
5000.000000000000	-13.946453579310	-1.066228269134
5000.000000000000	-14.113015511841	-1.077094898255
5000.000000000000	-14.265649601946	-1.087152023553
5000.000000000000	-14.404205218208	-1.096430486856
5000.000000000000	-14.528545622959	-1.104961377904
5000.000000000000	-14.638548107233	-1.112775089163
5000.000000000000	-14.734104111859	-1.119900032534
5000.000000000000	-14.815119334596	-1.126361484909
5000.000000000000	-14.881513823201	-1.132180818798
5000.000000000000	-14.933222054330	-1.137375360581
5000.000000000000	-14.970192998201	-1.141959190201
5000.000000000000	-14.992390168955	-1.145945035898
5000.000000000000	-14.999791660666	-1.149346852412
5000.000000000000	-14.992390168955	-1.152181933013
5000.000000000000	-14.970192998201	-1.154471065183
5000.000000000000	-14.933222054330	-1.156235805382
5000.000000000000	-14.881513823201	-1.157493404197
5000.000000000000	-14.815119334596	-1.158251553214
5000.000000000000	-14.734104111859	-1.158505880299
5000.000000000000	-14.638548107233	-1.158242235374
5000.000000000000	-14.528545622959	-1.157443447816
5000.000000000000	-14.404205218208	-1.156097572600
5000.000000000000	-14.265649601946	-1.154203280955
5000.000000000000	-14.113015511841	-1.151769062828
5000.000000000000	-13.946453579310	-1.148806050952
5000.000000000000	-13.766128180873	-1.145317947437
5000.000000000000	-13.572217275925	-1.141293583008
5000.000000000000	-13.364912231120	-1.136706634154
5000.000000000000	-13.144417631508	-1.131523225512
5000.000000000000	-12.910951078639	-1.125713543058
5000.000000000000	-12.664742975813	-1.119260865446
5000.000000000000	-12.406036300703	-1.112162401236
5000.000000000000	-12.135086365563	-1.104420748561
5000.000000000000	-11.852160565267	-1.096030310018
5000.000000000000	-11.557538113421	-1.086966368023
5000.000000000000	-11.251509766817	-1.077183536429
5000.000000000000	-10.934377538483	-1.066625183019
5000.000000000000	-10.606454399643	-1.055238915346
5000.000000000000	-10.268063970842	-1.042989158284
5000.000000000000	-9.919540202581	-1.029858890283
5000.000000000000	-9.561227045741	-1.015838544914
5000.000000000000	-9.193478112148	-1.000907736778
5000.000000000000	-8.816656325599	-0.985020336837
5000.000000000000	-8.431133563706	-0.968102300850
5000.000000000000	-8.037290290888	-0.950064690080
5000.000000000000	-7.635515182906	-0.930825211658
5000.000000000000	-7.226204743286	-0.910325678782
5000.000000000000	-6.809762912015	-0.888533949594
5000.000000000000	-6.386600666902	-0.865427135779
5000.000000000000	-5.957135617995	-0.840963889684
5000.000000000000	-5.521791595446	-0.815060979447
5000.000000000000	-5.080998231247	-0.787588258649
5000.000000000000	-4.635190535230	-0.758386244536
5000.000000000000	-4.184808465767	-0.727296822345
5000.000000000000	-3.730296495587	-0.694187982593
5000.000000000000	-3.272103173131	-0.658954450354
5000.000000000000	-2.810680679888	-0.621488684627
5000.000000000000	-2.346484384151	-0.581635444192
5000.000000000000	-1.879972391622	-0.539158047356
5000.000000000000	-1.411605093314	-0.493746414517
5000.000000000000	-0.941844711205	-0.445082641540
5000.000000000000	-0.471154842075	-0.392954182346
5000.000000000000	-0.000000000000	-0.337379226092
5000.000000000000	0.000000000000	-0.336103571678
5000.000000000000	0.471162873701	-0.277779100611
5000.000000000000	0.941860766529	-0.217025336484
5000.000000000000	1.411629156494	-0.154763670490
5000.000000000000	1.880004438909	-0.092023944143
5000.000000000000	2.346524383918	-0.029776057358
5000.000000000000	2.810728592660	0.031209074112
5000.000000000000	3.272158951624	0.090429663699
5000.000000000000	3.730360084756	0.147642815698
5000.000000000000	4.184879802855	0.202792497748
5000.000000000000	4.635269549836	0.255913592869
5000.000000000000	5.081084845394	0.307051324125
5000.000000000000	5.521885723657	0.356220506390
5000.000000000000	5.957237167375	0.403406736429
5000.000000000000	6.386709537236	0.448592910029
5000.000000000000	6.809878995860	0.491787304334
5000.000000000000	7.226327926081	0.533035196329
5000.000000000000	7.635645343085	0.572409453310
5000.000000000000	8.037427299998	0.609988519849
5000.000000000000	8.431277286536	0.645836055708
5000.000000000000	8.816806620313	0.679993260092
5000.000000000000	9.193634830421	0.712485914669
5000.000000000000	9.561390032913	0.743339369266
5000.000000000000	9.919709297802	0.772591128955
5000.000000000000	10.268239007236	0.800293771133
5000.000000000000	10.606635204470	0.826507978777
5000.000000000000	10.934563933311	0.851291798634
5000.000000000000	11.251701567696	0.874694005914
5000.000000000000	11.557735131067	0.896755972999
5000.000000000000	11.852362605247	0.917520288284
5000.000000000000	12.135293228489	0.937039644039
5000.000000000000	12.406247782425	0.955379208490
5000.000000000000	12.664958867625	0.972609922788
5000.000000000000	12.911171167482	0.988796165144
5000.000000000000	13.144641700181	1.003985166932
5000.000000000000	13.365140058493	1.018204921101
5000.000000000000	13.572448637161	1.031472412240
5000.000000000000	13.766362847645	1.043807774571
5000.000000000000	13.946691320032	1.055246228288
5000.000000000000	14.113256091891	1.065840671574
5000.000000000000	14.265892783901	1.075653075764
5000.000000000000	14.404450762075	1.084739276271
5000.000000000000	14.528793286418	1.093135603625
5000.000000000000	14.638797645869	1.100854816244
5000.000000000000	14.734355279407	1.107893569397
5000.000000000000	14.815371883185	1.114247228075
5000.000000000000	14.881767503596	1.119923895042
5000.000000000000	14.933476616178	1.124950258399
5000.000000000000	14.970448190280	1.129366702826
5000.000000000000	14.992645739423	1.133215167727
5000.000000000000	15.000047357305	1.136526976835
5000.000000000000	14.992645739423	1.139317274522
5000.000000000000	14.970448190280	1.141588350695
5000.000000000000	14.933476616178	1.143338759941
5000.000000000000	14.881767503596	1.144571963557
5000.000000000000	14.815371883185	1.145299022108
5000.000000000000	14.734355279407	1.145533966370
5000.000000000000	14.638797645869	1.145285235893
5000.000000000000	14.528793286418	1.144549044863
5000.000000000000	14.404450762075	1.143309248531
5000.000000000000	14.265892783901	1.141544116862
5000.000000000000	14.113256091891	1.139236011234
5000.000000000000	13.946691320032	1.136378054089
5000.000000000000	13.766362847645	1.132973653437
5000.000000000000	13.572448637161	1.129029086083
5000.000000000000	13.365140058493	1.124543568436
5000.000000000000	13.144641700181	1.119502749967
5000.000000000000	12.911171167482	1.113879436937
5000.000000000000	12.664958867625	1.107640920586
5000.000000000000	12.406247782425	1.100758285911
5000.000000000000	12.135293228489	1.093211971680
5000.000000000000	11.852362605247	1.084990291528
5000.000000000000	11.557735131067	1.076082056741
5000.000000000000	11.251701567696	1.066468075776
5000.000000000000	10.934563933311	1.056116866182
5000.000000000000	10.606635204470	1.044987070227
5000.000000000000	10.268239007236	1.033034653152
5000.000000000000	9.919709297802	1.020219839353
5000.000000000000	9.561390032913	1.006508963979
5000.000000000000	9.193634830421	0.991869893319
5000.000000000000	8.816806620313	0.976264150474
5000.000000000000	8.431277286536	0.959641363249
5000.000000000000	8.037427299998	0.941940307355
5000.000000000000	7.635645343085	0.923096298046
5000.000000000000	7.226327926081	0.903049848769
5000.000000000000	6.809878995860	0.881749711731
5000.000000000000	6.386709537236	0.859146279077
5000.000000000000	5.957237167375	0.835177507500
5000.000000000000	5.521885723657	0.809755251570
5000.000000000000	5.081084845394	0.782761133963
5000.000000000000	4.635269549836	0.754056209260
5000.000000000000	4.184879802855	0.723499862371
5000.000000000000	3.730360084756	0.690965790151
5000.000000000000	3.272158951624	0.656341901289
5000.000000000000	2.810728592660	0.619508748687
5000.000000000000	2.346524383918	0.580304851541
5000.000000000000	1.880004438909	0.538499942148
5000.000000000000	1.411629156494	0.493800984496
5000.000000000000	0.941860766529	0.445906529090
5000.000000000000	0.471162873701	0.394604834858
5000.000000000000	0.000000000000	0.339888609772
5000.000000000000	-0.471162873701	0.282045095871
5000.000000000000	-0.941860766529	0.221682593105
5000.000000000000	-1.411629156494	0.159674227755
5000.000000000000	-1.880004438909	0.097029487814
5000.000000000000	-2.346524383918	0.034731296428
5000.000000000000	-2.810728592660	-0.026410708577
5000.000000000000	-3.272158951624	-0.085847154628
5000.000000000000	-3.730360084756	-0.143296561427
5000.000000000000	-4.184879802855	-0.198684098154
5000.000000000000	-4.635269549836	-0.252045273763
5000.000000000000	-5.081084845394	-0.303435647828
5000.000000000000	-5.521885723657	-0.352877385070
5000.000000000000	-5.957237167375	-0.400352089150
5000.000000000000	-6.386709537236	-0.445827623762
5000.000000000000	-6.809878995860	-0.489294297434
5000.000000000000	-7.226327926081	-0.530787069178
5000.000000000000	-7.635645343085	-0.570382604465
5000.000000000000	-8.037427299998	-0.608175507669
5000.000000000000	-8.431277286536	-0.644248724425
5000.000000000000	-8.816806620312	-0.678654305176
5000.000000000000	-9.193634830421	-0.711413214889
5000.000000000000	-9.561390032913	-0.742531775820
5000.000000000000	-9.919709297802	-0.772023937547
5000.000000000000	-10.268239007236	-0.799926951143
5000.000000000000	-10.606635204470	-0.826303168086
5000.000000000000	-10.934563933311	-0.851228994751
5000.000000000000	-11.251701567696	-0.874778678582
5000.000000000000	-11.557735131067	-0.897012245215
5000.000000000000	-11.852362605247	-0.917973317659
5000.000000000000	-12.135293228489	-0.937696355453
5000.000000000000	-12.406247782425	-0.956217762783
5000.000000000000	-12.664958867625	-0.973583964708
5000.000000000000	-12.911171167482	-0.989852187531
5000.000000000000	-13.144641700181	-1.005084320947
5000.000000000000	-13.365140058493	-1.019338049250
5000.000000000000	-13.572448637161	-1.032660409901
5000.000000000000	-13.766362847645	-1.045086909506
5000.000000000000	-13.946691320032	-1.056645838275
5000.000000000000	-14.113256091891	-1.067364625705
5000.000000000000	-14.265892783901	-1.077274439607
5000.000000000000	-14.404450762075	-1.086410792525
5000.000000000000	-14.528793286418	-1.094810478648
5000.000000000000	-14.638797645869	-1.102507133597
5000.000000000000	-14.734355279407	-1.109528086415
5000.000000000000	-14.815371883185	-1.115894024673
5000.000000000000	-14.881767503596	-1.121621240643
5000.000000000000	-14.933476616178	-1.126724956726
5000.000000000000	-14.970448190280	-1.131222025458
5000.000000000000	-14.992645739423	-1.135131997402
5000.000000000000	-15.000047357305	-1.138476501287
5000.000000000000	-14.992645739423	-1.141277480123
5000.000000000000	-14.970448190280	-1.143554904749
5000.000000000000	-14.933476616178	-1.145324412304
5000.000000000000	-14.881767503596	-1.146595269622
5000.000000000000	-14.815371883185	-1.147369248191
5000.000000000000	-14.734355279407	-1.147641140952
5000.000000000000	-14.638797645869	-1.147401336247
5000.000000000000	-14.528793286418	-1.146639956178
5000.000000000000	-14.404450762075	-1.145350961752
5000.000000000000	-14.265892783901	-1.143534093000
5000.000000000000	-14.113256091891	-1.141193171026
5000.000000000000	-13.946691320032	-1.138331082535
5000.000000000000	-13.766362847645	-1.134943811302
5000.000000000000	-13.572448637161	-1.131016892457
5000.000000000000	-13.365140058493	-1.126526765419
5000.000000000000	-13.144641700181	-1.121446894412
5000.000000000000	-12.911171167482	-1.115755566488
5000.000000000000	-12.664958867625	-1.109440780328
5000.000000000000	-12.406247782425	-1.102498774983
5000.000000000000	-12.135293228489	-1.094926190577
5000.000000000000	-11.852362605247	-1.086709773168
5000.000000000000	-11.557735131067	-1.077819552689
5000.000000000000	-11.251701567696	-1.068210033536
5000.000000000000	-10.934563933311	-1.057829572788
5000.000000000000	-10.606635204470	-1.046633116224
5000.000000000000	-10.268239007236	-1.034590831984
5000.000000000000	-9.919709297802	-1.021686829257
5000.000000000000	-9.561390032913	-1.007907560806
5000.000000000000	-9.193634830421	-0.993225791973
5000.000000000000	-8.816806620313	-0.977589416788
5000.000000000000	-8.431277286536	-0.960922496596
5000.000000000000	-8.037427299998	-0.943139240692
5000.000000000000	-7.635645343085	-0.924163757040
5000.000000000000	-7.226327926081	-0.903943941919
5000.000000000000	-6.809878995860	-0.882449965900
5000.000000000000	-6.386709537236	-0.859655952494
5000.000000000000	-5.957237167375	-0.835513417452
5000.000000000000	-5.521885723657	-0.809931016721
5000.000000000000	-5.081084845394	-0.782773019276
5000.000000000000	-4.635269549836	-0.753878929968
5000.000000000000	-4.184879802855	-0.723093847018
5000.000000000000	-3.730360084756	-0.690290846194
5000.000000000000	-3.272158951624	-0.655368684687
5000.000000000000	-2.810728592660	-0.618220950757
5000.000000000000	-2.346524383918	-0.578690790574
5000.000000000000	-1.880004438909	-0.536539059943
5000.000000000000	-1.411629156494	-0.491454693337
5000.000000000000	-0.941860766529	-0.443121503504
5000.000000000000	-0.471162873701	-0.391330630923
5000.000000000000	-0.000000000000	-0.336103571678
5000.000000000000	0.000000000000	-0.336287123454
5000.000000000000	0.471129434186	-0.278328807543
5000.000000000000	0.941793920501	-0.217943540275
5000.000000000000	1.411528969921	-0.156044860529
5000.000000000000	1.879871010663	-0.093656234276
5000.000000000000	2.346357845677	-0.031746039069
5000.000000000000	2.810529108777	0.028910861011
5000.000000000000	3.271926718965	0.087805692990
5000.000000000000	3.730095332507	0.144689596549
5000.000000000000	4.184582792295	0.199504969732
5000.000000000000	4.634940574078	0.252290310092
5000.000000000000	5.080724229098	0.303097423606
5000.000000000000	5.521493822706	0.351946738942
5000.000000000000	5.956814368530	0.398825098364
5000.000000000000	6.386256257747	0.443711379560
5000.000000000000	6.809395683060	0.486606750671
5000.000000000000	7.225815056941	0.527550365242
5000.000000000000	7.635103423745	0.566613676361
5000.000000000000	8.036856865267	0.603879693454
5000.000000000000	8.430678899364	0.639420661096
5000.000000000000	8.816180871236	0.673286191011
5000.000000000000	9.192982336978	0.705506116822
5000.000000000000	9.560711439036	0.736103557404
5000.000000000000	9.919005273182	0.765108896819
5000.000000000000	10.267510246659	0.792566666966
5000.000000000000	10.605882427135	0.818532983994
5000.000000000000	10.933787882119	0.843067280083
5000.000000000000	11.250903008515	0.866224901794
5000.000000000000	11.556914851980	0.888055430579
5000.000000000000	11.851521415769	0.908606943031
5000.000000000000	12.134431958773	0.927932131571
5000.000000000000	12.405367282440	0.946091014139
5000.000000000000	12.664060006319	0.963147466185
5000.000000000000	12.910254831921	0.979161200389
5000.000000000000	13.143708794678	0.994180149367
5000.000000000000	13.364191503714	1.008238288426
5000.000000000000	13.571485369215	1.021360699887
5000.000000000000	13.765385817161	1.033573169832
5000.000000000000	13.945701491221	1.044910663060
5000.000000000000	14.112254441594	1.055419505028
5000.000000000000	14.264880300626	1.065151752554
5000.000000000000	14.403428445021	1.074154856988
5000.000000000000	14.527762144489	1.082462530503
5000.000000000000	14.637758696677	1.090092046386
5000.000000000000	14.733309548270	1.097049472845
5000.000000000000	14.814320402113	1.103339804493
5000.000000000000	14.880711310273	1.108976296126
5000.000000000000	14.932416752941	1.113984019655
5000.000000000000	14.969385703085	1.118396210455
5000.000000000000	14.991581676817	1.122246136998
5000.000000000000	14.998982769389	1.125559524990
5000.000000000000	14.991581676817	1.128351728110
5000.000000000000	14.969385703085	1.130630545520
5000.000000000000	14.932416752941	1.132401992535
5000.000000000000	14.880711310273	1.133674683560
5000.000000000000	14.814320402113	1.134459735943
5000.000000000000	14.733309548270	1.134766342511
5000.000000000000	14.637758696677	1.134596233806
5000.000000000000	14.527762144489	1.133941140333
5000.000000000000	14.403428445021	1.132785475967
5000.000000000000	14.264880300626	1.131113005905
5000.000000000000	14.112254441594	1.128913483741
5000.000000000000	13.945701491221	1.126184993946
5000.000000000000	13.765385817161	1.122930273495
5000.000000000000	13.571485369215	1.119149067567
5000.000000000000	13.364191503714	1.114831201885
5000.000000000000	13.143708794678	1.109954788182
5000.000000000000	12.910254831921	1.104490872870
5000.000000000000	12.664060006319	1.098411767378
5000.000000000000	12.405367282440	1.091697828631
5000.000000000000	12.134431958773	1.084338236523
5000.000000000000	11.851521415769	1.076324981305
5000.000000000000	11.556914851980	1.067643604648
5000.000000000000	11.250903008515	1.058266483847
5000.000000000000	10.933787882119	1.048153063843
5000.000000000000	10.605882427135	1.037257132530
5000.000000000000	10.267510246659	1.025536626321
5000.000000000000	9.919005273182	1.012959515604
5000.000000000000	9.560711439036	0.999501485201
5000.000000000000	9.192982336978	0.985136267572
5000.000000000000	8.816180871236	0.969824468996
5000.000000000000	8.430678899364	0.953508270735
5000.000000000000	8.036856865267	0.936116162162
5000.000000000000	7.635103423745	0.917575518769
5000.000000000000	7.225815056941	0.897825207413
5000.000000000000	6.809395683060	0.876819253693
5000.000000000000	6.386256257747	0.854517229716
5000.000000000000	5.956814368530	0.830865131460
5000.000000000000	5.521493822706	0.805777307214
5000.000000000000	5.080724229098	0.779130888267
5000.000000000000	4.634940574078	0.750777717566
5000.000000000000	4.184582792295	0.720567988682
5000.000000000000	3.730095332507	0.688370910933
5000.000000000000	3.271926718965	0.654076752634
5000.000000000000	2.810529108777	0.617573762370
5000.000000000000	2.346357845677	0.578709162082
5000.000000000000	1.879871010663	0.537257574064
5000.000000000000	1.411528969921	0.492924295514
5000.000000000000	0.941793920501	0.445400422525
5000.000000000000	0.471129434186	0.394464807522
5000.000000000000	0.000000000000	0.340103627400
5000.000000000000	-0.471129434186	0.282603709100
5000.000000000000	-0.941793920501	0.222579004712
5000.000000000000	-1.411528969921	0.160911093856
5000.000000000000	-1.879871010663	0.098616020300
5000.000000000000	-2.346357845677	0.036677752657
5000.000000000000	-2.810529108777	-0.024099169600
5000.000000000000	-3.271926718965	-0.083174008109
5000.000000000000	-3.730095332507	-0.140273084809
5000.000000000000	-4.184582792295	-0.195324806059
5000.000000000000	-4.634940574078	-0.248362247555
5000.000000000000	-5.080724229098	-0.299434899359
5000.000000000000	-5.521493822706	-0.348559166782
5000.000000000000	-5.956814368530	-0.395714794718
5000.000000000000	-6.386256257747	-0.440872882135
5000.000000000000	-6.809395683060	-0.484030186145
5000.000000000000	-7.225815056941	-0.525227441485
5000.000000000000	-7.635103423745	-0.564542751431
5000.000000000000	-8.036856865267	-0.602066523920
5000.000000000000	-8.430678899364	-0.637873807052
5000.000000000000	-8.816180871236	-0.672009277938
5000.000000000000	-9.192982336978	-0.704491310799
5000.000000000000	-9.560711439036	-0.735330345945
5000.000000000000	-9.919005273182	-0.764549581160
5000.000000000000	-10.267510246659	-0.792196255082
5000.000000000000	-10.605882427135	-0.818338471462
5000.000000000000	-10.933787882119	-0.843051192062
5000.000000000000	-11.250903008515	-0.866400656642
5000.000000000000	-11.556914851980	-0.888436262354
5000.000000000000	-11.851521415769	-0.909193615610
5000.000000000000	-12.134431958773	-0.928705608278
5000.000000000000	-12.405367282440	-0.947014033472
5000.000000000000	-12.664060006319	-0.964174674817
5000.000000000000	-12.910254831921	-0.980253275060
5000.000000000000	-13.143708794678	-0.995315350987
5000.000000000000	-13.364191503714	-1.009416150076
5000.000000000000	-13.571485369215	-1.022596407821
5000.000000000000	-13.765385817161	-1.034885685047
5000.000000000000	-13.945701491221	-1.046310491456
5000.000000000000	-14.112254441594	-1.056901873981
5000.000000000000	-14.264880300626	-1.066697978076
5000.000000000000	-14.403428445021	-1.075740506836
5000.000000000000	-14.527762144489	-1.084067773782
5000.000000000000	-14.637758696677	-1.091708905857
5000.000000000000	-14.733309548270	-1.098682748643
5000.000000000000	-14.814320402113	-1.105001975155
5000.000000000000	-14.880711310273	-1.110679771723
5000.000000000000	-14.932416752941	-1.115735128596
5000.000000000000	-14.969385703085	-1.120193849075
5000.000000000000	-14.991581676817	-1.124085059885
5000.000000000000	-14.998982769389	-1.127435541194
5000.000000000000	-14.991581676817	-1.130265119147
5000.000000000000	-14.969385703085	-1.132585308429
5000.000000000000	-14.932416752941	-1.134401220094
5000.000000000000	-14.880711310273	-1.135714909600
5000.000000000000	-14.814320402113	-1.136527911158
5000.000000000000	-14.733309548270	-1.136841753580
5000.000000000000	-14.637758696677	-1.136656887749
5000.000000000000	-14.527762144489	-1.135971496524
5000.000000000000	-14.403428445021	-1.134781449032
5000.000000000000	-14.264880300626	-1.133081482382
5000.000000000000	-14.112254441594	-1.130866510987
5000.000000000000	-13.945701491221	-1.128131712733
5000.000000000000	-13.765385817161	-1.124870946348
5000.000000000000	-13.571485369215	-1.121074454532
5000.000000000000	-13.364191503714	-1.116727619044
5000.000000000000	-13.143708794678	-1.111812036181
5000.000000000000	-12.910254831921	-1.106308581696
5000.000000000000	-12.664060006319	-1.100200500654
5000.000000000000	-12.405367282440	-1.093474122082
5000.000000000000	-12.134431958773	-1.086116077444
5000.000000000000	-11.851521415769	-1.078108237809
5000.000000000000	-11.556914851980	-1.069423463269
5000.000000000000	-11.250903008515	-1.060025266949
5000.000000000000	-10.933787882119	-1.049872324403
5000.000000000000	-10.605882427135	-1.038925564586
5000.000000000000	-10.267510246659	-1.027153395271
5000.000000000000	-9.919005273182	-1.014531094962
5000.000000000000	-9.560711439036	-1.001033646842
5000.000000000000	-9.192982336978	-0.986625564198
5000.000000000000	-8.816180871236	-0.971253881038
5000.000000000000	-8.430678899364	-0.954849459145
5000.000000000000	-8.036856865267	-0.937337179810
5000.000000000000	-7.635103423745	-0.918649856304
5000.000000000000	-7.225815056941	-0.898737337994
5000.000000000000	-6.809395683060	-0.877563811065
5000.000000000000	-6.386256257747	-0.855092533056
5000.000000000000	-5.956814368530	-0.831264966421
5000.000000000000	-5.521493822706	-0.805985866479
5000.000000000000	-5.080724229098	-0.779123942226
5000.000000000000	-4.634940574078	-0.750529382220
5000.000000000000	-4.184582792295	-0.720058939492
5000.000000000000	-3.730095332507	-0.687592608144
5000.000000000000	-3.271926718965	-0.653028096476
5000.000000000000	-2.810529108777	-0.616250781901
5000.000000000000	-2.346357845677	-0.577092705643
5000.000000000000	-1.879871010663	-0.535306111003
5000.000000000000	-1.411528969921	-0.490577490201
5000.000000000000	-0.941793920501	-0.442594548232
5000.000000000000	-0.471129434186	-0.391155437960
5000.000000000000	-0.000000000000	-0.336287123454
5000.000000000000	0.000000000000	-0.336456056815
5000.000000000000	0.471204477712	-0.278798448143
5000.000000000000	0.941943933494	-0.218712039862
5000.000000000000	1.411753804336	-0.157109543570
5000.000000000000	1.880170444615	-0.095013154750
5000.000000000000	2.346731583662	-0.033389374098
5000.000000000000	2.810976781960	0.026988828549
5000.000000000000	3.272447885548	0.085613488418
5000.000000000000	3.730689478160	0.142234514935
5000.000000000000	4.185249330669	0.196790939201
5000.000000000000	4.635678847379	0.249316807010
5000.000000000000	5.081533508740	0.299860241635
5000.000000000000	5.522373310028	0.348440545769
5000.000000000000	5.957763195584	0.395046762859
5000.000000000000	6.387273488155	0.439662540482
5000.000000000000	6.810480312938	0.482294345421
5000.000000000000	7.226966015891	0.522984771707
5000.000000000000	7.636319575909	0.561805295819
5000.000000000000	8.038137010450	0.598835618328
5000.000000000000	8.432021774217	0.634143088474
5000.000000000000	8.817585150503	0.667773420838
5000.000000000000	9.194446634806	0.699755705569
5000.000000000000	9.562234310339	0.730116117619
5000.000000000000	9.920585215071	0.758890690814
5000.000000000000	10.269145699922	0.786129720324
5000.000000000000	10.607571777776	0.811892655717
5000.000000000000	10.935529462953	0.836238461901
5000.000000000000	11.252695100813	0.859218658898
5000.000000000000	11.558755687163	0.880877626641
5000.000000000000	11.853409177154	0.901259366471
5000.000000000000	12.136364783368	0.920415393008
5000.000000000000	12.407343262781	0.938407654211
5000.000000000000	12.666077192351	0.955303707602
5000.000000000000	12.912311232926	0.971166571944
5000.000000000000	13.145802381236	0.986045364185
5000.000000000000	13.366320209707	0.999972660903
5000.000000000000	13.573647093868	1.012970572619
5000.000000000000	13.767578427113	1.025062219181
5000.000000000000	13.947922822630	1.036281903971
5000.000000000000	14.114502302274	1.046677891773
5000.000000000000	14.267152472211	1.056305960245
5000.000000000000	14.405722685151	1.065217278382
5000.000000000000	14.530076189026	1.073447474796
5000.000000000000	14.640090261939	1.081013063229
5000.000000000000	14.735656333283	1.087917152526
5000.000000000000	14.816680090884	1.094161118517
5000.000000000000	14.883081574074	1.099755723293
5000.000000000000	14.934795252607	1.104725807841
5000.000000000000	14.971770091325	1.109106627650
5000.000000000000	14.993969600527	1.112934698792
5000.000000000000	15.001371871977	1.116238824879
5000.000000000000	14.993969600527	1.119036246227
5000.000000000000	14.971770091325	1.121335241196
5000.000000000000	14.934795252607	1.123141381225
5000.000000000000	14.883081574074	1.124462575985
5000.000000000000	14.816680090884	1.125309246741
5000.000000000000	14.735656333283	1.125689550206
5000.000000000000	14.640090261939	1.125603163956
5000.000000000000	14.530076189026	1.125038381629
5000.000000000000	14.405722685151	1.123975306991
5000.000000000000	14.267152472211	1.122393986843
5000.000000000000	14.114502302274	1.120282894310
5000.000000000000	13.947922822630	1.117642508569
5000.000000000000	13.767578427113	1.114481384997
5000.000000000000	13.573647093868	1.110806544038
5000.000000000000	13.366320209707	1.106613530273
5000.000000000000	13.145802381236	1.101881891799
5000.000000000000	12.912311232926	1.096578763288
5000.000000000000	12.666077192351	1.090668489770
5000.000000000000	12.407343262781	1.084122657912
5000.000000000000	12.136364783368	1.076924691820
5000.000000000000	11.853409177154	1.069066475706
5000.000000000000	11.558755687163	1.060539281646
5000.000000000000	11.252695100813	1.051324650405
5000.000000000000	10.935529462953	1.041390710031
5000.000000000000	10.607571777776	1.030695820877
5000.000000000000	10.269145699922	1.019196672651
5000.000000000000	9.920585215071	1.006855075597
5000.000000000000	9.562234310339	0.993638592329
5000.000000000000	9.194446634806	0.979514356377
5000.000000000000	8.817585150503	0.964440244578
5000.000000000000	8.432021774217	0.948359788293
5000.000000000000	8.038137010450	0.931205122401
5000.000000000000	7.636319575909	0.912906925303
5000.000000000000	7.226966015891	0.893405018872
5000.000000000000	6.810480312938	0.872651691499
5000.000000000000	6.387273488155	0.850603447380
5000.000000000000	5.957763195584	0.827204039571
5000.000000000000	5.522373310028	0.802368028269
5000.000000000000	5.081533508740	0.775975343563
5000.000000000000	4.635678847379	0.747881768284
5000.000000000000	4.185249330669	0.717940397514
5000.000000000000	3.730689478160	0.686020668266
5000.000000000000	3.272447885548	0.652010286335
5000.000000000000	2.810976781960	0.615793655904
5000.000000000000	2.346731583662	0.577215165598
5000.000000000000	1.880170444615	0.536049368599
5000.000000000000	1.411753804336	0.492004408705
5000.000000000000	0.941943933494	0.444775511523
5000.000000000000	0.471204477712	0.394144357925
5000.000000000000	0.000000000000	0.340096534852
5000.000000000000	-0.471204477712	0.282914440787
5000.000000000000	-0.941943933494	0.223205388268
5000.000000000000	-1.411753804336	0.161845023127
5000.000000000000	-1.880170444615	0.099846874791
5000.000000000000	-2.346731583662	0.038196886200
5000.000000000000	-2.810976781960	-0.022295127014
5000.000000000000	-3.272447885548	-0.081082725070
5000.000000000000	-3.730689478160	-0.137889203446
5000.000000000000	-4.185249330669	-0.192644339538
5000.000000000000	-4.635678847379	-0.245386431967
5000.000000000000	-5.081533508740	-0.296171527125
5000.000000000000	-5.522373310028	-0.345020756017
5000.000000000000	-5.957763195584	-0.391914604981
5000.000000000000	-6.387273488155	-0.436820892622
5000.000000000000	-6.810480312938	-0.479731123041
5000.000000000000	-7.226966015891	-0.520681799459
5000.000000000000	-7.636319575909	-0.559750117958
5000.000000000000	-8.038137010450	-0.597029265587
5000.000000000000	-8.432021774217	-0.632598986783
5000.000000000000	-8.817585150503	-0.666507644337
5000.000000000000	-9.194446634806	-0.698773814570
5000.000000000000	-9.562234310339	-0.729404027935
5000.000000000000	-9.920585215071	-0.758415094589
5000.000000000000	-10.269145699922	-0.785848500110
5000.000000000000	-10.607571777776	-0.811770240699
5000.000000000000	-10.935529462953	-0.836258177452
5000.000000000000	-11.252695100813	-0.859385457710
5000.000000000000	-11.558755687163	-0.881209525036
5000.000000000000	-11.853409177154	-0.901771852850
5000.000000000000	-12.136364783368	-0.921106863142
5000.000000000000	-12.407343262781	-0.939253518690
5000.000000000000	-12.666077192351	-0.956262389148
5000.000000000000	-12.912311232926	-0.972194475130
5000.000000000000	-13.145802381236	-0.987113272628
5000.000000000000	-13.366320209707	-1.001075310729
5000.000000000000	-13.573647093868	-1.014124705723
5000.000000000000	-13.767578427113	-1.026294339164
5000.000000000000	-13.947922822630	-1.037612133759
5000.000000000000	-14.114502302274	-1.048108099525
5000.000000000000	-14.267152472211	-1.057817851908
5000.000000000000	-14.405722685151	-1.066780859087
5000.000000000000	-14.530076189026	-1.075035004762
5000.000000000000	-14.640090261939	-1.082611120775
5000.000000000000	-14.735656333283	-1.089530856782
5000.000000000000	-14.816680090884	-1.095809009549
5000.000000000000	-14.883081574074	-1.101458740366
5000.000000000000	-14.934795252607	-1.106496583219
5000.000000000000	-14.971770091325	-1.110944548699
5000.000000000000	-14.993969600527	-1.114828504998
5000.000000000000	-15.001371871977	-1.118174105472
5000.000000000000	-14.993969600527	-1.121002610200
5000.000000000000	-14.971770091325	-1.123328561402
5000.000000000000	-14.934795252607	-1.125159902400
5000.000000000000	-14.883081574074	-1.126499766595
5000.000000000000	-14.816680090884	-1.127348607974
5000.000000000000	-14.735656333283	-1.127705726477
5000.000000000000	-14.640090261939	-1.127570040322
5000.000000000000	-14.530076189026	-1.126940469936
5000.000000000000	-14.405722685151	-1.125816183170
5000.000000000000	-14.267152472211	-1.124196459378
5000.000000000000	-14.114502302274	-1.122079661597
5000.000000000000	-13.947922822630	-1.119461191326
5000.000000000000	-13.767578427113	-1.116331193638
5000.000000000000	-13.573647093868	-1.112673496128
5000.000000000000	-13.366320209707	-1.108467063781
5000.000000000000	-13.145802381236	-1.103689948200
5000.000000000000	-12.912311232926	-1.098323952846
5000.000000000000	-12.666077192351	-1.092357200193
5000.000000000000	-12.407343262781	-1.085782410829
5000.000000000000	-12.136364783368	-1.078590960558
5000.000000000000	-11.853409177154	-1.070765499543
5000.000000000000	-11.558755687163	-1.062275376323
5000.000000000000	-11.252695100813	-1.053078106230
5000.000000000000	-10.935529462953	-1.043126868567
5000.000000000000	-10.607571777776	-1.032380227851
5000.000000000000	-10.269145699922	-1.020808293498
5000.000000000000	-9.920585215071	-1.008390904288
5000.000000000000	-9.562234310339	-0.995107785388
5000.000000000000	-9.194446634806	-0.980925661863
5000.000000000000	-8.817585150503	-0.965789949121
5000.000000000000	-8.432021774217	-0.949626876822
5000.000000000000	-8.038137010450	-0.932356211385
5000.000000000000	-7.636319575909	-0.913908108699
5000.000000000000	-7.226966015891	-0.894234032731
5000.000000000000	-6.810480312938	-0.873303764768
5000.000000000000	-6.387273488155	-0.851087813156
5000.000000000000	-5.957763195584	-0.827533274477
5000.000000000000	-5.522373310028	-0.802546252198
5000.000000000000	-5.081533508740	-0.775991697276
5000.000000000000	-4.635678847379	-0.747712305903
5000.000000000000	-4.185249330669	-0.717556474730
5000.000000000000	-3.730689478160	-0.685397996266
5000.000000000000	-3.272447885548	-0.651132374508
5000.000000000000	-2.810976781960	-0.614646773842
5000.000000000000	-2.346731583662	-0.575777403015
5000.000000000000	-1.880170444615	-0.534280789488
5000.000000000000	-1.411753804336	-0.489846027928
5000.000000000000	-0.941943933494	-0.442161126522
5000.000000000000	-0.471204477712	-0.391022813030
5000.000000000000	-0.000000000000	-0.336456056815
5000.000000000000	0.000000000000	-0.334847342982
5000.000000000000	0.471179243680	-0.277633734668
5000.000000000000	0.941893490332	-0.218000999609
5000.000000000000	1.411678201826	-0.156862836559
5000.000000000000	1.880069757368	-0.095239240324
5000.000000000000	2.346605911044	-0.034092079532
5000.000000000000	2.810826247994	0.025810855499
5000.000000000000	3.272272638793	0.083965282974
5000.000000000000	3.730489691563	0.140122123159
5000.000000000000	4.185025201396	0.194218993174
5000.000000000000	4.635430596619	0.246287573710
5000.000000000000	5.081261381485	0.296374547758
5000.000000000000	5.522077574836	0.344499979923
5000.000000000000	5.957444144309	0.390655910386
5000.000000000000	6.386931435663	0.434830041377
5000.000000000000	6.810115596793	0.477032235077
5000.000000000000	7.226578996024	0.517306482967
5000.000000000000	7.635910634262	0.555723365574
5000.000000000000	8.037706550598	0.592360208304
5000.000000000000	8.431570220973	0.627281895761
5000.000000000000	8.817112949496	0.660532749532
5000.000000000000	9.193954252041	0.692141864124
5000.000000000000	9.561722231738	0.722136234139
5000.000000000000	9.920053945993	0.750552517649
5000.000000000000	10.268595764667	0.777440722346
5000.000000000000	10.607003719063	0.802859193609
5000.000000000000	10.934943841387	0.826865865239
5000.000000000000	11.252092494332	0.849512425185
5000.000000000000	11.558136690466	0.870845205463
5000.000000000000	11.852774401118	0.890911468220
5000.000000000000	12.135714854439	0.909765850965
5000.000000000000	12.406678822361	0.927471579990
5000.000000000000	12.665398896161	0.944094657556
5000.000000000000	12.911619750364	0.959694143128
5000.000000000000	13.145098394711	0.974314629796
5000.000000000000	13.365604413970	0.987986065380
5000.000000000000	13.572920195321	1.000731690497
5000.000000000000	13.766841143118	1.012579752814
5000.000000000000	13.947175880798	1.023572009364
5000.000000000000	14.113746439746	1.033763577679
5000.000000000000	14.266388434932	1.043213623674
5000.000000000000	14.404951227134	1.051971788713
5000.000000000000	14.529298071606	1.060067931146
5000.000000000000	14.639306253024	1.067511062254
5000.000000000000	14.734867206596	1.074298246096
5000.000000000000	14.815886625197	1.080428673827
5000.000000000000	14.882284552442	1.085915332353
5000.000000000000	14.933995461594	1.090788232516
5000.000000000000	14.970968320229	1.095088059377
5000.000000000000	14.993166640598	1.098854439905
5000.000000000000	15.000568515640	1.102115696595
5000.000000000000	14.993166640598	1.104885526431
5000.000000000000	14.970968320229	1.107167536521
5000.000000000000	14.933995461594	1.108963798576
5000.000000000000	14.882284552442	1.110281433703
5000.000000000000	14.815886625197	1.111132912248
5000.000000000000	14.734867206596	1.111530087230
5000.000000000000	14.639306253024	1.111476197197
5000.000000000000	14.529298071606	1.110961512718
5000.000000000000	14.404951227134	1.109966054838
5000.000000000000	14.266388434932	1.108468288247
5000.000000000000	14.113746439746	1.106454729812
5000.000000000000	13.947175880798	1.103924535315
5000.000000000000	13.766841143118	1.100885962405
5000.000000000000	13.572920195321	1.097346478881
5000.000000000000	13.365604413970	1.093302217453
5000.000000000000	13.145098394711	1.088733018808
5000.000000000000	12.911619750364	1.083606048701
5000.000000000000	12.665398896161	1.077885847213
5000.000000000000	12.406678822361	1.071544778104
5000.000000000000	12.135714854439	1.064567590375
5000.000000000000	11.852774401118	1.056947379680
5000.000000000000	11.558136690466	1.048675483893
5000.000000000000	11.252092494332	1.039731543321
5000.000000000000	10.934943841387	1.030079796238
5000.000000000000	10.607003719063	1.019673725932
5000.000000000000	10.268595764667	1.008465865448
5000.000000000000	9.920053945993	0.996416245039
5000.000000000000	9.561722231738	0.983493801403
5000.000000000000	9.193954252041	0.969669635279
5000.000000000000	8.817112949496	0.954906464776
5000.000000000000	8.431570220973	0.939151427661
5000.000000000000	8.037706550598	0.922337523840
5000.000000000000	7.635910634262	0.904393371594
5000.000000000000	7.226578996024	0.885255022688
5000.000000000000	6.810115596793	0.864871281312
5000.000000000000	6.386931435663	0.843197221636
5000.000000000000	5.957444144309	0.820177870261
5000.000000000000	5.522077574836	0.795730971763
5000.000000000000	5.081261381485	0.769739724376
5000.000000000000	4.635430596619	0.742061331365
5000.000000000000	4.185025201396	0.712547404069
5000.000000000000	3.730489691563	0.681063345127
5000.000000000000	3.272272638793	0.647491866000
5000.000000000000	2.810826247994	0.611713460893
5000.000000000000	2.346605911044	0.573571198602
5000.000000000000	1.880069757368	0.532841165615
5000.000000000000	1.411678201826	0.489234833422
5000.000000000000	0.941893490332	0.442450729260
5000.000000000000	0.471179243680	0.392272121066
5000.000000000000	0.000000000000	0.338683682532
5000.000000000000	-0.471179243680	0.281964794046
5000.000000000000	-0.941893490332	0.222718908681
5000.000000000000	-1.411678201826	0.161818404277
5000.000000000000	-1.880069757368	0.100275039169
5000.000000000000	-2.346605911044	0.039074520894
5000.000000000000	-2.810826247994	-0.020972704805
5000.000000000000	-3.272272638793	-0.079319564724
5000.000000000000	-3.730489691563	-0.135689219188
5000.000000000000	-4.185025201396	-0.190011682802
5000.000000000000	-4.635430596619	-0.242325270049
5000.000000000000	-5.081261381485	-0.292685233112
5000.000000000000	-5.522077574836	-0.341111004515
5000.000000000000	-5.957444144309	-0.387581067079
5000.000000000000	-6.386931435663	-0.432061991291
5000.000000000000	-6.810115596793	-0.474545756158
5000.000000000000	-7.226578996024	-0.515071364312
5000.000000000000	-7.635910634262	-0.553719907709
5000.000000000000	-8.037706550598	-0.590588526280
5000.000000000000	-8.431570220973	-0.625759535743
5000.000000000000	-8.817112949496	-0.659281650532
5000.000000000000	-9.193954252041	-0.691171762958
5000.000000000000	-9.561722231738	-0.721433804375
5000.000000000000	-9.920053945993	-0.750082569836
5000.000000000000	-10.268595764667	-0.777159244693
5000.000000000000	-10.607003719063	-0.802731452948
5000.000000000000	-10.934943841387	-0.826879838331
5000.000000000000	-11.252092494332	-0.849680168572
5000.000000000000	-11.558136690466	-0.871191196832
5000.000000000000	-11.852774401118	-0.891454013626
5000.000000000000	-12.135714854439	-0.910501513611
5000.000000000000	-12.406678822361	-0.928371108841
5000.000000000000	-12.665398896161	-0.945112812664
5000.000000000000	-12.911619750364	-0.960788362113
5000.000000000000	-13.145098394711	-0.975462657583
5000.000000000000	-13.365604413970	-0.989193093512
5000.000000000000	-13.572920195321	-1.002023038767
5000.000000000000	-13.766841143118	-1.013982777186
5000.000000000000	-13.947175880798	-1.025096670394
5000.000000000000	-14.113746439746	-1.035391892243
5000.000000000000	-14.266388434932	-1.044903627724
5000.000000000000	-14.404951227134	-1.053674096053
5000.000000000000	-14.529298071606	-1.061746468254
5000.000000000000	-14.639306253024	-1.069157498204
5000.000000000000	-14.734867206596	-1.075933042679
5000.000000000000	-14.815886625196	-1.082088676663
5000.000000000000	-14.882284552442	-1.087634667632
5000.000000000000	-14.933995461594	-1.092582378806
5000.000000000000	-14.970968320229	-1.096948804713
5000.000000000000	-14.993166640598	-1.100757322926
5000.000000000000	-15.000568515640	-1.104034854990
5000.000000000000	-14.993166640598	-1.106807236000
5000.000000000000	-14.970968320229	-1.109094983612
5000.000000000000	-14.933995461594	-1.110910940497
5000.000000000000	-14.882284552442	-1.112260122687
5000.000000000000	-14.815886625197	-1.113141252516
5000.000000000000	-14.734867206596	-1.113549184482
5000.000000000000	-14.639306253024	-1.113477554741
5000.000000000000	-14.529298071606	-1.112921118799
5000.000000000000	-14.404951227134	-1.111877200908
5000.000000000000	-14.266388434932	-1.110345634252
5000.000000000000	-14.113746439746	-1.108326867299
5000.000000000000	-13.947175880798	-1.105818687890
5000.000000000000	-13.766841143118	-1.102812955019
5000.000000000000	-13.572920195321	-1.099294169800
5000.000000000000	-13.365604413970	-1.095241115590
5000.000000000000	-13.145098394711	-1.090631208125
5000.000000000000	-12.911619750364	-1.085445417809
5000.000000000000	-12.665398896161	-1.079670811008
5000.000000000000	-12.406678822361	-1.073298675475
5000.000000000000	-12.135714854439	-1.066318611596
5000.000000000000	-11.852774401118	-1.058711598946
5000.000000000000	-11.558136690466	-1.050446212147
5000.000000000000	-11.252092494332	-1.041480844082
5000.000000000000	-10.934943841387	-1.031771421547
5000.000000000000	-10.607003719063	-1.021280496141
5000.000000000000	-10.268595764667	-1.009982033378
5000.000000000000	-9.920053945993	-0.997858028771
5000.000000000000	-9.561722231738	-0.984887634038
5000.000000000000	-9.193954252041	-0.971034326260
5000.000000000000	-8.817112949496	-0.956238788738
5000.000000000000	-8.431570220973	-0.940422840974
5000.000000000000	-8.037706550598	-0.923503732083
5000.000000000000	-7.635910634262	-0.905411574359
5000.000000000000	-7.226578996024	-0.886099591121
5000.000000000000	-6.810115596793	-0.865539585394
5000.000000000000	-6.386931435663	-0.843702776000
5000.000000000000	-5.957444144309	-0.820534906639
5000.000000000000	-5.522077574836	-0.795939149039
5000.000000000000	-5.081261381485	-0.769777409339
5000.000000000000	-4.635430596619	-0.741890873490
5000.000000000000	-4.185025201396	-0.712128872777
5000.000000000000	-3.730489691563	-0.680368212077
5000.000000000000	-3.272272638793	-0.646507984621
5000.000000000000	-2.810826247994	-0.610437654308
5000.000000000000	-2.346605911044	-0.571993199688
5000.000000000000	-1.880069757368	-0.530928460114
5000.000000000000	-1.411678201826	-0.486928767641
5000.000000000000	-0.941893490332	-0.439679284956
5000.000000000000	-0.471179243680	-0.388976364233
5000.000000000000	-0.000000000000	-0.334847342982
5000.000000000000	0.000000000000	-0.334652694912
5000.000000000000	0.471150818332	-0.277721912860
5000.000000000000	0.941836667689	-0.218364601620
5000.000000000000	1.411593037965	-0.157493468272
5000.000000000000	1.879956336335	-0.096131528397
5000.000000000000	2.346464344772	-0.035245999893
5000.000000000000	2.810656676192	0.024390635495
5000.000000000000	3.272075228808	0.082272752517
5000.000000000000	3.730264638215	0.138154200152
5000.000000000000	4.184772726785	0.191978416907
5000.000000000000	4.635150949907	0.243782816077
5000.000000000000	5.080954838650	0.293616722255
5000.000000000000	5.521744438398	0.341498348215
5000.000000000000	5.957084743034	0.387414375376
5000.000000000000	6.386546124236	0.431346539768
5000.000000000000	6.809704755471	0.473301441497
5000.000000000000	7.226143030258	0.513324499962
5000.000000000000	7.635449974296	0.551492017125
5000.000000000000	8.037221651049	0.587888737264
5000.000000000000	8.431061560378	0.622585190334
5000.000000000000	8.816581029841	0.655626991348
5000.000000000000	9.193399598267	0.687039774475
5000.000000000000	9.561145391221	0.716844235105
5000.000000000000	9.919455488006	0.745071073427
5000.000000000000	10.267976279814	0.771767463943
5000.000000000000	10.606363818702	0.796993047132
5000.000000000000	10.934284157022	0.820810018534
5000.000000000000	11.251413676992	0.843274745455
5000.000000000000	11.557439410062	0.864436197736
5000.000000000000	11.852059345781	0.884341211431
5000.000000000000	12.134982729843	0.903041828187
5000.000000000000	12.405930351024	0.920598689684
5000.000000000000	12.664634816734	0.937077331934
5000.000000000000	12.910840816901	0.952539191480
5000.000000000000	13.144305375926	0.967032919920
5000.000000000000	13.364798092476	0.980591755867
5000.000000000000	13.572101366860	0.993239111309
5000.000000000000	13.766010615775	1.004999435331
5000.000000000000	13.946334474203	1.015907997247
5000.000000000000	14.112894984266	1.026013625962
5000.000000000000	14.265527770851	1.035372462605
5000.000000000000	14.404082203823	1.044036039857
5000.000000000000	14.528421546686	1.052040365570
5000.000000000000	14.638423091520	1.059402174486
5000.000000000000	14.733978280081	1.066124446542
5000.000000000000	14.814992810935	1.072208082500
5000.000000000000	14.881386732519	1.077663307532
5000.000000000000	14.933094522051	1.082514793878
5000.000000000000	14.970065150183	1.086798273853
5000.000000000000	14.992262131370	1.090551232974
5000.000000000000	14.999663559871	1.093803301557
5000.000000000000	14.992262131370	1.096571553924
5000.000000000000	14.970065150183	1.098862537668
5000.000000000000	14.933094522051	1.100678694668
5000.000000000000	14.881386732519	1.102024449908
5000.000000000000	14.814992810935	1.102907972008
5000.000000000000	14.733978280081	1.103337811993
5000.000000000000	14.638423091520	1.103317156463
5000.000000000000	14.528421546686	1.102840015678
5000.000000000000	14.404082203823	1.101892335148
5000.000000000000	14.265527770851	1.100457686048
5000.000000000000	14.112894984266	1.098524046763
5000.000000000000	13.946334474203	1.096087296113
5000.000000000000	13.766010615775	1.093149011234
5000.000000000000	13.572101366860	1.089709766274
5000.000000000000	13.364798092476	1.085762056929
5000.000000000000	13.144305375926	1.081287317968
5000.000000000000	12.910840816901	1.076258970222
5000.000000000000	12.664634816734	1.070649587568
5000.000000000000	12.405930351024	1.064437558627
5000.000000000000	12.134982729843	1.057608819792
5000.000000000000	11.852059345781	1.050152318441
5000.000000000000	11.557439410062	1.042051929477
5000.000000000000	11.251413676992	1.033279990647
5000.000000000000	10.934284157022	1.023796782042
5000.000000000000	10.606363818702	1.013556548356
5000.000000000000	10.267976279814	1.002516341399
5000.000000000000	9.919455488006	0.990641848894
5000.000000000000	9.561145391221	0.977906000541
5000.000000000000	9.193399598267	0.964280684418
5000.000000000000	8.816581029841	0.949726576506
5000.000000000000	8.431061560378	0.934187795023
5000.000000000000	8.037221651049	0.917595437393
5000.000000000000	7.635449974296	0.899878379605
5000.000000000000	7.226143030258	0.880974472802
5000.000000000000	6.809704755471	0.860833997240
5000.000000000000	6.386546124236	0.839411261539
5000.000000000000	5.957084743034	0.816647588865
5000.000000000000	5.521744438398	0.792455212802
5000.000000000000	5.080954838650	0.766712518213
5000.000000000000	4.635150949907	0.739275170614
5000.000000000000	4.184772726785	0.709997713373
5000.000000000000	3.730264638215	0.678751960056
5000.000000000000	3.272075228808	0.645427669503
5000.000000000000	2.810656676192	0.609909669745
5000.000000000000	2.346464344772	0.572040470818
5000.000000000000	1.879956336335	0.531590836840
5000.000000000000	1.411593037965	0.488264575707
5000.000000000000	0.941836667689	0.441753744980
5000.000000000000	0.471150818332	0.391839234420
5000.000000000000	0.000000000000	0.338508269022
5000.000000000000	-0.471150818332	0.282046122358
5000.000000000000	-0.941836667689	0.223062335275
5000.000000000000	-1.411593037965	0.162432492752
5000.000000000000	-1.879956336335	0.101167216223
5000.000000000000	-2.346464344772	0.040247534107
5000.000000000000	-2.810656676192	-0.019521808257
5000.000000000000	-3.272075228808	-0.077597639138
5000.000000000000	-3.730264638215	-0.133703614622
5000.000000000000	-4.184772726785	-0.187767239922
5000.000000000000	-4.635150949907	-0.239823390750
5000.000000000000	-5.080954838650	-0.289925454129
5000.000000000000	-5.521744438398	-0.338094042422
5000.000000000000	-5.957084743034	-0.384311445369
5000.000000000000	-6.386546124236	-0.428548578821
5000.000000000000	-6.809704755471	-0.470799722031
5000.000000000000	-7.226143030258	-0.511102539699
5000.000000000000	-7.635449974296	-0.549533517659
5000.000000000000	-8.037221651049	-0.586184164964
5000.000000000000	-8.431061560378	-0.621133131852
5000.000000000000	-8.816581029841	-0.654429595191
5000.000000000000	-9.193399598267	-0.686095189737
5000.000000000000	-9.561145391221	-0.716140858458
5000.000000000000	-9.919455488006	-0.744587476136
5000.000000000000	-10.267976279814	-0.771478581749
5000.000000000000	-10.606363818702	-0.796879430778
5000.000000000000	-10.934284157022	-0.820864845493
5000.000000000000	-11.251413676992	-0.843504168324
5000.000000000000	-11.557439410062	-0.864852091132
5000.000000000000	-11.852059345781	-0.884949630288
5000.000000000000	-12.134982729843	-0.903833160641
5000.000000000000	-12.405930351024	-0.921545017903
5000.000000000000	-12.664634816734	-0.938139012617
5000.000000000000	-12.910840816901	-0.953677898930
5000.000000000000	-13.144305375926	-0.968224867648
5000.000000000000	-13.364798092476	-0.981834446904
5000.000000000000	-13.572101366860	-0.994548051432
5000.000000000000	-13.766010615775	-1.006396249698
5000.000000000000	-13.946334474203	-1.017405755565
5000.000000000000	-14.112894984266	-1.027606642033
5000.000000000000	-14.265527770851	-1.037035618716
5000.000000000000	-14.404082203823	-1.045733922379
5000.000000000000	-14.528421546686	-1.053741624119
5000.000000000000	-14.638423091520	-1.061092011074
5000.000000000000	-14.733978280081	-1.067809235356
5000.000000000000	-14.814992810935	-1.073910180439
5000.000000000000	-14.881386732519	-1.079409000051
5000.000000000000	-14.933094522051	-1.084321525468
5000.000000000000	-14.970065150183	-1.088667276622
5000.000000000000	-14.992262131370	-1.092468556630
5000.000000000000	-14.999663559871	-1.095747814448
5000.000000000000	-14.992262131370	-1.098525090878
5000.000000000000	-14.970065150183	-1.100816725836
5000.000000000000	-14.933094522051	-1.102635270387
5000.000000000000	-14.881386732519	-1.103989698279
5000.000000000000	-14.814992810935	-1.104885126911
5000.000000000000	-14.733978280081	-1.105322128190
5000.000000000000	-14.638423091520	-1.105296537326
5000.000000000000	-14.528421546686	-1.104800686941
5000.000000000000	-14.404082203823	-1.103826067745
5000.000000000000	-14.265527770851	-1.102366178194
5000.000000000000	-14.112894984266	-1.100417747607
5000.000000000000	-13.946334474203	-1.097979200757
5000.000000000000	-13.766010615775	-1.095046905497
5000.000000000000	-13.572101366860	-1.091611355063
5000.000000000000	-13.364798092476	-1.087655814397
5000.000000000000	-13.144305375926	-1.083158643178
5000.000000000000	-12.910840816901	-1.078098161538
5000.000000000000	-12.664634816734	-1.072457019271
5000.000000000000	-12.405930351024	-1.066222932738
5000.000000000000	-12.134982729843	-1.059384679907
5000.000000000000	-11.852059345781	-1.051925310382
5000.000000000000	-11.557439410062	-1.043816708866
5000.000000000000	-11.251413676992	-1.035019362905
5000.000000000000	-10.934284157022	-1.025488280411
5000.000000000000	-10.606363818702	-1.015182044155
5000.000000000000	-10.267976279814	-1.004069442946
5000.000000000000	-9.919455488006	-0.992128849216
5000.000000000000	-9.561145391221	-0.979339502059
5000.000000000000	-9.193399598267	-0.965668974212
5000.000000000000	-8.816581029841	-0.951064211599
5000.000000000000	-8.431061560378	-0.935452361304
5000.000000000000	-8.037221651049	-0.918752294422
5000.000000000000	-7.635449974296	-0.900891064824
5000.000000000000	-7.226143030258	-0.881815526940
5000.000000000000	-6.809704755471	-0.861490845902
5000.000000000000	-6.386546124236	-0.839884495015
5000.000000000000	-5.957084743034	-0.816943030767
5000.000000000000	-5.521744438398	-0.792574338418
5000.000000000000	-5.080954838650	-0.766646348268
5000.000000000000	-4.635150949907	-0.739004450088
5000.000000000000	-4.184772726785	-0.709498329519
5000.000000000000	-3.730264638215	-0.678001386328
5000.000000000000	-3.272075228808	-0.644407618415
5000.000000000000	-2.810656676192	-0.608602552350
5000.000000000000	-2.346464344772	-0.570421422353
5000.000000000000	-1.879956336335	-0.529620627763
5000.000000000000	-1.411593037965	-0.485889526683
5000.000000000000	-0.941836667689	-0.438916049599
5000.000000000000	-0.471150818332	-0.388496006899
5000.000000000000	-0.000000000000	-0.334652694912
5000.000000000000	0.000000000000	-0.333840171866
5000.000000000000	0.471164717065	-0.277268013436
5000.000000000000	0.941864451439	-0.218274109579
5000.000000000000	1.411634679312	-0.157771206333
5000.000000000000	1.880011794185	-0.096779773541
5000.000000000000	2.346533564394	-0.036263152041
5000.000000000000	2.810739589276	0.023009355499
5000.000000000000	3.272171753527	0.080533014176
5000.000000000000	3.730374679312	0.136060090545
5000.000000000000	4.184896175662	0.189531344233
5000.000000000000	4.635287684735	0.240982577852
5000.000000000000	5.081104724488	0.290464246434
5000.000000000000	5.521907327328	0.337998549376
5000.000000000000	5.957260474303	0.383577342193
5000.000000000000	6.386734524419	0.427186059246
5000.000000000000	6.809905638639	0.468831280797
5000.000000000000	7.226356198164	0.508554153084
5000.000000000000	7.635675216570	0.546424066079
5000.000000000000	8.037458745403	0.582519294209
5000.000000000000	8.431310272829	0.616907397164
5000.000000000000	8.816841114940	0.649636017510
5000.000000000000	9.193670799340	0.680736976343
5000.000000000000	9.561427440627	0.710238537908
5000.000000000000	9.919748107395	0.738177012744
5000.000000000000	10.268279180407	0.764600967885
5000.000000000000	10.606676701572	0.789567103882
5000.000000000000	10.934606713392	0.813132319611
5000.000000000000	11.251745588537	0.835348278949
5000.000000000000	11.557780349226	0.856262201102
5000.000000000000	11.852408976099	0.875922716422
5000.000000000000	12.135340706270	0.894385850295
5000.000000000000	12.406296320282	0.911715990641
5000.000000000000	12.665008417655	0.927980104520
5000.000000000000	12.911221680786	0.943238185626
5000.000000000000	13.144693126908	0.957535806915
5000.000000000000	13.365192347893	0.970903775257
5000.000000000000	13.572501737629	0.983365696923
5000.000000000000	13.766416706778	0.994949334299
5000.000000000000	13.946745884677	1.005695044484
5000.000000000000	14.113311308198	1.015656019053
5000.000000000000	14.265948597380	1.024889727126
5000.000000000000	14.404507117645	1.033445143914
5000.000000000000	14.528850128461	1.041352935561
5000.000000000000	14.638854918291	1.048624207414
5000.000000000000	14.734412925686	1.055258608257
5000.000000000000	14.815429846431	1.061257336063
5000.000000000000	14.881825726606	1.066633960348
5000.000000000000	14.933535041493	1.071417435119
5000.000000000000	14.970506760242	1.075646273827
5000.000000000000	14.992704396230	1.079357826762
5000.000000000000	15.000106043070	1.082579036012
5000.000000000000	14.992704396230	1.085323627998
5000.000000000000	14.970506760242	1.087596456552
5000.000000000000	14.933535041493	1.089401310493
5000.000000000000	14.881825726606	1.090746630231
5000.000000000000	14.815429846431	1.091645292422
5000.000000000000	14.734412925686	1.092108736709
5000.000000000000	14.638854918291	1.092139569769
5000.000000000000	14.528850128461	1.091727926789
5000.000000000000	14.404507117645	1.090854559995
5000.000000000000	14.265948597380	1.089499301155
5000.000000000000	14.113311308198	1.087649940439
5000.000000000000	13.946745884677	1.085305994870
5000.000000000000	13.766416706778	1.082474753598
5000.000000000000	13.572501737629	1.079161653144
5000.000000000000	13.365192347893	1.075360585457
5000.000000000000	13.144693126908	1.071049936036
5000.000000000000	12.911221680786	1.066196783933
5000.000000000000	12.665008417655	1.060766770121
5000.000000000000	12.406296320282	1.054733664503
5000.000000000000	12.135340706270	1.048082807631
5000.000000000000	11.852408976099	1.040806340331
5000.000000000000	11.557780349226	1.032893200472
5000.000000000000	11.251745588537	1.024320124043
5000.000000000000	10.934606713392	1.015049264282
5000.000000000000	10.606676701572	1.005033854353
5000.000000000000	10.268279180407	0.994228162905
5000.000000000000	9.919748107395	0.982595111707
5000.000000000000	9.561427440627	0.970106275897
5000.000000000000	9.193670799340	0.956733868986
5000.000000000000	8.816841114940	0.942439711366
5000.000000000000	8.431310272829	0.927168572250
5000.000000000000	8.037458745403	0.910850867550
5000.000000000000	7.635675216570	0.893413697165
5000.000000000000	7.226356198164	0.874793268633
5000.000000000000	6.809905638639	0.854939826349
5000.000000000000	6.386734524419	0.833810007009
5000.000000000000	5.957260474303	0.811349242028
5000.000000000000	5.521907327328	0.787473848169
5000.000000000000	5.081104724488	0.762064084263
5000.000000000000	4.635287684735	0.734973858313
5000.000000000000	4.184896175662	0.706052492388
5000.000000000000	3.730374679312	0.675164923534
5000.000000000000	3.272171753527	0.642195040156
5000.000000000000	2.810739589276	0.607025074275
5000.000000000000	2.346533564394	0.569499014106
5000.000000000000	1.880011794185	0.529392146451
5000.000000000000	1.411634679312	0.486413517528
5000.000000000000	0.941864451439	0.440258651543
5000.000000000000	0.471164717065	0.390708653273
5000.000000000000	0.000000000000	0.337747848632
5000.000000000000	-0.471164717065	0.281657032039
5000.000000000000	-0.941864451439	0.223041725730
5000.000000000000	-1.411634679312	0.162775443550
5000.000000000000	-1.880011794185	0.101868945355
5000.000000000000	-2.346533564394	0.041304685098
5000.000000000000	-2.810739589276	-0.018111310073
5000.000000000000	-3.272171753527	-0.075835773068
5000.000000000000	-3.730374679312	-0.131593504315
5000.000000000000	-4.184896175662	-0.185313480005
5000.000000000000	-4.635287684735	-0.237031108242
5000.000000000000	-5.081104724488	-0.286798588966
5000.000000000000	-5.521907327328	-0.334633898065
5000.000000000000	-5.957260474303	-0.380516519098
5000.000000000000	-6.386734524419	-0.424416037072
5000.000000000000	-6.809905638639	-0.466327985767
5000.000000000000	-7.226356198164	-0.506293785821
5000.000000000000	-7.635675216570	-0.544394859009
5000.000000000000	-8.037458745403	-0.580726886879
5000.000000000000	-8.431310272829	-0.615370322722
5000.000000000000	-8.816841114940	-0.648373306913
5000.000000000000	-9.193670799340	-0.679754477822
5000.000000000000	-9.561427440627	-0.709521567161
5000.000000000000	-9.919748107395	-0.737693709847
5000.000000000000	-10.268279180407	-0.764314932275
5000.000000000000	-10.606676701572	-0.789452673149
5000.000000000000	-10.934606713392	-0.813184157194
5000.000000000000	-11.251745588537	-0.835579777038
5000.000000000000	-11.557780349226	-0.856693150558
5000.000000000000	-11.852408976099	-0.876562575875
5000.000000000000	-12.135340706270	-0.895221559405
5000.000000000000	-12.406296320282	-0.912711123216
5000.000000000000	-12.665008417655	-0.929086296302
5000.000000000000	-12.911221680786	-0.944413265251
5000.000000000000	-13.144693126908	-0.958759367823
5000.000000000000	-13.365192347893	-0.972182057308
5000.000000000000	-13.572501737629	-0.984723066607
5000.000000000000	-13.766416706778	-0.996410555116
5000.000000000000	-13.946745884677	-1.007267311440
5000.000000000000	-14.113311308198	-1.017319896738
5000.000000000000	-14.265948597380	-1.026603603737
5000.000000000000	-14.404507117645	-1.035160967199
5000.000000000000	-14.528850128461	-1.043035387125
5000.000000000000	-14.638854918291	-1.050263959366
5000.000000000000	-14.734412925686	-1.056873566310
5000.000000000000	-14.815429846431	-1.062881984049
5000.000000000000	-14.881825726606	-1.068302776825
5000.000000000000	-14.933535041493	-1.073150841697
5000.000000000000	-14.970506760242	-1.077445563080
5000.000000000000	-14.992704396230	-1.081210293420
5000.000000000000	-15.000106043070	-1.084469044960
5000.000000000000	-14.992704396230	-1.087242564533
5000.000000000000	-14.970506760242	-1.089545801430
5000.000000000000	-14.933535041493	-1.091387555513
5000.000000000000	-14.881825726606	-1.092771759324
5000.000000000000	-14.815429846431	-1.093699228248
5000.000000000000	-14.734412925686	-1.094168995653
5000.000000000000	-14.638854918291	-1.094179073903
5000.000000000000	-14.528850128461	-1.093726969656
5000.000000000000	-14.404507117645	-1.092810177027
5000.000000000000	-14.265948597380	-1.091426387914
5000.000000000000	-14.113311308198	-1.089572866008
5000.000000000000	-13.946745884677	-1.087244761713
5000.000000000000	-13.766416706778	-1.084432990208
5000.000000000000	-13.572501737629	-1.081123018703
5000.000000000000	-13.365192347893	-1.077295800698
5000.000000000000	-13.144693126908	-1.072930950664
5000.000000000000	-12.911221680786	-1.068010652659
5000.000000000000	-12.665008417655	-1.062521826419
5000.000000000000	-12.406296320282	-1.056454611875
5000.000000000000	-12.135340706270	-1.049797257509
5000.000000000000	-11.852408976099	-1.042529926882
5000.000000000000	-11.557780349226	-1.034621184908
5000.000000000000	-11.251745588537	-1.026029907486
5000.000000000000	-10.934606713392	-1.016712323054
5000.000000000000	-10.606676701572	-1.006630485231
5000.000000000000	-10.268279180407	-0.995756868263
5000.000000000000	-9.919748107395	-0.984071333832
5000.000000000000	-9.561427440627	-0.971550967472
5000.000000000000	-9.193670799340	-0.958157939494
5000.000000000000	-8.816841114940	-0.943832699113
5000.000000000000	-8.431310272829	-0.928497689028
5000.000000000000	-8.037458745403	-0.912071025620
5000.000000000000	-7.635675216570	-0.894483252150
5000.000000000000	-7.226356198164	-0.875687186591
5000.000000000000	-6.809905638639	-0.855653453369
5000.000000000000	-6.386734524419	-0.834351779297
5000.000000000000	-5.957260474303	-0.811726696231
5000.000000000000	-5.521907327328	-0.787680864125
5000.000000000000	-5.081104724488	-0.762076436077
5000.000000000000	-4.635287684735	-0.734755320451
5000.000000000000	-4.184896175662	-0.705567614742
5000.000000000000	-3.730374679312	-0.674390595721
5000.000000000000	-3.272171753527	-0.641123437168
5000.000000000000	-2.810739589276	-0.605655412254
5000.000000000000	-2.346533564394	-0.567822209706
5000.000000000000	-1.880011794185	-0.527377315123
5000.000000000000	-1.411634679312	-0.484005459482
5000.000000000000	-0.941864451439	-0.437390647303
5000.000000000000	-0.471164717065	-0.387327302694
5000.000000000000	-0.000000000000	-0.333840171866
5000.000000000000	0.000000000000	-0.333130909692
5000.000000000000	0.471114071016	-0.276783450453
5000.000000000000	0.941763209323	-0.218007236385
5000.000000000000	1.411482941042	-0.157715149603
5000.000000000000	1.879809709509	-0.096932075374
5000.000000000000	2.346281332745	-0.036627306115
5000.000000000000	2.810437459576	0.022426018302
5000.000000000000	3.271820023942	0.079723996221
5000.000000000000	3.729973696956	0.135024427726
5000.000000000000	4.184446336256	0.188275736890
5000.000000000000	4.634789432217	0.239519694918
5000.000000000000	5.080558550573	0.288807987434
5000.000000000000	5.521313771023	0.336158689879
5000.000000000000	5.956620121377	0.381556336058
5000.000000000000	6.386048006823	0.424979629600
5000.000000000000	6.809173633883	0.466432412130
5000.000000000000	7.225579428648	0.505958289815
5000.000000000000	7.634854448872	0.543632707831
5000.000000000000	8.036594789521	0.579540089468
5000.000000000000	8.430403981384	0.613750779113
5000.000000000000	8.815893382331	0.646310338297
5000.000000000000	9.192682560866	0.677244929591
5000.000000000000	9.560399671560	0.706576949634
5000.000000000000	9.918681822019	0.734340207055
5000.000000000000	10.267175431016	0.760585898521
5000.000000000000	10.605536577434	0.785377398226
5000.000000000000	10.933431339672	0.808778901955
5000.000000000000	11.250536125187	0.830846068020
5000.000000000000	11.556537989840	0.851624534418
5000.000000000000	11.851134946735	0.871156464625
5000.000000000000	12.134036264242	0.889489912058
5000.000000000000	12.404962752917	0.906684114838
5000.000000000000	12.663647041023	0.922806682942
5000.000000000000	12.909833838401	0.937924026872
5000.000000000000	13.143280188404	0.952090829577
5000.000000000000	13.363755707667	0.965345111585
5000.000000000000	13.571042813474	0.977712074477
5000.000000000000	13.764936938475	0.989214553481
5000.000000000000	13.945246732579	0.999883862358
5000.000000000000	14.111794251787	1.009764519918
5000.000000000000	14.264415133807	1.018909953101
5000.000000000000	14.402958760254	1.027371586350
5000.000000000000	14.527288405294	1.035187584379
5000.000000000000	14.637281370580	1.042377676166
5000.000000000000	14.732829106332	1.048946939133
5000.000000000000	14.813837318473	1.054896321921
5000.000000000000	14.880226061677	1.060234023915
5000.000000000000	14.931929818270	1.064981672702
5000.000000000000	14.968897562885	1.069172480435
5000.000000000000	14.991092812823	1.072843168415
5000.000000000000	14.998493664051	1.076024689494
5000.000000000000	14.991092812823	1.078736870164
5000.000000000000	14.968897562885	1.080989220098
5000.000000000000	14.931929818270	1.082786247690
5000.000000000000	14.880226061677	1.084133104849
5000.000000000000	14.813837318473	1.085037693595
5000.000000000000	14.732829106332	1.085508109977
5000.000000000000	14.637281370580	1.085547591839
5000.000000000000	14.527288405294	1.085150832905
5000.000000000000	14.402958760254	1.084304580700
5000.000000000000	14.264415133807	1.082992529893
5000.000000000000	14.111794251787	1.081201587857
5000.000000000000	13.945246732579	1.078925553071
5000.000000000000	13.764936938475	1.076163796134
5000.000000000000	13.571042813474	1.072915678186
5000.000000000000	13.363755707667	1.069174155625
5000.000000000000	13.143280188404	1.064922541504
5000.000000000000	12.909833838401	1.060136365058
5000.000000000000	12.663647041023	1.054788982361
5000.000000000000	12.404962752917	1.048857168252
5000.000000000000	12.134036264242	1.042322955689
5000.000000000000	11.851134946735	1.035170496452
5000.000000000000	11.556537989840	1.027380082348
5000.000000000000	11.250536125187	1.018923459768
5000.000000000000	10.933431339672	1.009763797436
5000.000000000000	10.605536577434	0.999860526918
5000.000000000000	10.267175431016	0.989175784857
5000.000000000000	9.918681822019	0.977677727527
5000.000000000000	9.560399671560	0.965337738375
5000.000000000000	9.192682560866	0.952122598289
5000.000000000000	8.815893382331	0.937986473904
5000.000000000000	8.430403981384	0.922868449682
5000.000000000000	8.036594789521	0.906698307300
5000.000000000000	7.634854448872	0.889407872270
5000.000000000000	7.225579428648	0.870940817736
5000.000000000000	6.809173633883	0.851253469066
5000.000000000000	6.386048006823	0.830303759395
5000.000000000000	5.956620121377	0.808032787546
5000.000000000000	5.521313771023	0.784349070437
5000.000000000000	5.080558550573	0.759125606508
5000.000000000000	4.634789432217	0.732213295788
5000.000000000000	4.184446336256	0.703464160451
5000.000000000000	3.729973696956	0.672750002110
5000.000000000000	3.271820023942	0.639962053971
5000.000000000000	2.810437459576	0.604986525218
5000.000000000000	2.346281332745	0.567666024204
5000.000000000000	1.879809709509	0.527769959461
5000.000000000000	1.411482941042	0.485000161120
5000.000000000000	0.941763209323	0.439047312585
5000.000000000000	0.471114071016	0.389692337515
5000.000000000000	0.000000000000	0.336923755570
5000.000000000000	-0.471114071016	0.281028365054
5000.000000000000	-0.941763209323	0.222616171612
5000.000000000000	-1.411482941042	0.162561423482
5000.000000000000	-1.879809709509	0.101871916286
5000.000000000000	-2.346281332745	0.041525617496
5000.000000000000	-2.810437459576	-0.017674518614
5000.000000000000	-3.271820023942	-0.075184970865
5000.000000000000	-3.729973696956	-0.130727237464
5000.000000000000	-4.184446336256	-0.184226293698
5000.000000000000	-4.634789432217	-0.235715908937
5000.000000000000	-5.080558550573	-0.285250942983
5000.000000000000	-5.521313771023	-0.332855877531
5000.000000000000	-5.956620121377	-0.378517761101
5000.000000000000	-6.386048006823	-0.422211079743
5000.000000000000	-6.809173633883	-0.463930954708
5000.000000000000	-7.225579428648	-0.503713030309
5000.000000000000	-7.634854448872	-0.541630317442
5000.000000000000	-8.036594789521	-0.577771646809
5000.000000000000	-8.430403981384	-0.612215695674
5000.000000000000	-8.815893382331	-0.645014892370
5000.000000000000	-9.192682560866	-0.676196137480
5000.000000000000	-9.560399671560	-0.705775287437
5000.000000000000	-9.918681822019	-0.733775458466
5000.000000000000	-10.267175431016	-0.760238696789
5000.000000000000	-10.605536577434	-0.785225803219
5000.000000000000	-10.933431339672	-0.808806419908
5000.000000000000	-11.250536125187	-0.831046550552
5000.000000000000	-11.556537989840	-0.852000978201
5000.000000000000	-11.851134946735	-0.871714051288
5000.000000000000	-12.134036264242	-0.890226878849
5000.000000000000	-12.404962752917	-0.907585429418
5000.000000000000	-12.663647041023	-0.923844197843
5000.000000000000	-12.909833838401	-0.939063445139
5000.000000000000	-13.143280188404	-0.953302181257
5000.000000000000	-13.363755707667	-0.966611468041
5000.000000000000	-13.571042813474	-0.979032003002
5000.000000000000	-13.764936938475	-0.990596976289
5000.000000000000	-13.945246732579	-1.001337897894
5000.000000000000	-14.111794251787	-1.011289505060
5000.000000000000	-14.264415133807	-1.020490796230
5000.000000000000	-14.402958760254	-1.028981903446
5000.000000000000	-14.527288405294	-1.036799125499
5000.000000000000	-14.637281370580	-1.043971398309
5000.000000000000	-14.732829106332	-1.050520328206
5000.000000000000	-14.813837318473	-1.056463547038
5000.000000000000	-14.880226061677	-1.061819135301
5000.000000000000	-14.931929818270	-1.066608420082
5000.000000000000	-14.968897562885	-1.070855718718
5000.000000000000	-14.991092812823	-1.074585609248
5000.000000000000	-14.998493664051	-1.077819713302
5000.000000000000	-14.991092812823	-1.080574931926
5000.000000000000	-14.968897562885	-1.082863760670
5000.000000000000	-14.931929818270	-1.084695747128
5000.000000000000	-14.880226061677	-1.086078464996
5000.000000000000	-14.813837318473	-1.087017011578
5000.000000000000	-14.732829106332	-1.087512467966
5000.000000000000	-14.637281370580	-1.087560880740
5000.000000000000	-14.527288405294	-1.087154224661
5000.000000000000	-14.402958760254	-1.086283452353
5000.000000000000	-14.264415133807	-1.084942036822
5000.000000000000	-14.111794251787	-1.083127622307
5000.000000000000	-13.945246732579	-1.080840245717
5000.000000000000	-13.764936938475	-1.078077702914
5000.000000000000	-13.571042813474	-1.074830691191
5000.000000000000	-13.363755707667	-1.071080915537
5000.000000000000	-13.143280188404	-1.066803814718
5000.000000000000	-12.909833838401	-1.061974710456
5000.000000000000	-12.663647041023	-1.056574757321
5000.000000000000	-12.404962752917	-1.050592736926
5000.000000000000	-12.134036264242	-1.044020963306
5000.000000000000	-11.851134946735	-1.036847180643
5000.000000000000	-11.556537989840	-1.029047136486
5000.000000000000	-11.250536125187	-1.020582593225
5000.000000000000	-10.933431339672	-1.011406551048
5000.000000000000	-10.605536577434	-1.001472997964
5000.000000000000	-10.267175431016	-0.990745293061
5000.000000000000	-9.918681822019	-0.979197529965
5000.000000000000	-9.560399671560	-0.966807142276
5000.000000000000	-9.192682560866	-0.953542496770
5000.000000000000	-8.815893382331	-0.939352932908
5000.000000000000	-8.430403981384	-0.924168060535
5000.000000000000	-8.036594789521	-0.907908007220
5000.000000000000	-7.634854448872	-0.890499420618
5000.000000000000	-7.225579428648	-0.871887528270
5000.000000000000	-6.809173633883	-0.852035593219
5000.000000000000	-6.386048006823	-0.830909754039
5000.000000000000	-5.956620121377	-0.808456078268
5000.000000000000	-5.521313771023	-0.784582455068
5000.000000000000	-5.080558550573	-0.759156661567
5000.000000000000	-4.634789432217	-0.732023338975
5000.000000000000	-4.184446336256	-0.703030961361
5000.000000000000	-3.729973696956	-0.672051936415
5000.000000000000	-3.271820023942	-0.638980319756
5000.000000000000	-2.810437459576	-0.603703168630
5000.000000000000	-2.346281332745	-0.566058360669
5000.000000000000	-1.879809709509	-0.525804954063
5000.000000000000	-1.411482941042	-0.482633628857
5000.000000000000	-0.941763209323	-0.436231375866
5000.000000000000	-0.471114071016	-0.386390828680
5000.000000000000	-0.000000000000	-0.333130909692
5000.000000000000	0.000000000000	-0.333075415435
5000.000000000000	0.471193555562	-0.277031667967
5000.000000000000	0.941922099972	-0.218546658347
5000.000000000000	1.411721080989	-0.158538607228
5000.000000000000	1.880126863738	-0.098039813792
5000.000000000000	2.346677188264	-0.038024449402
5000.000000000000	2.810911625722	0.020734954253
5000.000000000000	3.272372032771	0.077740223839
5000.000000000000	3.730603003702	0.132756534749
5000.000000000000	4.185152319870	0.185736724181
5000.000000000000	4.635571395977	0.236720911094
5000.000000000000	5.081415722776	0.285753319328
5000.000000000000	5.522245305743	0.332842392113
5000.000000000000	5.957625099303	0.377966029963
5000.000000000000	6.387125436162	0.421103247241
5000.000000000000	6.810322451342	0.462265683360
5000.000000000000	7.226798500483	0.501508953407
5000.000000000000	7.636142572007	0.538919222129
5000.000000000000	8.037950692734	0.574585400650
5000.000000000000	8.431826326561	0.608574216857
5000.000000000000	8.817380765791	0.640921632280
5000.000000000000	9.194233514740	0.671643201277
5000.000000000000	9.562012665243	0.700754948572
5000.000000000000	9.920355263682	0.728291400537
5000.000000000000	10.268907669174	0.754310678166
5000.000000000000	10.607325902577	0.778885307251
5000.000000000000	10.935275985952	0.802086017847
5000.000000000000	11.252434272161	0.823969266475
5000.000000000000	11.558487764266	0.844575919984
5000.000000000000	11.853134424421	0.863940979176
5000.000000000000	12.136083471945	0.882107232694
5000.000000000000	12.407055670289	0.899133514623
5000.000000000000	12.665783602609	0.915091907780
5000.000000000000	12.912011935672	0.930055319578
5000.000000000000	13.145497671840	0.944082933657
5000.000000000000	13.366010388882	0.957212436257
5000.000000000000	13.573332467367	0.969463868936
5000.000000000000	13.767259305436	0.980852979377
5000.000000000000	13.947599520711	0.991406237154
5000.000000000000	14.114175139174	1.001168628850
5000.000000000000	14.266821770799	1.010199526302
5000.000000000000	14.405388771791	1.018558836537
5000.000000000000	14.529739393249	1.026291245547
5000.000000000000	14.639750916122	1.033417449109
5000.000000000000	14.735314772319	1.039937283449
5000.000000000000	14.816336651853	1.045842998742
5000.000000000000	14.882736595909	1.051135396377
5000.000000000000	14.934449075759	1.055834237439
5000.000000000000	14.971423057430	1.059977792829
5000.000000000000	14.993622052064	1.063612496136
5000.000000000000	15.001024151935	1.066778854374
5000.000000000000	14.993622052064	1.069501237483
5000.000000000000	14.971423057430	1.071786340807
5000.000000000000	14.934449075759	1.073629893476
5000.000000000000	14.882736595909	1.075026698977
5000.000000000000	14.816336651853	1.075977829351
5000.000000000000	14.735314772319	1.076491201880
5000.000000000000	14.639750916122	1.076576132937
5000.000000000000	14.529739393249	1.076236055086
5000.000000000000	14.405388771791	1.075464326909
5000.000000000000	14.266821770799	1.074245733412
5000.000000000000	14.114175139174	1.072562507034
5000.000000000000	13.947599520711	1.070400898231
5000.000000000000	13.767259305436	1.067754156226
5000.000000000000	13.573332467367	1.064620198601
5000.000000000000	13.366010388882	1.060995614789
5000.000000000000	13.145497671840	1.056869823922
5000.000000000000	12.912011935672	1.052222901314
5000.000000000000	12.665783602609	1.047028121368
5000.000000000000	12.407055670289	1.041257296327
5000.000000000000	12.136083471945	1.034885412023
5000.000000000000	11.853134424421	1.027891789890
5000.000000000000	11.558487764266	1.020257433109
5000.000000000000	11.252434272161	1.011960665684
5000.000000000000	10.935275985952	1.002974029492
5000.000000000000	10.607325902577	0.993264180297
5000.000000000000	10.268907669174	0.982794169415
5000.000000000000	9.920355263682	0.971525735345
5000.000000000000	9.562012665243	0.959419358224
5000.000000000000	9.194233514740	0.946431793793
5000.000000000000	8.817380765791	0.932513172335
5000.000000000000	8.431826326561	0.917606662819
5000.000000000000	8.037950692734	0.901652199205
5000.000000000000	7.636142572007	0.884592586203
5000.000000000000	7.226798500483	0.866377583922
5000.000000000000	6.810322451342	0.846961513595
5000.000000000000	6.387125436162	0.826293222566
5000.000000000000	5.957625099303	0.804302322310
5000.000000000000	5.522245305743	0.780889299483
5000.000000000000	5.081415722776	0.755926494416
5000.000000000000	4.635571395977	0.729271414175
5000.000000000000	4.185152319870	0.700785912911
5000.000000000000	3.730603003702	0.670349094521
5000.000000000000	3.272372032771	0.637852656302
5000.000000000000	2.810911625722	0.603175965624
5000.000000000000	2.346677188264	0.566151175204
5000.000000000000	1.880126863738	0.526539518168
5000.000000000000	1.411721080989	0.484041818048
5000.000000000000	0.941922099972	0.438356061946
5000.000000000000	0.471193555562	0.389275395064
5000.000000000000	0.000000000000	0.336799179787
5000.000000000000	-0.471193555562	0.281217701278
5000.000000000000	-0.941922099972	0.223134577295
5000.000000000000	-1.411721080989	0.163410134500
5000.000000000000	-1.880126863738	0.103036829972
5000.000000000000	-2.346677188264	0.042982746752
5000.000000000000	-2.810911625722	-0.015949366031
5000.000000000000	-3.272372032771	-0.073206966950
5000.000000000000	-3.730603003702	-0.128498087819
5000.000000000000	-4.185152319870	-0.181736385362
5000.000000000000	-4.635571395977	-0.232951539212
5000.000000000000	-5.081415722776	-0.282202699849
5000.000000000000	-5.522245305743	-0.329523941274
5000.000000000000	-5.957625099303	-0.374911774220
5000.000000000000	-6.387125436162	-0.418345209406
5000.000000000000	-6.810322451342	-0.459817233963
5000.000000000000	-7.226798500483	-0.499356734079
5000.000000000000	-7.636142572007	-0.537029738983
5000.000000000000	-8.037950692734	-0.572922041895
5000.000000000000	-8.431826326561	-0.607114831463
5000.000000000000	-8.817380765791	-0.639666854103
5000.000000000000	-9.194233514740	-0.670611194213
5000.000000000000	-9.562012665243	-0.699965998378
5000.000000000000	-9.920355263682	-0.727751438082
5000.000000000000	-10.268907669174	-0.754003272964
5000.000000000000	-10.607325902577	-0.778776732941
5000.000000000000	-10.935275985952	-0.802140473665
5000.000000000000	-11.252434272161	-0.824165471684
5000.000000000000	-11.558487764266	-0.844915384372
5000.000000000000	-11.853134424421	-0.864442838047
5000.000000000000	-12.136083471945	-0.882792100941
5000.000000000000	-12.407055670289	-0.900005160875
5000.000000000000	-12.665783602609	-0.916127106961
5000.000000000000	-12.912011935672	-0.931208050378
5000.000000000000	-13.145497671840	-0.945301351871
5000.000000000000	-13.366010388882	-0.958459969072
5000.000000000000	-13.573332467367	-0.970733243348
5000.000000000000	-13.767259305436	-0.982165495684
5000.000000000000	-13.947599520711	-0.992796338587
5000.000000000000	-14.114175139174	-1.002661685061
5000.000000000000	-14.266821770799	-1.011794503582
5000.000000000000	-14.405388771791	-1.020225101494
5000.000000000000	-14.529739393249	-1.027981373589
5000.000000000000	-14.639750916122	-1.035089478104
5000.000000000000	-14.735314772319	-1.041574845026
5000.000000000000	-14.816336651853	-1.047462841138
5000.000000000000	-14.882736595909	-1.052778408885
5000.000000000000	-14.934449075759	-1.057544690640
5000.000000000000	-14.971423057430	-1.061781561169
5000.000000000000	-14.993622052064	-1.065505355487
5000.000000000000	-15.001024151935	-1.068730443006
5000.000000000000	-14.993622052064	-1.071471933308
5000.000000000000	-14.971423057430	-1.073747611630
5000.000000000000	-14.934449075759	-1.075577155960
5000.000000000000	-14.882736595909	-1.076978091731
5000.000000000000	-14.816336651853	-1.077960110780
5000.000000000000	-14.735314772319	-1.078520957267
5000.000000000000	-14.639750916122	-1.078646862099
5000.000000000000	-14.529739393249	-1.078318291796
5000.000000000000	-14.405388771791	-1.077518661610
5000.000000000000	-14.266821770799	-1.076241496335
5000.000000000000	-14.114175139174	-1.074491811233
5000.000000000000	-13.947599520711	-1.072280379759
5000.000000000000	-13.767259305436	-1.069613588560
5000.000000000000	-13.573332467367	-1.066484411768
5000.000000000000	-13.366010388882	-1.062869817905
5000.000000000000	-13.145497671840	-1.058736497877
5000.000000000000	-12.912011935672	-1.054051965986
5000.000000000000	-12.665783602609	-1.048794654351
5000.000000000000	-12.407055670289	-1.042956791583
5000.000000000000	-12.136083471945	-1.036537806090
5000.000000000000	-11.853134424421	-1.029531606881
5000.000000000000	-11.558487764266	-1.021915072366
5000.000000000000	-11.252434272161	-1.013644866608
5000.000000000000	-10.935275985952	-1.004665112429
5000.000000000000	-10.607325902577	-0.994921956134
5000.000000000000	-10.268907669174	-0.984376492439
5000.000000000000	-9.920355263682	-0.973007836197
5000.000000000000	-9.562012665243	-0.960803531197
5000.000000000000	-9.194233514740	-0.947742079473
5000.000000000000	-8.817380765791	-0.933777678562
5000.000000000000	-8.431826326561	-0.918836809589
5000.000000000000	-8.037950692734	-0.902829880051
5000.000000000000	-7.636142572007	-0.885672086150
5000.000000000000	-7.226798500483	-0.867301310611
5000.000000000000	-6.810322451342	-0.847681357212
5000.000000000000	-6.387125436162	-0.826786522829
5000.000000000000	-5.957625099303	-0.804574452646
5000.000000000000	-5.522245305743	-0.780962072591
5000.000000000000	-5.081415722776	-0.755819017890
5000.000000000000	-4.635571395977	-0.728983676822
5000.000000000000	-4.185152319870	-0.700293370557
5000.000000000000	-3.730603003702	-0.669610087371
5000.000000000000	-3.272372032771	-0.636823295761
5000.000000000000	-2.810911625722	-0.601823233606
5000.000000000000	-2.346677188264	-0.564456571440
5000.000000000000	-1.880126863738	-0.524491757563
5000.000000000000	-1.411721080989	-0.481624285799
5000.000000000000	-0.941922099972	-0.435538768224
5000.000000000000	-0.471193555562	-0.386019501633
5000.000000000000	-0.000000000000	-0.333075415435
5000.000000000000	0.000000000000	-0.331932289873
5000.000000000000	0.471113473652	-0.276090751845
5000.000000000000	0.941762015184	-0.217820489733
5000.000000000000	1.411481151307	-0.158032659831
5000.000000000000	1.879807325944	-0.097750296690
5000.000000000000	2.346278357703	-0.037941295999
5000.000000000000	2.810433895991	0.020621670203
5000.000000000000	3.271815875333	0.077434041110
5000.000000000000	3.729968967416	0.132251990725
5000.000000000000	4.184441030453	0.185021829266
5000.000000000000	4.634783555387	0.235783377867
5000.000000000000	5.080552108516	0.284587155353
5000.000000000000	5.521306770096	0.331451248040
5000.000000000000	5.956612568490	0.376361430865
5000.000000000000	6.386039909429	0.419298587584
5000.000000000000	6.809164999973	0.460269155434
5000.000000000000	7.225570266743	0.499319181105
5000.000000000000	7.634844768013	0.536525970478
5000.000000000000	8.036584599263	0.571975080558
5000.000000000000	8.430393291783	0.605737415788
5000.000000000000	8.815882203937	0.637858884032
5000.000000000000	9.192670904710	0.668366172539
5000.000000000000	9.560387549145	0.697282618938
5000.000000000000	9.918669245308	0.724643351374
5000.000000000000	10.267162412422	0.750500947433
5000.000000000000	10.605523129804	0.774919748867
5000.000000000000	10.933417476278	0.797964075101
5000.000000000000	11.250521859709	0.819688677873
5000.000000000000	11.556523336358	0.840137428399
5000.000000000000	11.851119919709	0.859350359684
5000.000000000000	12.134020878502	0.877373686364
5000.000000000000	12.404947023647	0.894265671124
5000.000000000000	12.663630983746	0.910094080011
5000.000000000000	12.909817468964	0.924926470611
5000.000000000000	13.143263522960	0.938819170383
5000.000000000000	13.363738762665	0.951811691113
5000.000000000000	13.571025605635	0.963930021960
5000.000000000000	13.764919484782	0.975196846114
5000.000000000000	13.945229050256	0.985642549862
5000.000000000000	14.111776358286	0.995310439463
5000.000000000000	14.264397046785	1.004253062418
5000.000000000000	14.402940497561	1.012521804132
5000.000000000000	14.527269984954	1.020155843638
5000.000000000000	14.637262810770	1.027176835181
5000.000000000000	14.732810425370	1.033592269112
5000.000000000000	14.813818534794	1.039405458527
5000.000000000000	14.880207193818	1.044626456994
5000.000000000000	14.931910884851	1.049277981481
5000.000000000000	14.968878582592	1.053393557790
5000.000000000000	14.991073804387	1.057009619660
5000.000000000000	14.998474646231	1.060156478208
5000.000000000000	14.991073804387	1.062853171726
5000.000000000000	14.968878582592	1.065108379223
5000.000000000000	14.931910884851	1.066925737915
5000.000000000000	14.880207193818	1.068309442336
5000.000000000000	14.813818534794	1.069266329252
5000.000000000000	14.732810425370	1.069803373128
5000.000000000000	14.637262810770	1.069922759978
5000.000000000000	14.527269984954	1.069618354706
5000.000000000000	14.402940497561	1.068876407151
5000.000000000000	14.264397046785	1.067680448360
5000.000000000000	14.111776358286	1.066017439570
5000.000000000000	13.945229050256	1.063881259783
5000.000000000000	13.764919484782	1.061271211854
5000.000000000000	13.571025605635	1.058186377717
5000.000000000000	13.363738762665	1.054619324785
5000.000000000000	13.143263522960	1.050553109475
5000.000000000000	12.909817468964	1.045963415324
5000.000000000000	12.663630983746	1.040824333110
5000.000000000000	12.404947023647	1.035113891998
5000.000000000000	12.134020878502	1.028815577280
5000.000000000000	11.851119919709	1.021914701493
5000.000000000000	11.556523336358	1.014391961386
5000.000000000000	11.250521859709	1.006218530052
5000.000000000000	10.933417476278	0.997356181851
5000.000000000000	10.605523129804	0.987762648941
5000.000000000000	10.267162412422	0.977398745106
5000.000000000000	9.918669245308	0.966232229856
5000.000000000000	9.560387549145	0.954235160327
5000.000000000000	9.192670904710	0.941375685560
5000.000000000000	8.815882203937	0.927609255131
5000.000000000000	8.430393291783	0.912875286950
5000.000000000000	8.036584599263	0.897102390306
5000.000000000000	7.634844768013	0.880219753815
5000.000000000000	7.225570266743	0.862167632155
5000.000000000000	6.809164999973	0.842899234707
5000.000000000000	6.386039909429	0.822370732500
5000.000000000000	5.956612568490	0.800523393574
5000.000000000000	5.521306770096	0.777267687054
5000.000000000000	5.080552108516	0.752479526819
5000.000000000000	4.634783555387	0.726012540026
5000.000000000000	4.184441030453	0.697720278681
5000.000000000000	3.729968967416	0.667474408328
5000.000000000000	3.271815875333	0.635164580663
5000.000000000000	2.810433895991	0.600674732421
5000.000000000000	2.346278357703	0.563845424844
5000.000000000000	1.879807325944	0.524444914548
5000.000000000000	1.411481151307	0.482174940697
5000.000000000000	0.941762015184	0.436726813675
5000.000000000000	0.471113473652	0.387882173642
5000.000000000000	0.000000000000	0.335629752728
5000.000000000000	-0.471113473652	0.280255752257
5000.000000000000	-0.941762015184	0.222368828358
5000.000000000000	-1.411481151307	0.162841433355
5000.000000000000	-1.879807325944	0.102679465637
5000.000000000000	-2.346278357703	0.042859100903
5000.000000000000	-2.810433895991	-0.015818372933
5000.000000000000	-3.271815875333	-0.072811053113
5000.000000000000	-3.729968967416	-0.127842031786
5000.000000000000	-4.184441030453	-0.180837721110
5000.000000000000	-4.634783555387	-0.231832906234
5000.000000000000	-5.080552108516	-0.280882792415
5000.000000000000	-5.521306770096	-0.328011483237
5000.000000000000	-5.956612568490	-0.373205166779
5000.000000000000	-6.386039909429	-0.416437459403
5000.000000000000	-6.809164999973	-0.457703096519
5000.000000000000	-7.225570266743	-0.497038074822
5000.000000000000	-7.634844768013	-0.534516346861
5000.000000000000	-8.036584599263	-0.570227753671
5000.000000000000	-8.430393291783	-0.604251391309
5000.000000000000	-8.815882203937	-0.636639044688
5000.000000000000	-9.192670904710	-0.667415893184
5000.000000000000	-9.560387549145	-0.696595498586
5000.000000000000	-9.918669245308	-0.724198956057
5000.000000000000	-10.267162412422	-0.750267411770
5000.000000000000	-10.605523129804	-0.774862385753
5000.000000000000	-10.933417476278	-0.798055810409
5000.000000000000	-11.250521859709	-0.819916993791
5000.000000000000	-11.556523336358	-0.840504213531
5000.000000000000	-11.851119919709	-0.859864734041
5000.000000000000	-12.134020878502	-0.878041541153
5000.000000000000	-12.404947023647	-0.895081373870
5000.000000000000	-12.663630983746	-0.911038629242
5000.000000000000	-12.909817468964	-0.925972963122
5000.000000000000	-13.143263522960	-0.939942591480
5000.000000000000	-13.363738762665	-0.952997799635
5000.000000000000	-13.571025605635	-0.965178651044
5000.000000000000	-13.764919484782	-0.976517959317
5000.000000000000	-13.945229050256	-0.987047251845
5000.000000000000	-14.111776358286	-0.996801782682
5000.000000000000	-14.264397046785	-1.005821529828
5000.000000000000	-14.402940497561	-1.014147799218
5000.000000000000	-14.527269984954	-1.021817775197
5000.000000000000	-14.637262810770	-1.028860450911
5000.000000000000	-14.732810425370	-1.035296309437
5000.000000000000	-14.813818534794	-1.041140730739
5000.000000000000	-14.880207193818	-1.046408934766
5000.000000000000	-14.931910884851	-1.051119619634
5000.000000000000	-14.968878582592	-1.055295550268
5000.000000000000	-14.991073804387	-1.058961330468
5000.000000000000	-14.998474646231	-1.062140125988
5000.000000000000	-14.991073804387	-1.064851299946
5000.000000000000	-14.968878582592	-1.067109843894
5000.000000000000	-14.931910884851	-1.068927044591
5000.000000000000	-14.880207193818	-1.070311082898
5000.000000000000	-14.813818534794	-1.071266692545
5000.000000000000	-14.732810425370	-1.071794189644
5000.000000000000	-14.637262810770	-1.071889127347
5000.000000000000	-14.527269984954	-1.071543709054
5000.000000000000	-14.402940497561	-1.070749875346
5000.000000000000	-14.264397046785	-1.069502496150
5000.000000000000	-14.111776358286	-1.067800494581
5000.000000000000	-13.945229050256	-1.065644639122
5000.000000000000	-13.764919484782	-1.063032770438
5000.000000000000	-13.571025605635	-1.059955110717
5000.000000000000	-13.363738762665	-1.056392689452
5000.000000000000	-13.143263522960	-1.052320314314
5000.000000000000	-12.909817468964	-1.047712722536
5000.000000000000	-12.663630983746	-1.042550279611
5000.000000000000	-12.404947023647	-1.036820425646
5000.000000000000	-12.134020878502	-1.030513378679
5000.000000000000	-11.851119919709	-1.023614173396
5000.000000000000	-11.556523336358	-1.016095758199
5000.000000000000	-11.250521859709	-1.007917759769
5000.000000000000	-10.933417476278	-0.999032400460
5000.000000000000	-10.605523129804	-0.989394587884
5000.000000000000	-10.267162412422	-0.978970111497
5000.000000000000	-9.918669245308	-0.967736325355
5000.000000000000	-9.560387549145	-0.955673804562
5000.000000000000	-9.192670904710	-0.942753048992
5000.000000000000	-8.815882203937	-0.928923992560
5000.000000000000	-8.430393291783	-0.914115288972
5000.000000000000	-8.036584599263	-0.898245033188
5000.000000000000	-7.634844768013	-0.881237525985
5000.000000000000	-7.225570266743	-0.863036104421
5000.000000000000	-6.809164999973	-0.843603119592
5000.000000000000	-6.386039909429	-0.822904900170
5000.000000000000	-5.956612568490	-0.800888525053
5000.000000000000	-5.521306770096	-0.777463155519
5000.000000000000	-5.080552108516	-0.752497462910
5000.000000000000	-4.634783555387	-0.725836097201
5000.000000000000	-4.184441030453	-0.697326433307
5000.000000000000	-3.729968967416	-0.666838792593
5000.000000000000	-3.271815875333	-0.634264572747
5000.000000000000	-2.810433895991	-0.599488175885
5000.000000000000	-2.346278357703	-0.562345379314
5000.000000000000	-1.879807325944	-0.522594053611
5000.000000000000	-1.411481151307	-0.479924658498
5000.000000000000	-0.941762015184	-0.434024671814
5000.000000000000	-0.471113473652	-0.384687439993
5000.000000000000	-0.000000000000	-0.331932289873
5000.000000000000	0.000000000000	-0.332492557710
5000.000000000000	0.471120342650	-0.276912752424
5000.000000000000	0.941775746400	-0.218902179974
5000.000000000000	1.411501731191	-0.159366156800
5000.000000000000	1.879834734185	-0.099326532116
5000.000000000000	2.346312567253	-0.039754762982
5000.000000000000	2.810474873090	0.018570623225
5000.000000000000	3.271863579540	0.075140574092
5000.000000000000	3.730023351654	0.129711028972
5000.000000000000	4.184502041051	0.182232898834
5000.000000000000	4.634851132135	0.232753393668
5000.000000000000	5.080626184723	0.281329621743
5000.000000000000	5.521387272659	0.327982228379
5000.000000000000	5.956699417962	0.372694339670
5000.000000000000	6.386133020100	0.415440460380
5000.000000000000	6.809264279955	0.456220250718
5000.000000000000	7.225675618057	0.495076005115
5000.000000000000	7.634956086691	0.532086031991
5000.000000000000	8.036701775447	0.567340820413
5000.000000000000	8.430516209834	0.600917253703
5000.000000000000	8.816010742549	0.632864896712
5000.000000000000	9.192804937032	0.663209712865
5000.000000000000	9.560526942903	0.691970254543
5000.000000000000	9.918813862937	0.719175294403
5000.000000000000	10.267312111202	0.744872803490
5000.000000000000	10.605677762000	0.769126667441
5000.000000000000	10.933576889287	0.792005164766
5000.000000000000	11.250685896210	0.813569481658
5000.000000000000	11.556691834466	0.833869334682
5000.000000000000	11.851292713137	0.852947440758
5000.000000000000	12.134197796725	0.870848736265
5000.000000000000	12.405127892066	0.887627494845
5000.000000000000	12.663815623867	0.903347267618
5000.000000000000	12.910005698569	0.918073467669
5000.000000000000	13.143455156290	0.931863233572
5000.000000000000	13.363933610600	0.944758956432
5000.000000000000	13.571223475884	0.956789572758
5000.000000000000	13.765120182070	0.967978933575
5000.000000000000	13.945432376520	0.978356242618
5000.000000000000	14.111982112867	0.987962309732
5000.000000000000	14.264605026629	0.996847864084
5000.000000000000	14.403150497416	1.005064842126
5000.000000000000	14.527481797576	1.012655607245
5000.000000000000	14.637476227125	1.019646143793
5000.000000000000	14.733025234843	1.026046886722
5000.000000000000	14.814034525393	1.031860518346
5000.000000000000	14.880424152387	1.037092345463
5000.000000000000	14.932128597277	1.041757818710
5000.000000000000	14.969096834020	1.045883760253
5000.000000000000	14.991292379429	1.049503535173
5000.000000000000	14.998693329180	1.052649507331
5000.000000000000	14.991292379429	1.055346967288
5000.000000000000	14.969096834020	1.057612103248
5000.000000000000	14.932128597277	1.059453781746
5000.000000000000	14.880424152387	1.060876763323
5000.000000000000	14.814034525393	1.061883733369
5000.000000000000	14.733025234843	1.062475076122
5000.000000000000	14.637476227125	1.062647394093
5000.000000000000	14.527481797576	1.062392858054
5000.000000000000	14.403150497416	1.061700824037
5000.000000000000	14.264605026629	1.060561285673
5000.000000000000	14.111982112867	1.058968028414
5000.000000000000	13.945432376520	1.056919111332
5000.000000000000	13.765120182070	1.054413818672
5000.000000000000	13.571223475884	1.051447556373
5000.000000000000	13.363933610600	1.048007739553
5000.000000000000	13.143455156290	1.044073364770
5000.000000000000	12.910005698569	1.039618763055
5000.000000000000	12.663815623867	1.034619324943
5000.000000000000	12.405127892066	1.029055554090
5000.000000000000	12.134197796725	1.022912691165
5000.000000000000	11.851292713137	1.016175925872
5000.000000000000	11.556691834466	1.008824160088
5000.000000000000	11.250685896210	1.000826439449
5000.000000000000	10.933576889287	0.992143624595
5000.000000000000	10.605677762000	0.982734452623
5000.000000000000	10.267312111202	0.972561996921
5000.000000000000	9.918813862937	0.961595829406
5000.000000000000	9.560526942903	0.949807653527
5000.000000000000	9.192804937032	0.937162485125
5000.000000000000	8.816010742549	0.923610900777
5000.000000000000	8.430516209834	0.909087997620
5000.000000000000	8.036701775447	0.893520971520
5000.000000000000	7.634956086691	0.876841573698
5000.000000000000	7.225675618057	0.858995631695
5000.000000000000	6.809264279955	0.839942262415
5000.000000000000	6.386133020100	0.819640790556
5000.000000000000	5.956699417962	0.798031005526
5000.000000000000	5.521387272659	0.775017682680
5000.000000000000	5.080626184723	0.750469469359
5000.000000000000	4.634851132135	0.724234769094
5000.000000000000	4.184502041051	0.696166715438
5000.000000000000	3.730023351654	0.666141806124
5000.000000000000	3.271863579540	0.634057585127
5000.000000000000	2.810474873090	0.599805143126
5000.000000000000	2.346312567253	0.563227927818
5000.000000000000	1.879834734185	0.524091326857
5000.000000000000	1.411501731191	0.482089757605
5000.000000000000	0.941775746400	0.436906177598
5000.000000000000	0.471120342650	0.388316630542
5000.000000000000	0.000000000000	0.336309231512
5000.000000000000	-0.471120342650	0.281174099524
5000.000000000000	-0.941775746400	0.223525529430
5000.000000000000	-1.411501731191	0.164239692398
5000.000000000000	-1.879834734185	0.104321790538
5000.000000000000	-2.346312567253	0.044742901047
5000.000000000000	-2.810474873090	-0.013702638369
5000.000000000000	-3.271863579540	-0.070477964231
5000.000000000000	-3.730023351654	-0.125306310465
5000.000000000000	-4.184502041051	-0.178108730246
5000.000000000000	-4.634851132135	-0.228911309401
5000.000000000000	-5.080626184723	-0.277761087441
5000.000000000000	-5.521387272659	-0.324678187415
5000.000000000000	-5.956699417962	-0.369650615393
5000.000000000000	-6.386133020100	-0.412658419613
5000.000000000000	-6.809264279955	-0.453704073169
5000.000000000000	-7.225675618057	-0.492828920521
5000.000000000000	-7.634956086691	-0.530107666234
5000.000000000000	-8.036701775447	-0.565626635751
5000.000000000000	-8.430516209834	-0.599459696219
5000.000000000000	-8.816010742549	-0.631655014130
5000.000000000000	-9.192804937032	-0.662238050983
5000.000000000000	-9.560526942903	-0.691226621783
5000.000000000000	-9.918813862937	-0.718647938272
5000.000000000000	-10.267312111202	-0.744548047310
5000.000000000000	-10.605677762000	-0.768989790861
5000.000000000000	-10.933576889287	-0.792042442347
5000.000000000000	-11.250685896210	-0.813770368731
5000.000000000000	-11.556691834466	-0.834227416769
5000.000000000000	-11.851292713137	-0.853459245157
5000.000000000000	-12.134197796725	-0.871510642673
5000.000000000000	-12.405127892066	-0.888432162029
5000.000000000000	-12.663815623867	-0.904281517104
5000.000000000000	-12.910005698569	-0.919119049022
5000.000000000000	-13.143455156290	-0.933000511536
5000.000000000000	-13.363933610600	-0.945971982783
5000.000000000000	-13.571223475883	-0.958070076739
5000.000000000000	-13.765120182070	-0.969327045227
5000.000000000000	-13.945432376520	-0.979777212886
5000.000000000000	-14.111982112867	-0.989460451659
5000.000000000000	-14.264605026629	-0.998420443508
5000.000000000000	-14.403150497416	-1.006698903491
5000.000000000000	-14.527481797576	-1.014329528945
5000.000000000000	-14.637476227125	-1.021335591382
5000.000000000000	-14.733025234843	-1.027732764700
5000.000000000000	-14.814034525393	-1.033535503889
5000.000000000000	-14.880424152387	-1.038763122350
5000.000000000000	-14.932128597277	-1.043441979979
5000.000000000000	-14.969096834020	-1.047602653498
5000.000000000000	-14.991292379429	-1.051274021310
5000.000000000000	-14.998693329180	-1.054477938388
5000.000000000000	-14.991292379429	-1.057227567658
5000.000000000000	-14.969096834020	-1.059529947411
5000.000000000000	-14.932128597277	-1.061390653456
5000.000000000000	-14.880424152387	-1.062817204726
5000.000000000000	-14.814034525393	-1.063818893818
5000.000000000000	-14.733025234843	-1.064403268421
5000.000000000000	-14.637476227125	-1.064571842257
5000.000000000000	-14.527481797576	-1.064318210200
5000.000000000000	-14.403150497416	-1.063630174553
5000.000000000000	-14.264605026629	-1.062494779635
5000.000000000000	-14.111982112867	-1.060903094816
5000.000000000000	-13.945432376520	-1.058851582829
5000.000000000000	-13.765120182070	-1.056339015489
5000.000000000000	-13.571223475884	-1.053360815268
5000.000000000000	-13.363933610600	-1.049904494327
5000.000000000000	-13.143455156290	-1.045949282885
5000.000000000000	-12.910005698569	-1.041470354086
5000.000000000000	-12.663815623867	-1.036444942610
5000.000000000000	-12.405127892066	-1.030856175115
5000.000000000000	-12.134197796725	-1.024691678925
5000.000000000000	-11.851292713137	-1.017937367402
5000.000000000000	-11.556691834466	-1.010570143343
5000.000000000000	-11.250685896210	-1.002554378875
5000.000000000000	-10.933576889287	-0.993844980153
5000.000000000000	-10.605677762000	-0.984395700409
5000.000000000000	-10.267312111202	-0.974167675653
5000.000000000000	-9.918813862937	-0.963132412246
5000.000000000000	-9.560526942903	-0.951266454174
5000.000000000000	-9.192804937032	-0.938540133373
5000.000000000000	-8.816010742549	-0.924907011118
5000.000000000000	-8.430516209834	-0.910300996886
5000.000000000000	-8.036701775447	-0.894643986360
5000.000000000000	-7.634956086691	-0.877860328183
5000.000000000000	-7.225675618057	-0.859889423627
5000.000000000000	-6.809264279955	-0.840687685986
5000.000000000000	-6.386133020100	-0.820216615874
5000.000000000000	-5.956699417962	-0.798422093542
5000.000000000000	-5.521387272659	-0.775216224852
5000.000000000000	-5.080626184723	-0.750472960884
5000.000000000000	-4.634851132135	-0.724041410142
5000.000000000000	-4.184502041051	-0.695769825467
5000.000000000000	-3.730023351654	-0.665525027882
5000.000000000000	-3.271863579540	-0.633192216169
5000.000000000000	-2.810474873090	-0.598650211177
5000.000000000000	-2.346312567253	-0.561733012190
5000.000000000000	-1.879834734185	-0.522201820530
5000.000000000000	-1.411501731191	-0.479754179661
5000.000000000000	-0.941775746400	-0.434085016120
5000.000000000000	-0.471120342650	-0.384991796424
5000.000000000000	-0.000000000000	-0.332492557710
5000.000000000000	0.000000000000	-0.330989835455
5000.000000000000	0.471160192967	-0.275710237058
5000.000000000000	0.941855407708	-0.217999616855
5000.000000000000	1.411621124873	-0.158769710550
5000.000000000000	1.879993742415	-0.099045189059
5000.000000000000	2.346511033107	-0.039795197956
5000.000000000000	2.810712600708	0.018207782588
5000.000000000000	3.272140334313	0.074460986164
5000.000000000000	3.730338860458	0.128723281662
5000.000000000000	4.184855992517	0.180943513865
5000.000000000000	4.635243176956	0.231163111145
5000.000000000000	5.081055935998	0.279433213004
5000.000000000000	5.521854306275	0.325772135016
5000.000000000000	5.957203273013	0.370166273631
5000.000000000000	6.386673199343	0.412597918747
5000.000000000000	6.809840250297	0.453075368805
5000.000000000000	7.226286811087	0.491646067401
5000.000000000000	7.635601899233	0.528387276287
5000.000000000000	8.037381570163	0.563382659918
5000.000000000000	8.431229315848	0.596699890420
5000.000000000000	8.816756456113	0.628381569267
5000.000000000000	9.193582522215	0.658452420788
5000.000000000000	9.561335632323	0.686936001357
5000.000000000000	9.919652858515	0.713869647633
5000.000000000000	10.268180584951	0.739309007183
5000.000000000000	10.606574856841	0.763320893375
5000.000000000000	10.934501719896	0.785970502138
5000.000000000000	11.251637549891	0.807311878752
5000.000000000000	11.557669372051	0.827387610770
5000.000000000000	11.852295169915	0.846237285815
5000.000000000000	12.135224183391	0.863908496124
5000.000000000000	12.406177195702	0.880462628852
5000.000000000000	12.664886808936	0.895971131723
5000.000000000000	12.911097707940	0.910504080973
5000.000000000000	13.144566912283	0.924117833811
5000.000000000000	13.365064016045	0.936849282073
5000.000000000000	13.572371415208	0.948720333135
5000.000000000000	13.766284522396	0.959750129938
5000.000000000000	13.946611968784	0.969967883107
5000.000000000000	14.113175792954	0.979418784856
5000.000000000000	14.265811616520	0.988159507589
5000.000000000000	14.404368806354	0.996245838179
5000.000000000000	14.528710623236	1.003719502481
5000.000000000000	14.638714356805	1.010601611972
5000.000000000000	14.734271446657	1.016896294930
5000.000000000000	14.815287589482	1.022602298624
5000.000000000000	14.881682832128	1.027726029838
5000.000000000000	14.933391650505	1.032289037477
5000.000000000000	14.970363014254	1.036326413194
5000.000000000000	14.992560437101	1.039877805710
5000.000000000000	14.999962012871	1.042976628947
5000.000000000000	14.992560437101	1.045643455095
5000.000000000000	14.970363014254	1.047886531707
5000.000000000000	14.933391650505	1.049707888136
5000.000000000000	14.881682832128	1.051110357225
5000.000000000000	14.815287589482	1.052100822073
5000.000000000000	14.734271446657	1.052687899840
5000.000000000000	14.638714356805	1.052876115519
5000.000000000000	14.528710623236	1.052660934390
5000.000000000000	14.404368806354	1.052028400301
5000.000000000000	14.265811616520	1.050960048412
5000.000000000000	14.113175792954	1.049440243996
5000.000000000000	13.946611968784	1.047461401930
5000.000000000000	13.766284522396	1.045023742128
5000.000000000000	13.572371415208	1.042129571448
5000.000000000000	13.365064016045	1.038775448710
5000.000000000000	13.144566912283	1.034946874821
5000.000000000000	12.911097707940	1.030618560949
5000.000000000000	12.664886808936	1.025759878830
5000.000000000000	12.406177195702	1.020341962061
5000.000000000000	12.135224183391	1.014342061922
5000.000000000000	11.852295169915	1.007742669098
5000.000000000000	11.557669372051	1.000526329406
5000.000000000000	11.251637549891	0.992669787141
5000.000000000000	10.934501719896	0.984141335460
5000.000000000000	10.606574856841	0.974902900958
5000.000000000000	10.268180584951	0.964915020801
5000.000000000000	9.919652858515	0.954140775620
5000.000000000000	9.561335632323	0.942545410192
5000.000000000000	9.193582522215	0.930091461749
5000.000000000000	8.816756456113	0.916732678788
5000.000000000000	8.431229315848	0.902411391889
5000.000000000000	8.037381570163	0.887062067996
5000.000000000000	7.635601899233	0.870619506269
5000.000000000000	7.226286811087	0.853026241561
5000.000000000000	6.809840250297	0.834233039541
5000.000000000000	6.386673199343	0.814189918872
5000.000000000000	5.957203273013	0.792831199564
5000.000000000000	5.521854306275	0.770062940617
5000.000000000000	5.081055935998	0.745761251728
5000.000000000000	4.635243176956	0.719784327821
5000.000000000000	4.184855992517	0.691992255968
5000.000000000000	3.730338860458	0.662261844661
5000.000000000000	3.272140334313	0.630483850056
5000.000000000000	2.810712600708	0.596538613349
5000.000000000000	2.346511033107	0.560259974084
5000.000000000000	1.879993742415	0.521409289862
5000.000000000000	1.411621124873	0.479684051398
5000.000000000000	0.941855407708	0.434775323845
5000.000000000000	0.471160192967	0.386467840055
5000.000000000000	0.000000000000	0.334754572500
5000.000000000000	-0.471160192967	0.279924607953
5000.000000000000	-0.941855407708	0.222586585982
5000.000000000000	-1.411621124873	0.163610121294
5000.000000000000	-1.879993742415	0.103996943281
5000.000000000000	-2.346511033107	0.044719704882
5000.000000000000	-2.810712600708	-0.013421792817
5000.000000000000	-3.272140334313	-0.069884939936
5000.000000000000	-3.730338860458	-0.124390905301
5000.000000000000	-4.184855992517	-0.176864362243
5000.000000000000	-4.635243176956	-0.227339494969
5000.000000000000	-5.081055935998	-0.275872042999
5000.000000000000	-5.521854306275	-0.322486952769
5000.000000000000	-5.957203273013	-0.367170573626
5000.000000000000	-6.386673199343	-0.409895608636
5000.000000000000	-6.809840250297	-0.450655385592
5000.000000000000	-7.226286811087	-0.489485290421
5000.000000000000	-7.635601899233	-0.526460694807
5000.000000000000	-8.037381570163	-0.561675234499
5000.000000000000	-8.431229315848	-0.595213250386
5000.000000000000	-8.816756456113	-0.627131356681
5000.000000000000	-9.193582522215	-0.657457251417
5000.000000000000	-9.561335632323	-0.686203791455
5000.000000000000	-9.919652858515	-0.713388760877
5000.000000000000	-10.268180584951	-0.739049287656
5000.000000000000	-10.606574856841	-0.763244396113
5000.000000000000	-10.934501719896	-0.786046439478
5000.000000000000	-11.251637549891	-0.807527865301
5000.000000000000	-11.557669372051	-0.827751096872
5000.000000000000	-11.852295169915	-0.846766218446
5000.000000000000	-12.135224183391	-0.864616012324
5000.000000000000	-12.406177195702	-0.881343874483
5000.000000000000	-12.664886808936	-0.896999307755
5000.000000000000	-12.911097707940	-0.911638027388
5000.000000000000	-13.144566912283	-0.925317383934
5000.000000000000	-13.365064016045	-0.938090479555
5000.000000000000	-13.572371415208	-0.950002609852
5000.000000000000	-13.766284522396	-0.961091711132
5000.000000000000	-13.946611968784	-0.971391825033
5000.000000000000	-14.113175792954	-0.980936925865
5000.000000000000	-14.265811616520	-0.989762666701
5000.000000000000	-14.404368806354	-0.997905294277
5000.000000000000	-14.528710623236	-1.005398897848
5000.000000000000	-14.638714356805	-1.012273055869
5000.000000000000	-14.734271446657	-1.018552392978
5000.000000000000	-14.815287589482	-1.024258111161
5000.000000000000	-14.881682832128	-1.029410282560
5000.000000000000	-14.933391650505	-1.034029411435
5000.000000000000	-14.970363014254	-1.038136540846
5000.000000000000	-14.992560437101	-1.041752313204
5000.000000000000	-14.999962012871	-1.044896017721
5000.000000000000	-14.992560437101	-1.047585347226
5000.000000000000	-14.970363014254	-1.049836661266
5000.000000000000	-14.933391650505	-1.051664818785
5000.000000000000	-14.881682832128	-1.053081779090
5000.000000000000	-14.815287589482	-1.054094184805
5000.000000000000	-14.734271446657	-1.054701316913
5000.000000000000	-14.638714356805	-1.054895184296
5000.000000000000	-14.528710623236	-1.054663576988
5000.000000000000	-14.404368806354	-1.053995080594
5000.000000000000	-14.265811616520	-1.052883469236
5000.000000000000	-14.113175792954	-1.051328739980
5000.000000000000	-13.946611968784	-1.049333693871
5000.000000000000	-13.766284522396	-1.046897602788
5000.000000000000	-13.572371415208	-1.044010533166
5000.000000000000	-13.365064016045	-1.040651911786
5000.000000000000	-13.144566912283	-1.036794641590
5000.000000000000	-12.911097707940	-1.032412693581
5000.000000000000	-12.664886808936	-1.027487658307
5000.000000000000	-12.406177195702	-1.022009909494
5000.000000000000	-12.135224183391	-1.015972995376
5000.000000000000	-11.852295169915	-1.009364044279
5000.000000000000	-11.557669372051	-1.002155822832
5000.000000000000	-11.251637549891	-0.994305660154
5000.000000000000	-10.934501719896	-0.985762663723
5000.000000000000	-10.606574856841	-0.976479536473
5000.000000000000	-10.268180584951	-0.966421949688
5000.000000000000	-9.919652858515	-0.955569142898
5000.000000000000	-9.561335632323	-0.943904211556
5000.000000000000	-9.193582522215	-0.931398855907
5000.000000000000	-8.816756456113	-0.918001422355
5000.000000000000	-8.431229315848	-0.903636083420
5000.000000000000	-8.037381570163	-0.888215007120
5000.000000000000	-7.635601899233	-0.871657495394
5000.000000000000	-7.226286811087	-0.853904962873
5000.000000000000	-6.809840250297	-0.834921743932
5000.000000000000	-6.386673199343	-0.814679098235
5000.000000000000	-5.957203273013	-0.793129651372
5000.000000000000	-5.521854306275	-0.770186123081
5000.000000000000	-5.081055935998	-0.745717123996
5000.000000000000	-4.635243176956	-0.719563732778
5000.000000000000	-4.184855992517	-0.691568000010
5000.000000000000	-3.730338860458	-0.661595684105
5000.000000000000	-3.272140334313	-0.629536414953
5000.000000000000	-2.810712600708	-0.595276212657
5000.000000000000	-2.346511033107	-0.558654784667
5000.000000000000	-1.879993742415	-0.519434107417
5000.000000000000	-1.411621124873	-0.477306813292
5000.000000000000	-0.941855407708	-0.431959552890
5000.000000000000	-0.471160192967	-0.383182259647
5000.000000000000	-0.000000000000	-0.330989835455
